"–ü–∞—Ä–∫-–æ—Ç–µ–ª—å ""–ê—è"" Aya Park Hotel",https://www.tripadvisor.ru/Hotel_Review-g4677719-d4651287-Reviews-Aya_Park_Hotel-Katun_Altai_Krai_Siberian_District.html,"—É–ª. –ù–∞–≥–æ—Ä–Ω–∞—è, 1, –ö–∞—Ç—É–Ω—å 659635 –†–æ—Å—Å–∏—è",–û—Ç–µ–ª–∏,,–û—Ç–µ–ª–∏,150,–û—Ç–∑—ã–≤,"–û—Ç–¥—ã—Ö–∞–ª–∏ –≤ –±—É–Ω–≥–∞–ª–æ —Å 25 08 22 –ù–∞—à –±—É–Ω–≥–∞–ª–æ –±—ã–ª –∑–∞–Ω—è—Ç(–ø–æ—á–µ–º—É-—Ç–æ ?).–ó–∞—Å–µ–ª–∏–ª–∏ –≤ –¥—Ä—É–≥–æ–π.–ü—Ä–∏–µ–∑–∂–∞–µ—à—å –æ—Ç–¥–æ—Ö–Ω—É—Ç—å –æ—Ç –≥–æ—Ä–æ–¥—Å–∫–æ–≥–æ —à—É–º–∞,–Ω–æ –Ω–µ —Ç—É—Ç —Ç–æ –±—ã–ª–æ!–ú—É–∑—ã–∫–∞ —Ç–∞–∫ –≥—Ä–æ–º—ã—Ö–∞–µ—Ç,—á—Ç–æ —Å–ø–∞—Ç—å –Ω–µ –≤–æ–∑–º–æ–∂–Ω–æ!–°—É—â–µ—Å—Ç–≤—É—é—Ç –∂–µ –∫–∞–∫–∏–µ-—Ç–æ –Ω–æ—Ä–º—ã –ø—Ä–∏–ª–∏—á–∏—è?!–î–æ 5 —É—Ç—Ä–∞-—ç—Ç–æ –ø–µ—Ä–µ–±–æ—Ä.–ü–æ—á–µ–º—É –∞–¥–º–∏–Ω–∏—Å—Ç—Ä–∞—Ü–∏—è –Ω–µ –æ–≥–æ–≤–∞—Ä–∏–≤–∞–µ—Ç,—á—Ç–æ–±—ã –≥–æ—Å—Ç–∏ —Å–æ–±–ª—é–¥–∞–ª–∏ –Ω–æ—Ä–º—ã –ø—Ä–∏–ª–∏—á–∏—è –∏ —Ç–∏—à–∏–Ω—ã! –•–æ—Ç–µ–ª–æ—Å—å –±—ã —É—Å–ª—ã—à–∞—Ç—å –æ—Ç–≤–µ—Ç.",,3,–∞–≤–≥—É—Å—Ç 2022 –≥.,–æ—Ç–∑—ã–≤ –∞–≤–≥. 2022,0,–ù–µ–ª–ª–∏ –ì,https://www.tripadvisor.ru/Profile/E869KQ_,0,0,1,0,0,1,,–∞–≤–≥. 2022 –≥.
"–ü–∞—Ä–∫-–æ—Ç–µ–ª—å ""–ê—è"" Aya Park Hotel",https://www.tripadvisor.ru/Hotel_Review-g4677719-d4651287-Reviews-Aya_Park_Hotel-Katun_Altai_Krai_Siberian_District.html,"—É–ª. –ù–∞–≥–æ—Ä–Ω–∞—è, 1, –ö–∞—Ç—É–Ω—å 659635 –†–æ—Å—Å–∏—è",–û—Ç–µ–ª–∏,,–û—Ç–µ–ª–∏,150,"–û—á–µ–Ω—å –ø–æ–Ω—Ä–∞–≤–∏–ª–æ—Å—å, –≤–µ—Ä–Ω—ë–º—Å—è –µ—â—ë.","–û—Ç–¥—ã—Ö–∞–ª–∏ –≤ –ø–∞—Ä–∫ –æ—Ç–µ–ª–µ –≤ 2020 –≥–æ–¥—É –∏ —Å—Ä–∞–∑—É –ø–æ–Ω—è–ª–∏, —á—Ç–æ –≤–µ—Ä–Ω—ë–º—Å—è –µ—â—ë. –ù–∞–º –æ—á–µ–Ω—å –Ω—Ä–∞–≤–∏—Ç—Å—è —ç—Ç–æ –º–µ—Å—Ç–æ. –ì–û–°–¢–ò–ù–ò–¶–ê –ü—Ä–æ–∂–∏–≤–∞–ª–∏ –≤ –≥–æ—Å—Ç–∏–Ω–∏—Ü–µ –Æ–≥–æ—Å–ª–∞–≤—Å–∫–∞—è. –í —ç—Ç–æ–º –≥–æ–¥—É —Å–¥–µ–ª–∞–ª–∏ —Ä–µ–º–æ–Ω—Ç, —Ö–æ—Ç—è –∏ –¥–æ —ç—Ç–æ–≥–æ —Ç–∞–º –±—ã–ª–æ –ø—Ä–∏–ª–∏—á–Ω–æ. –ü–æ—Å—Ç–µ–ª—å–Ω–æ–µ, —Ö–∞–ª–∞—Ç—ã, –ø–æ–ª–æ—Ç–µ–Ω—Ü–∞ - –≤ –∏–¥–µ–∞–ª—å–Ω–æ–º —Å–æ—Å—Ç–æ—è–Ω–∏–∏, –∫–∞–∫ –±—É–¥—Ç–æ –º—ã –ø–µ—Ä–≤—ã–µ –∏–º–∏ –ø–æ–ª—å–∑–æ–≤–∞–ª–∏—Å—å. –ù–æ–º–µ—Ä –Ω–µ –±–æ–ª—å—à–æ–π, –Ω–æ —É—é—Ç–Ω—ã–π. –†–∞–¥—É–µ—Ç –Ω–∞–ª–∏—á–∏–µ –∏ –ø—Ä–æ—Å—Ç—Ä–∞–Ω—Å—Ç–≤–æ –±–∞–ª–∫–æ–Ω–æ–≤. –ó–ê–í–¢–†–ê–ö–ò –ó–∞–≤—Ç—Ä–∞–∫–∏ –∑–∞–º–µ—á–∞—Ç–µ–ª—å–Ω—ã–µ (–Ω–∞ –ª—é–±–æ–π –≤–∫—É—Å), –≥–æ—Ä—è—á–∞—è –≤—ã–ø–µ—á–∫–∞, –±–ª–∏–Ω—á–∏–∫–∏, –æ–º–ª–µ—Ç, –∫–∞—à–∏, –º–æ–ª–æ—á–Ω–∞—è –ø—Ä–æ–¥—É–∫—Ü–∏—è, —Ñ—Ä—É–∫—Ç—ã, –æ–≤–æ—â–∏, –∫–æ—Ñ–µ –∏ —Ç.–¥. –í—Ä–µ–º—è –¥–ª—è –∑–∞–≤—Ç—Ä–∞–∫–∞ –ø—Ä–µ–¥–æ—Å—Ç–∞—Ç–æ—á–Ω–æ, —ç—Ç–æ –∞–∫—Ç—É–∞–ª—å–Ω–æ –¥–ª—è —Ç–µ—Ö, –∫—Ç–æ –ª—é–±–∏—Ç –ø–æ—Å–ø–∞—Ç—å. –ë–ê–°–°–ï–ô–ù –≠—Ç–æ –æ—Ç–¥–µ–ª—å–Ω—ã–π –ø–ª—é—Å –¥–∞–Ω–Ω–æ–≥–æ –æ—Ç–µ–ª—è, —Ç–æ —á—Ç–æ –æ–Ω —Ä–∞–∑–¥–µ–ª–µ–Ω –Ω–∞ –∑–æ–Ω—ã. –ü–æ–¥–æ–≥—Ä–µ–≤ –∏ –º–µ–ª–∫–∞—è –≥–ª—É–±–∏–Ω–∞ –±–∞—Å—Å–µ–π–Ω–∞ –¥–ª—è –º–∞–ª—ã—à–µ–π –æ—á–µ–Ω—å —Ä–∞–¥—É–µ—Ç. –ù–∞—à —Å—ã–Ω 4-—Ö –ª–µ—Ç –≤–æ–æ–±—â–µ –Ω–µ –≤—ã–ª–∞–∑–∏–ª –æ—Ç —Ç—É–¥–∞ –ø–æ—Å–∫–æ–ª—å–∫—É –≤–æ–¥–∞ –∫–æ–º—Ñ–æ—Ä—Ç–Ω–∞—è. –•–æ—Ç–µ–ª–æ—Å—å –±—ã,—á—Ç–æ–± –≤–æ–¥–∞ –≤ –¥—Ä—É–≥–∏—Ö –±–∞—Å—Å–µ–π–Ω–∞—Ö —Ç–æ–∂–µ –ø–æ–¥–æ–≥—Ä–µ–≤–∞–ª–∞—Å—å. –®–µ–∑–ª–æ–Ω–≥–∏, –∑–æ–Ω—Ç–∏–∫–∏ –≤—Å–µ–≥–¥–∞ –µ—Å—Ç—å –≤ –Ω–∞–ª–∏—á–∏–∏. –í –æ–±—â–µ–º –Ω–∞–º –≤—Å—ë –ø–æ–Ω—Ä–∞–≤–∏–ª–æ—Å—å. –¢–µ—Ä—Ä–∏—Ç–æ—Ä–∏—è, –ø—Ä–∏–≤–µ—Ç–ª–∏–≤—ã–π –ø–µ—Ä—Å–æ–Ω–∞–ª, –∫–æ–Ω—Ç–µ–Ω–≥–µ–Ω—Ç –≥–æ—Å—Ç–µ–π.  –ò–∑ –º–∏–Ω—É—Å–æ–≤: –û—Ç—Å—É—Ç—Å—Ç–≤–∏–µ —Å—É—à–∏–ª–æ–∫ (–º–æ–∂–Ω–æ –Ω–∞ –±–∞–ª–∫–æ–Ω–µ –ø–æ—Ç–æ–ª–æ—á–Ω—ã–µ —Å–¥–µ–ª–∞—Ç—å) –û—Ç—Å—É—Ç—Å—Ç–≤–∏–µ –ø–∏—Ç—å–µ–≤–æ–π –≤–æ–¥—ã",,5,–∞–≤–≥—É—Å—Ç 2022 –≥.,–æ—Ç–∑—ã–≤ –∞–≤–≥. 2022,0,–í–µ—Ä–∞ –û,https://www.tripadvisor.ru/Profile/VeraOgon,0,0,1,0,0,1,,–∞–≤–≥. 2022 –≥.
"–ü–∞—Ä–∫-–æ—Ç–µ–ª—å ""–ê—è"" Aya Park Hotel",https://www.tripadvisor.ru/Hotel_Review-g4677719-d4651287-Reviews-Aya_Park_Hotel-Katun_Altai_Krai_Siberian_District.html,"—É–ª. –ù–∞–≥–æ—Ä–Ω–∞—è, 1, –ö–∞—Ç—É–Ω—å 659635 –†–æ—Å—Å–∏—è",–û—Ç–µ–ª–∏,,–û—Ç–µ–ª–∏,150,–í—Å–µ –æ—á–µ–Ω—å –ø–æ–Ω—Ä–∞–≤–∏–ª–æ—Å—å,"–ë—ã–ª–∏ —Ç–∞–º –Ω–∞ –∫–æ–Ω—Ñ–µ—Ä–µ–Ω—Ü–∏–∏. –û—Ç–∑—ã–≤—á–∏–≤—ã–π –ø–µ—Ä—Å–æ–Ω–∞–ª, –±–æ–ª—å—à–∞—è —Ç–µ—Ä—Ä–∏—Ç–æ—Ä–∏—è, –æ—Ç–ª–∏—á–Ω—ã–π –±–∞—Å—Å–µ–π–Ω. –û—á–µ–Ω—å –∫—Ä–∞—Å–∏–≤–∞—è –ø—Ä–∏—Ä–æ–¥–∞. –ù–∞ —Ç–µ—Ä—Ä–∏—Ç–æ—Ä–∏–∏ –±–µ–≥–∞—é—Ç –ø–æ—á—Ç–∏ —Ä—É—á–Ω—ã–µ –∫—Ä–æ–ª–∏–∫–∏ –∏ —Å—É—Å–ª–∏–∫–∏. –ü—Ä–µ–∫—Ä–∞—Å–Ω–æ–µ –æ–∑–µ—Ä–æ —Å –∫–∞—Ç–∞–º–∞—Ä–∞–Ω–∞–º–∏ –∏ SAP–∞–º–∏",,5,–∞–≤–≥—É—Å—Ç 2022 –≥.,–æ—Ç–∑—ã–≤ –∞–≤–≥. 2022,0,Andrey P,https://www.tripadvisor.ru/Profile/X2210PEandreyp,0,0,5,6,2,1,,–º–∞–π 2022 –≥.
"–ü–∞—Ä–∫-–æ—Ç–µ–ª—å ""–ê—è"" Aya Park Hotel",https://www.tripadvisor.ru/Hotel_Review-g4677719-d4651287-Reviews-Aya_Park_Hotel-Katun_Altai_Krai_Siberian_District.html,"—É–ª. –ù–∞–≥–æ—Ä–Ω–∞—è, 1, –ö–∞—Ç—É–Ω—å 659635 –†–æ—Å—Å–∏—è",–û—Ç–µ–ª–∏,,–û—Ç–µ–ª–∏,150,–ü–∞—Ä–∫ –æ—Ç–µ–ª—å –ê—è,"–û—Ç–¥—ã—Ö–∞–ª–∏ –≤ –Æ–≥–æ—Å–ª–∞–≤—Å–∫–æ–º, –∑–∞–±—Ä–æ–Ω–∏—Ä–æ–≤–∞–ª–∏ –ø–æ–∑–¥–Ω–æ –≤–µ—á–µ—Ä–æ–º –ª—é–∫—Å –Ω–∞ 4 —ç—Ç–∞–∂–µ –Ω–æ–º–µ—Ä 405. –í–æ-–ø–µ—Ä–≤—ã—Ö, –±–∞–ª–∫–æ–Ω—ã –Ω–∞–ø—Ä–æ—á—å –∑–∞–∫–ª–µ–µ–Ω—ã –ø–ª–µ–Ω–∫–æ–π, —Ç–∫ –∏–¥–µ—Ç —Ä–µ–º–æ–Ω—Ç —Ñ–∞—Å–∞–¥–∞ –∑–¥–∞–Ω–∏—è, –ø—Ä–∏—à–ª–æ—Å—å –æ–±–æ—Ä–≤–∞—Ç—å –ø–ª–µ–Ω–∫—É –¥—É—Ö–æ—Ç–∞ –Ω–µ–≤–æ–∑–º–æ–∂–Ω–∞—è, –≤–æ-–≤—Ç–æ—Ä—ã—Ö, –≤ –ª—é–∫—Å–µ –Ω–µ –±—ã–ª–æ –±—É—Ç–∏–ª–∏—Ä–æ–≤–∞–Ω–Ω–æ–π –≤–æ–¥—ã –∏ –∑—É–±–Ω—ã—Ö —â–µ—Ç–æ–∫!!! –í –≤–∞–Ω–Ω–æ–π –∑–∞—Å–æ—Ä–µ–Ω–∞ —Ä–∞–∫–æ–≤–∏–Ω–∞, –∞ –≤ –¥—É—à–µ–≤–æ–π –æ—Ç—Å—É—Ç—Å—Ç–≤—É—é—Ç –ø–æ–ª–∫–∏, –Ω–µ–∫—É–¥–∞ –ø–æ–ª–æ–∂–∏—Ç—å –º—ã–ª–æ –∏ —à–∞–º–ø—É–Ω—å!!! –ù–∞ –∑–∞–≤—Ç—Ä–∞–∫–∞—Ö –Ω–µ –±—ã–ª–æ —Å—Ç–µ–∫–ª—è–Ω–Ω—ã—Ö –∫—Ä—É–∂–µ–∫ –¥–ª—è –∫–æ—Ñ–µ, –ø—Ä–µ–¥–ª–∞–≥–∞–ª–∏ –≤–æ—Å–ø–æ–ª—å–∑–æ–≤–∞—Ç—å—Å—è –ø–ª–∞—Å—Ç–∏–∫–æ–≤—ã–º–∏...–æ—Ç—Å—Ç–æ–π! –ß–µ—Ç—ã—Ä–µ –∑–≤–µ–∑–¥—ã —è–≤–Ω–æ –Ω–µ —Å—Ç–æ–∏—Ç, –º–∞–∫—Å–∏–º—É–º –¥–≤–µ, –∫—Ç–æ —Å–µ–±—è –Ω–µ –ª—é–±–∏—Ç —Ç–µ–º —Å—é–¥–∞((",,2,–∞–≤–≥—É—Å—Ç 2022 –≥.,–∞–≤–≥. 2022 –≥.,0,–õ–∏–ª–∏—è,https://www.tripadvisor.ru/Profile/_O7469AV,0,0,1,0,0,1,"–ù–æ–≤–æ—Å–∏–±–∏—Ä—Å–∫, –†–æ—Å—Å–∏—è",–∞–≤–≥. 2022 –≥.
"–ü–∞—Ä–∫-–æ—Ç–µ–ª—å ""–ê—è"" Aya Park Hotel",https://www.tripadvisor.ru/Hotel_Review-g4677719-d4651287-Reviews-Aya_Park_Hotel-Katun_Altai_Krai_Siberian_District.html,"—É–ª. –ù–∞–≥–æ—Ä–Ω–∞—è, 1, –ö–∞—Ç—É–Ω—å 659635 –†–æ—Å—Å–∏—è",–û—Ç–µ–ª–∏,,–û—Ç–µ–ª–∏,150,–í —Ü–µ–ª–æ–º –Ω–æ—Ä–º–∞–ª—å–Ω–æ,"–û—Ç–¥—ã—Ö–∞–ª–∏ –≤ 9 –∫–æ—Ç—Ç–µ–¥–∂–µ, –Ω–æ–º–µ—Ä 903. –ù–æ–º–µ—Ä –Ω–æ—Ä–º–∞–ª—å–Ω—ã–π, –µ—Å—Ç—å —Ö–æ–ª–æ–¥–∏–ª—å–Ω–∏–∫, —á–∞–π–Ω–∏–∫, —Ç–µ–ª–µ–≤–∏–∑–æ—Ä. –ü–æ—á–µ–º—É-—Ç–æ –∏–º–µ–Ω–Ω–æ –≤ —ç—Ç–æ–º –Ω–æ–º–µ—Ä–µ –±—ã–ª–∏ –≥–æ–ª—ã–µ —Å—Ç–µ–Ω—ã, —Ö–æ—Ç—è –≤ –¥—Ä—É–≥–∏—Ö –¥–µ–∫–æ—Ä–∞—Ç–∏–≤–Ω–∞—è —à—Ç—É–∫–∞—Ç—É—Ä–∫–∞. –¢–µ—Ä—Ä–∏—Ç–æ—Ä–∏—è –æ—Ç–µ–ª—è —É—Ö–æ–∂–µ–Ω–Ω–∞—è, —á–∏—Å—Ç–∞—è, –µ—Å—Ç—å –∫—É—á–∞ –ø–ª–∞—Ç–Ω—ã—Ö —Ä–∞–∑–≤–ª–µ—á–µ–Ω–∏–π –û—Ç–¥–µ–ª—å–Ω–æ —Ö–æ—á–µ—Ç—Å—è –æ—Ç–º–µ—Ç–∏—Ç—å –∑–∞–≤—Ç—Ä–∞–∫–∏, –æ—á–µ–Ω—å –±–æ–ª—å—à–æ–π –≤—ã–±–æ—Ä –±–ª—é–¥, –Ω–∞ –ª—é–±–æ–π –≤–∫—É—Å. –ö –±–æ–ª—å—à–æ–º—É –º–∏–Ω—É—Å—É —Ö–æ—á–µ—Ç—Å—è –æ—Ç–Ω–µ—Å—Ç–∏ –æ—Ç—Å—É—Ç—Å–≤–∏–µ —ç–ª–µ–º–µ–Ω—Ç–∞—Ä–Ω–æ–≥–æ –∏–≥—Ä–æ–≤–æ–≥–æ –∫–æ–º–ø–ª–µ–∫—Å–∞: –≥–æ—Ä–∫–∏, –∫–∞—á–µ–ª–∏, –ø–µ—Å–æ—á–Ω–∏—Ü–∞. –ê –µ—Å–ª–∏ –±—ã—Ç—å —Ç–æ—á–Ω–µ, —Ç–æ —Ä–∞–Ω–µ–µ –æ–Ω –±—ã–ª, –Ω–æ —Ç–µ–ø–µ—Ä—å –µ–≥–æ –ø–µ—Ä–µ–Ω–µ—Å–ª–∏ –≤ –ø–∞—Ä–∫ –∞—Ç—Ç—Ä–∞–∫—Ü–∏–æ–Ω–æ–≤ –∏ —Å–¥–µ–ª–∞–ª–∏ –ø–ª–∞—Ç–Ω—ã–º, 300 —Ä –∑–∞ 30 –º–∏–Ω—É—Ç. –í–∏—à–µ–Ω–∫–∞ –Ω–∞ —Ç–æ—Ä—Ç–µ –∏–≥—Ä–æ–≤–∞—è –≤ —Ä–µ—Å—Ç–æ—Ä–∞–Ω–µ –ì—Ä–∞–∞–ª—å, —É–∂–∞—Å–Ω–æ –≥—Ä—è–∑–Ω–∞—è. –ò–≥—Ä—É—à–µ–∫ –∫–∞–∫ —Ç–∞–∫–æ–≤—ã—Ö –Ω–µ—Ç, –≤—Å–µ —á—Ç–æ –∏–º–µ–µ—Ç—Å—è —Ç–æ –∫–∞—Ä–∞–Ω–¥–∞—à–∏ —Å –ª–∏—Å—Ç–∫–∞–º–∏, –∫–æ–Ω—Å—Ç—Ä—É–∫—Ç–æ—Ä –∏ –±–æ–ª—å—à–∏–µ –∫—É–±–∏–∫–∏. –ù–µ—É–∂–µ–ª–∏ –Ω–µ–ª—å–∑—è –æ–±—É—Å—Ç—Ä–æ–∏—Ç—å —Ö–æ—Ç—å –∫–∞–∫–∏–µ-—Ç–æ –±–µ—Å–ø–ª–∞—Ç–Ω—ã–µ –∑–æ–Ω—ã –¥–ª—è –¥–µ—Ç–µ–π, –≤–µ–¥—å –∫–∞–∂–¥–∞—è –≤—Ç–æ—Ä–∞—è —Å–µ–º—å—è –ø—Ä–∏–µ–∑–∂–∞–µ—Ç –∫ –≤–∞–º —Å –¥–µ—Ç—å–º–∏",,3,–∏—é–ª—å 2022 –≥.,–∏—é–ª—å 2022 –≥.,1,Yankasind,https://www.tripadvisor.ru/Profile/Yankasind,0,0,5,1,0,2,,–∞–≤–≥. 2016 –≥.
"–ü–∞—Ä–∫-–æ—Ç–µ–ª—å ""–ê—è"" Aya Park Hotel",https://www.tripadvisor.ru/Hotel_Review-g4677719-d4651287-Reviews-Aya_Park_Hotel-Katun_Altai_Krai_Siberian_District.html,"—É–ª. –ù–∞–≥–æ—Ä–Ω–∞—è, 1, –ö–∞—Ç—É–Ω—å 659635 –†–æ—Å—Å–∏—è",–û—Ç–µ–ª–∏,,–û—Ç–µ–ª–∏,150,–í–ø–µ—á–∞—Ç–ª–µ–Ω–∏–µ –∏—Å–ø–æ—Ä—á–µ–Ω–æ,"–ü–æ—Å–µ—Ç–∏–ª–∏ —Å –¥–µ–≤–æ—á–∫–∞–º–∏ –ø–∞—Ä–∫ 10.07.2022–≥. –ü–µ—Ä–≤–æ–µ –≤–ø–µ—á–∞—Ç–ª–µ–Ω–∏–µ –æ—Ç —Ç–µ—Ä—Ä–∏—Ç–æ—Ä–∏–∏ –ø–æ–ª–æ–∂–∏—Ç–µ–ª—å–Ω–æ–µ, –µ—Å—Ç—å —Ö–æ—Ä–æ—à–∏–µ –ª–æ–∫–∞—Ü–∏–∏ –¥–ª—è —Ñ–æ—Ç–æ. –ù–æ....  –≤ –≤–æ–¥–µ –≤–æ –≤—Ä–µ–º—è —Ñ–æ—Ç–æ—Å–µ—Å—Å–∏–∏ —è –Ω–∞—Å—Ç—É–ø–∏–ª–∞ –Ω–∞ —Ä–∞–∑–±–∏—Ç—É—é –±—É—Ç—ã–ª–∫—É –∏ —Å–∏–ª—å–Ω–æ –ø–æ—Ä–µ–∑–∞–ª–∞ –Ω–æ–≥—É. –ù–∞ –ø–æ–º–æ—â—å –Ω–µ —Ç–æ—Ä–æ–ø—è—Å—å –ø—Ä–∏—à–ª–∞ –¥–µ–≤—É—à–∫–∞. (–û–¥–Ω–∞ –Ω–µ–∫–≤–∞–ª–∏—Ñ–∏—Ü–∏—Ä–æ–≤–∞–Ω–Ω—ã–π –º–µ–¥—Å–µ—Å—Ç—Ä–∞ –Ω–∞ –≤—Å—é —Ç–µ—Ä—Ä–∏—Ç–æ—Ä–∏—é).  –°–∫–æ—Ä—É –∂–¥–∞–ª–∏ —á–∞—Å. –ü–µ—Ä—Å–æ–Ω–∞–ª –ø—ã—Ç–∞–ª—Å—è –º–µ–Ω—è —É–±–µ–¥–∏—Ç—å, —á—Ç–æ —è –Ω–æ–≥—É –ø–æ—Ä–µ–∑–∞–ª–∞ –æ –∫–∞–º–Ω–∏. –ò —è–∫–æ–±—ã –º—É–∂—á–∏–Ω–∞ –Ω–µ–¥–∞–≤–Ω–æ —Ç–æ–∂–µ —Ç–∞–º –Ω–æ–≥—É –ø–æ—Ä–µ–∑–∞–ª. –í –∏—Ç–æ–≥–µ –ø–æ–∫–∞ –∂–¥–∞–ª–∏, –¥–µ–≤–æ—á–∫–∏ –¥–æ—Å—Ç–∞–ª–∏ –æ—Ç–¥—É–¥–∞ –±—É—Ç—ã–ª–∫—É –±–∏—Ç—É—é.  –°—á–∏—Ç–∞—é —á—Ç–æ –∑–∞ —Ç–µ –¥–µ–Ω—å–≥–∏, –∫–æ—Ç–æ—Ä—ã–µ –ª—é–¥–∏ –ø–ª–∞—Ç—è—Ç –∑–∞ –≤—Ö–æ–¥, –º–æ–∂–Ω–æ –±—ã–ª–æ –±—ã –ø–æ—Ç—Ä–∞—Ç–∏—Ç—å 15 –º–∏–Ω—É—Ç —É—Ç—Ä–æ–º, —á—Ç–æ–± —Ä–∞—Å—á–∏—Å—Ç—å –±–µ—Ä–µ–≥ –æ—Ç —Å—Ç–µ–∫–ª–∞ –∏ –º—É—Å–æ—Ä–∞!  –ë–µ—Ä–µ–≥–∏—Ç–µ —Å–µ–±—è!",,3,–∏—é–ª—å 2022 –≥.,–æ—Ç–∑—ã–≤ –∏—é–ª—å 2022,1,–¢–∞—Ç—å—è–Ω–∞ –¢,https://www.tripadvisor.ru/Profile/TANITA88888,0,0,1,1,0,1,,–∏—é–ª—å 2022 –≥.
"–ü–∞—Ä–∫-–æ—Ç–µ–ª—å ""–ê—è"" Aya Park Hotel",https://www.tripadvisor.ru/Hotel_Review-g4677719-d4651287-Reviews-Aya_Park_Hotel-Katun_Altai_Krai_Siberian_District.html,"—É–ª. –ù–∞–≥–æ—Ä–Ω–∞—è, 1, –ö–∞—Ç—É–Ω—å 659635 –†–æ—Å—Å–∏—è",–û—Ç–µ–ª–∏,,–û—Ç–µ–ª–∏,150,–û—Ç–¥—ã—Ö–∞–ª–∏ —Å —Å—É–ø—Ä—É–≥–æ–π.,"–ñ–∏–ª–∏ –≤ ""–Æ–≥–æ—Å–ª–∞–≤—Å–∫–æ–º"", —Å 15-29 –∏—é–Ω—è 2022–≥. –õ—é–∫—Å 2-—Ö –∫–æ–º–Ω–∞—Ç–Ω—ã–π, –Ω–∞ 3-–µ–º —ç—Ç–∞–∂–µ, –Ω–∞ 2-–æ–º –ø—Ä–æ–¥–æ–ª–∂–∞–ª—Å—è —Ä–µ–º–æ–Ω—Ç!. –ú—ã –∑–∞—Å–µ–ª–∏–ª–∏—Å—å –ø–µ—Ä–≤—ã–µ, –ø–æ—Å–ª–µ —Ä–µ–º–æ–Ω—Ç–∞ —ç—Ç–æ–≥–æ –Ω–æ–º–µ—Ä–∞! –í–æ –ø–µ—Ä–≤—ã—Ö –Ω–∏ –∫–∞–∫–æ–≥–æ –ø—Ä–∏–≤–µ—Ç—Å—Ç–≤–∏—è! (—Å—Ç–æ–∏–º–æ—Å—Ç—å 18 —Ç—ã—Å. –∑–∞ —Å—É—Ç–∫–∏), –≤ –ø—Ä–∏—Ö–æ–∂–µ–π –Ω–µ –≤–∫–ª—é—á–∞–ª—Å—è —Å–≤–µ—Ç, –¢–í, –≤ –æ–¥–Ω–æ–π –∫–æ–º–Ω–∞—Ç–µ –Ω–µ —Ä–∞–±–æ—Ç–∞–ª (–ø—Ä–æ—Å—Ç–æ –Ω–µ –±—ã–ª–æ —ç–ª.–ø–∏—Ç–∞–Ω–∏—è), –º–∞—Ç—Ä–∞—Å –æ—á–µ–Ω—å —Å—Ç–∞—Ä—ã–π –∏ –º—è–≥–∫–∏–π, –ø—Ä–∏—à–ª–æ—Å—å —Å–ø–∞—Ç—å –Ω–∞ –¥–∏–≤–∞–Ω–µ,–ö–æ–Ω–¥–∏—Ü–∏–æ–Ω–µ—Ä –±—ã–ª —Ç–æ–ª—å–∫–æ –≤ –æ–¥–Ω–æ–π –∫–æ–º–Ω–∞—Ç–µ –∏ –±–µ–∑ –ø—É–ª—å—Ç–∞.–°—É–ø—Ä—É–≥–∞ —Ü–µ–ª—ã–π –¥–µ–Ω—å –±–µ–≥–∞–ª–∞ –Ω–∞ —Ä–µ—Å–µ–ø—à–µ–Ω. –í–æ–æ–±—â–µ–º –¥–æ–ª–≥–æ –≤—Å–µ –æ–±—ä—è—Å–Ω—è—Ç—å. –¢–µ–ø–µ—Ä—å –æ —Ö–æ—Ä–æ—à–µ–º: —Ç–µ—Ä—Ä–∏—Ç–æ—Ä–∏—è –æ—á–µ–Ω—å –∫—Ä–∞—Å–∏–≤–∞—è,–∑–µ–ª–µ–Ω–∞—è, –±–∞—Å—Å–µ–π–Ω —Å—É–ø–µ—Ä!,–æ–∑–µ—Ä–æ —Å—É–ø–µ—Ä!. –ó–∞–≤—Ç—Ä–∞–∫–∏ –æ—Ç–ª–∏—á–Ω—ã–µ! –ù–µ –±—É–¥—É –ø–µ—Ä–µ—á–∏—Å–ª—è—Ç—å, –±—ã–ª–æ –≤—Å—ë. –¢–µ–ø–µ—Ä—å –Ω–µ–≥–∞—Ç–∏–≤: –¶–µ–ª—ã–µ –¥–µ–Ω—å –Ω–∞ –±–∞—Å—Å–µ–π–Ω–µ –≥—Ä–µ–º–µ–ª–∞ –∑–∞–±–æ–π–Ω–∞—è –º—É–∑—ã–∫–∞(–æ—á–µ–Ω—å –≥—Ä–æ–º–∫–∞—è) –∏ –Ω–∞ —ç–∫—Ä–∞–Ω–µ —à–ª–∞ —Ä–µ–∫–ª–∞–º–∞ –°–ü–ê, –ø–µ—Ä–µ–æ–¥–∏—á–µ—Å–∫–∏ –≤–∫–ª—é—á–∞–ª–∏ –∫–∞—á–µ–≥–∞—Ä–∫—É –∏ –¥—ã–º —à–µ–ª –Ω–∞ –±–∞—Å—Å–µ–π–Ω. –ê–Ω–∏–º–∞—Ü–∏–∏ –Ω–∏ –∫–∞–∫–æ–π –Ω–µ –±—ã–ª–æ, –∑–∞ –∏—Å–∫–ª—é—á–µ–Ω–∏–µ–º –ø–µ–Ω–Ω–æ–π –≤–µ—á–µ—Ä–∏–Ω–∫–∏ –¥–ª—è –¥–µ—Ç–µ–π.(–ó–∞ –ø—è—Ç—å –º–∏–Ω—É—Ç –¥–æ –Ω–∞—á–∞–ª–∞, –ø—Ä–æ–±–µ–≥–∞–ª–∞ –¥–µ–≤—É—à–∫–∞ –∏ —Å–æ–æ–±—â–∞–ª–∞ –æ–± —ç—Ç–æ–º).–ù–∏ –∫–∞–∫–æ–π —Ä–∞–∑–≤–ª–µ–∫–∞—Ç–µ–ª—å–Ω–æ–π –ø—Ä–æ–≥—Ä–∞–º–º—ã. (–•–æ—Ç–µ–ª –µ—â—ë –Ω–∞–ø–∏—Å–∞—Ç—å –ø—Ä–æ —Ç—Ä–µ–Ω–∞–∂–µ—Ä–Ω—ã–π –∑–∞–ª, –ø—Ä–æ—Å—Ç–æ –Ω–µ –±—É–¥—É!) –í —Ü–µ–ª–æ–º –ø—Ä–∏—Ä–æ–¥–∞ –æ–±–∞–ª–¥–µ–Ω–Ω–∞—è, —ç–∫—Å–∫—É—Ä—Å–∏–∏ —à–∏–∫–∞—Ä–Ω—ã–µ!",,3,–∏—é–Ω—å 2022 –≥.,–æ—Ç–∑—ã–≤ –∏—é–ª—å 2022,2,–ù–∏–∫–æ–ª–∞–π –ë,https://www.tripadvisor.ru/Profile/S2053XA_,0,0,1,2,0,1,,–∏—é–Ω—å 2022 –≥.
"–ü–∞—Ä–∫-–æ—Ç–µ–ª—å ""–ê—è"" Aya Park Hotel",https://www.tripadvisor.ru/Hotel_Review-g4677719-d4651287-Reviews-Aya_Park_Hotel-Katun_Altai_Krai_Siberian_District.html,"—É–ª. –ù–∞–≥–æ—Ä–Ω–∞—è, 1, –ö–∞—Ç—É–Ω—å 659635 –†–æ—Å—Å–∏—è",–û—Ç–µ–ª–∏,,–û—Ç–µ–ª–∏,150,–°–µ–º—å—è –≤ —Ä–∞—Å—Å—Ç—Ä–æ–π—Å—Ç–≤–µ,"–í–æ-–ø–µ—Ä–≤—ã—Ö, –≤ –Æ–≥–æ—Å–ª–∞–≤—Å–∫–æ–º —Ä–µ–º–æ–Ω—Ç. –ü–æ –º–∞—Å—à—Ç–∞–±–∞–º - –¥–æ –∑–∏–º—ã. –ñ–∏–ª–∏ –ø–æ–¥ –∑–≤—É–∫–∏ –ø–µ—Ä—Ñ–æ—Ä–∞—Ç–æ—Ä–∞. –¢–µ–ø–µ—Ä—å —Å–µ–ª—è—Ç —Å —Å–æ–±–∞–∫–∞–º–∏ - –Ω–æ—á—å—é —Å–ª—É—à–∞–ª–∏ –ª–∞–π —Å–æ–±–∞–∫. –î–µ—Ç—Å–∫–æ–π –∏–≥—Ä–æ–≤–æ–π –∑–æ–Ω—ã –Ω–∞ —É–ª–∏—Ü–µ –Ω–µ—Ç, —Ç.–µ. –µ—Å—Ç—å - –ø–ª–∞—Ç–Ω–∞—è - 300‚ÇΩ/30 –º–∏–Ω. –¶–µ–Ω—ã –Ω–∞ –≤—Å–µ –∫–æ–Ω—Å–∫–∏–µ - –∫—Ä—É–∂–∫–∞ –ø–∏–≤–∞ 500‚ÇΩ, –∫–æ–∫—Ç–µ–π–ª—å –±–µ–∑–∞–ª–∫–æ–≥–æ–ª—å–Ω—ã–π - 450‚ÇΩ –∏ —Ç.–¥. –í–æ–∑–ª–µ –±–∞—Å—Å–µ–π–Ω–∞ –ø–æ–ª —Å–≥–Ω–∏–ª, —Ç–æ—Ä—á–∞—Ç –≥–≤–æ–∑–¥–∏, –º–æ–∂–Ω–æ –ø–æ—Ä–∞–Ω–∏—Ç—å—Å—è. –î—ã–º–∏—Ç –∫–∞–∫–∞—è-—Ç–æ —Ç—Ä—É–±–∞, –Ω–∞ –≤—Å–µ–π —Ç–µ—Ä—Ä–∏—Ç–æ—Ä–∏–∏ –¥—ã—à–∞—Ç—å –Ω–µ—á–µ–º. –û—Ç–Ω–æ—à–µ–Ω–∏–µ –ø–µ—Ä—Å–æ–Ω–∞–ª–∞ —Ö–∞–º—Å–∫–æ–µ. –ë–æ–ª—å—à–µ —Å—é–¥–∞ –Ω–µ –ø—Ä–∏–µ–¥–µ–º.",,1,–∏—é–Ω—å 2022 –≥.,–æ—Ç–∑—ã–≤ –∏—é–Ω—å 2022,1,–ò–≤–∞–Ω –ë,https://www.tripadvisor.ru/Profile/L3475ZS_,0,0,2,1,0,1,,–∏—é–Ω—å 2022 –≥.
"–ü–∞—Ä–∫-–æ—Ç–µ–ª—å ""–ê—è"" Aya Park Hotel",https://www.tripadvisor.ru/Hotel_Review-g4677719-d4651287-Reviews-Aya_Park_Hotel-Katun_Altai_Krai_Siberian_District.html,"—É–ª. –ù–∞–≥–æ—Ä–Ω–∞—è, 1, –ö–∞—Ç—É–Ω—å 659635 –†–æ—Å—Å–∏—è",–û—Ç–µ–ª–∏,,–û—Ç–µ–ª–∏,150,–û—Ç–¥—ã—Ö–∞–ª –≤ —Ç–µ—á–µ–Ω–∏–∏ 3 –¥–Ω–µ–π —Å —Å—ã–Ω–æ–º 12 –ª–µ—Ç!,"–ù–µ —Ö–æ—Ç–µ–ª –ø–∏—Å–∞—Ç—å, –Ω–æ —Ä–∞–∑ –ø—Ä–æ–≤–æ–¥–∏—Ç—Å—è –æ—Ç–µ–ª—å –ø—Ä–æ–≤–æ–¥–∏—Ç –æ–ø—Ä–æ—Å;) –†–µ—à–∏–ª –∏ –∑–¥–µ—Å—å –æ—Å—Ç–∞–≤–∏—Ç—å –æ—Ç–∑—ã–≤! –ú–æ–∂–µ—Ç –∫–æ–º—É-—Ç–æ –æ–Ω –ø—Ä–∏–≥–æ–¥–∏—Ç—å—Å—è! –ü—Ä–∏ –æ—Ç–ª–∏—á–Ω–æ–º –æ—Ç–µ–ª–µ - —á—É–¥–æ–≤–∏—â–Ω–∞—è –∂—É—Ç–∫–∞—è –æ—Ä–≥–∞–Ω–∏–∑–∞—Ü–∏—è —Ä–∞–±–æ—Ç—ã –ø–µ—Ä—Å–æ–Ω–∞–ª–∞! –í–∏–¥–Ω–æ, —á—Ç–æ –¥–µ–Ω—å–≥–∏ –≤–∫–ª–∞–¥—ã–≤–∞—é—Ç—Å—è, –Ω–æ –µ—Å–ª–∏ –ø–µ—Ä—Å–æ–Ω–∞–ª –±—É–¥–µ—Ç —Ç–∞–∫ —Ä–∞–±–æ—Ç–∞—Ç—å - —Å–æ–±—Å—Ç–≤–µ–Ω–Ω–∏–∫ –±–∞–Ω–∞–ª—å–Ω–æ –Ω–∏—á–µ–≥–æ –Ω–µ –∑–∞—Ä–∞–±–æ—Ç–∞–µ—Ç. –ù–∞ –†–µ—Ü–µ–ø—à–Ω- –∑–∞–µ–∑–∂–∞–ª –ø–∞—Ä–∞–ª–ª–µ–ª—å–Ω–æ —Å –µ—â—ë –æ–¥–Ω–∏–º –≥–æ—Å—Ç–µ–º, –≤—ã–¥–∞–ª–∏ –±—Ä–∞—Å–ª–µ—Ç—ã, –æ–Ω–∏ –∂–µ –∏ –∫–ª—é—á –æ—Ç –Ω–æ–º–µ—Ä–∞ (—ç—Ç–æ –∫—Å—Ç–∞—Ç–∏ –æ—á–µ–Ω—å –∑–¥–æ—Ä–æ–≤–æ!), –Ω–æ ‚Ä¶ –ò —è, –∏ –∂–µ–Ω—â–∏–Ω–∞, –∑–∞–µ–∑–∂–∞—é—â–∞—è –ø–∞—Ä–∞–ª–ª–µ–ª—å–Ω–æ —Å–æ –º–Ω–æ–π, —Å–º–æ–≥–ª–∏ –æ—Ç–∫—Ä—ã—Ç—å –Ω–æ–º–µ—Ä–∞ —Ç–æ–ª—å–∫–æ —Å 3 —Ä–∞–∑–∞!!!! –î–ª—è —ç—Ç–æ–≥–æ –ø–æ—Å—Ç–æ—è–Ω–Ω–æ –ø—Ä–∏—Ö–æ–¥–∏–ª–æ—Å—å —Å–ø—É—Å–∫–∞—Ç—å—Å—è –Ω–∞ –†–µ—Ü–µ–ø—à–Ω! –í –Ω–æ–º–µ—Ä–µ —É–±–∏—Ä–∞–ª–∏—Å—å –∑–∞ 3 –¥–Ω—è —É–±—Ä–∞–ª–∏—Å—å –æ–¥–∏–Ω —Ä–∞–∑, –Ω–∞ –≤—Ç–æ—Ä–æ–π –¥–µ–Ω—å (–≤–µ—á–µ—Ä–æ–º) –ø—Ä–∏—à–ª–∏ —Å —É–±–æ—Ä–∫–æ–π –∏ –ø–æ–ø—Ä–æ—Å–∏–ª–∏ –ø–æ–≥—É–ª—è—Ç—å —á–∞—Å–æ–∫, —è –µ—Å—Ç–µ—Å—Ç–≤–µ–Ω–Ω–æ –æ—Ç —É–±–æ—Ä–∫–∏ –æ—Ç–∫–∞–∑–∞–ª—Å—è! –ù–µ –ø–æ–Ω–∏–º–∞—é –ø–æ—á–µ–º—É –Ω–µ–ª—å–∑—è –±—ã–ª–æ —Å–¥–µ–ª–∞—Ç—å —É–±–æ—Ä–∫—É –≤ —Ç–µ—á–µ–Ω–∏–∏ –¥–Ω—è, –∫–æ–≥–¥–∞ –Ω–∞—Å —Ç–∞–º –Ω–µ –±—ã–ª–æ. –ù–µ –±—ã–ª–æ —Ü–µ–ª—ã–π –¥–µ–Ω—å!!!! –û—Ç–¥–µ–ª—å–Ω–∞—è –ø–µ—Å–Ω—è - –µ–¥–∞! –ó–∞–≤—Ç—Ä–∞–∫ –≤ –ø—Ä–∏–Ω—Ü–∏–ø–µ –Ω–µ–ø–ª–æ—Ö–æ–π, –¥–æ—Å—Ç–∞—Ç–æ—á–Ω–æ —Ä–∞–∑–Ω–æ–æ–±—Ä–∞–∑–Ω—ã–π, –Ω–æ —Å–∫–æ–ª—å–∫–æ –Ω–µ –ø—Ä–∏—Ö–æ–¥–∏–ª–∏ –Ω–µ –±—ã–ª–æ –±—É—Ç–∏–ª–∏—Ä–æ–≤–∞–Ω–Ω–æ–π –ø–∏—Ç—å–µ–≤–æ–π –≤–æ–¥—ã, –∫–∞–∫ —Å–∫–∞–∑–∞–ª –ø–µ—Ä—Å–æ–Ω–∞–ª - –∑–∞–∫—É–ø–∞—é—Ç –º–∞–ª–æ, —Å –≤–µ—á–µ—Ä–∞ –≤—Å–µ –≤—ã–ø–∏–≤–∞—é—Ç –Ω–∞ –∑–∞–≤—Ç—Ä–∞–∫ –Ω–µ —Ö–≤–∞—Ç–∞–µ—Ç! ‚Äç‚Äç‚Äç–ë—Ä–µ–¥!!!!!! –ö—É–¥–∞ —Å–º–æ—Ç—Ä–∏—Ç —Å–æ–±—Å—Ç–≤–µ–Ω–Ω–∏–∫! –ù–µ –º–æ–∂–µ—Ç–µ –∫—É–ø–∏—Ç—å - –Ω–∞–∫–∏–ø—è—Ç–∏—Ç–µ —Å –≤–µ—á–µ—Ä–∞ - –∑–∞ –Ω–æ—á—å –æ—Å—Ç—ã–Ω–µ—Ç! –û–±—Å–ª—É–∂–∏–≤–∞–Ω–∏–µ –≤ —Ä–µ—Å—Ç–æ—Ä–∞–Ω–∞—Ö –æ—Å—Ç–∞–≤–ª—è–µ—Ç –∂–µ–ª–∞—Ç—å –ª—É—á—à–µ–≥–æ! –†–∞–∑ –Ω–∞ —Ä–∞–∑ –Ω–∞ –ø—Ä–∏—Ö–æ–¥–∏—Ç—Å—è! –ü—ã—Ç–∞–ª–∏—Å—å –ø–æ—É–∂–∏–Ω–∞—Ç—å –≤ –Æ–≥–æ—Å–ª–∞–≤—Å–∫–æ–º, –ø—Ä–æ—Å–∏–¥–µ–ª–∏ –∑–∞ —Å—Ç–æ–ª–∏–∫–æ–º —Å —Ä–µ–±—ë–Ω–∫–æ–º –æ–∫–æ–ª–æ –ø–æ–ª—É—á–∞—Å–∞ - –Ω–∏–∫—Ç–æ –Ω–µ –ø–æ–¥–æ—à—ë–ª. –£—à–ª–∏, –ø—Ä–∏—à–ª–æ—Å—å –µ—Å—Ç—å –≤ –±–µ–∑–æ–±—Ä–∞–∑–Ω–æ–º —Ä–µ—Å—Ç–æ—Ä–∞–Ω–µ –æ–∫–æ–ª–æ –±–∞—Å—Å–µ–π–Ω–∞, —ç—Ç–æ –≤–æ–æ–±—â–µ –æ—Ç–¥–µ–ª—å–Ω–∞—è –∏—Å—Ç–æ—Ä–∏—è, –¥–∞–∂–µ –Ω–∞ –±—É–¥—É –≤—Å–µ –æ–ø–∏—Å—ã–≤–∞—Ç—å, –Ω–æ –æ–¥–Ω–æ‚Ä¶ –ü—Ä–∏–≥–ª–∞—Å–∏–ª–∏ –∫ –∫–∞—Å—Å–µ, —á—Ç–æ –±—ã –æ–ø–ª–∞—Ç–∏—Ç—å, –º–∏–Ω—É—Ç 10 –ø—Ä–æ—Å—Ç–æ—è–ª –≤ –æ—á–µ—Ä–µ–¥–∏ –∏–∑ 3 —á–µ–ª–æ–≤–µ–∫–∞ (–Ω–∞–ø–æ–º–Ω—é, —ç—Ç–æ —Ä–µ—Å—Ç–æ—Ä–∞–Ω!!!!!!), —Ç–∞–∫ –ø—Ä–∏ –æ–ø–ª–∞—Ç–µ –µ—â—ë –∏ –∫–∞—Ä—Ç—Ä–∞–π–¥–µ—Ä –æ—Ç–∫–ª—é—á–∏–ª—Å—è)))))))) –°—É–ø–µ—Ä —Å–µ—Ä–≤–∏—Å!!!! –ò –≤–µ–∑–¥–µ-–≤–µ–∑–¥–µ –ø—Ä–∏–º–µ—Ä–Ω–æ —Ç–∞–∫! –Ø –ø–æ–Ω–∏–º–∞—é, —á—Ç–æ –æ—Ç–¥—ã—Ö–∞—Ç—å –ø–æ–µ–¥—É—Ç –∏ —Ç–∞–∫, –∏ –º–Ω–æ–≥–∏–µ —Ç–∞–º —Å–ª–∞—â–µ –º–æ—Ä–∫–æ–≤–∫–∏ –Ω–µ –≤–∏–¥–µ–ª–∏ –Ω–∏—á–µ–≥–æ, –Ω–æ –≤—Å–µ –∂–µ ‚Ä¶ –û–±–∏–¥–Ω–æ –∫–∞–∫-—Ç–æ! –ò –µ—â—ë —Å–æ–≤–µ—Ç: –ø–æ–∫–∞–∑—ã–≤–∞—é—Ç –≤–µ—á–µ—Ä–æ–º –∫–∏–Ω–æ –æ–∫–æ–ª–æ –±–∞—Å—Å–µ–π–Ω–∞ –Ω–∞ –±–æ–ª—å—à–æ–º —ç–∫—Ä–∞–Ω–µ - —ç—Ç–æ –∑–¥–æ—Ä–æ–≤–æ, –Ω–æ –≤—Å–µ –∫–∞—Ñ–µ –∏ –±–∞—Ä—ã –≤ —ç—Ç–æ –≤—Ä–µ–º—è —É–∂–µ –∑–∞–∫—Ä—ã—Ç—ã. –ê —Ö–æ—á–µ—Ç—Å—è —Å–º–æ—Ç—Ä–µ—Ç—å –∫–∏–Ω–æ, –≥—Ä—ã–∑—Ç—å –ø–æ–ø–∫–æ—Ä–Ω –∏–ª–∏ —á–∏–ø—Å—ã, –ø–∏—Ç—å –∫–æ–ª—É. –°–æ–±—Å—Ç–≤–µ–Ω–Ω–∏–∫, —Ç–µ—Ä—è–µ—à—å –¥–µ–Ω—å–≥–∏! –ò –±—Ä–∞—Å–ª–µ—Ç—ã - —Å–¥–µ–ª–∞–π—Ç–µ –æ–±—è–∑–∞—Ç–µ–ª—å–Ω—ã–π –¥–µ–ø–æ–∑–∏—Ç, —É–±–µ—Ä–∏—Ç–µ —Å —Ç–µ—Ä—Ä–∏—Ç–æ—Ä–∏–∏ –≤—Å–µ –∫–∞—Å—Å—ã –∏ –∫–∞—Ä—Ç—Ä–∞–π–¥–µ—Ä—ã! –ñ–µ—Å—Ç–∫–∏–π —Ä–∞—Å—á—ë—Ç —Ç–æ–ª—å–∫–æ –ø–æ –±—Ä–∞—Å–ª–µ—Ç–∞–º! –ù–æ –ø—Ä–∏ —ç—Ç–æ–º –∏—Ö –ø–æ–ø–æ–ª–Ω–µ–Ω–∏–µ –Ω–∞ —Ç–µ—Ä—Ä–∏—Ç–æ—Ä–∏–∏ –¥–æ–ª–∂–Ω–æ –±—ã—Ç—å –∫—Ä—É–≥–ª–æ—Å—É—Ç–æ—á–Ω—ã–º! –ò –µ—â—ë –¥–ª—è —Å–æ–±—Å—Ç–≤–µ–Ω–Ω–∏–∫–∞, –ø–µ—Ä—Å–æ–Ω–∞–ª –≤–æ–æ–±—â–µ–º —Ç–æ –Ω–µ –ø–ª–æ—Ö–æ–π, –∞ –≤–æ—Ç –º–µ–Ω–µ–¥–∂–º–µ–Ω—Ç - –≥‚Ä¶–æ! –¢–µ—Ä—è–µ—Ç–µ –¥–µ–Ω—å–≥–∏! –ú–æ–∂–Ω–æ –µ—â—ë –º–Ω–æ–≥–æ –Ω–∞–ø–∏—Å–∞—Ç—å, –Ω–æ ‚Ä¶ –ò —ç—Ç–æ–≥–æ —Ö–≤–∞—Ç–∏—Ç. –î–ª—è —Ç–∞–∫–æ–π —Ü–µ–Ω—ã - —Å–µ—Ä–≤–∏—Å –¥–æ–ª–∂–µ–Ω –±—ã—Ç—å –ø–æ–≤—ã—à–µ! –ë–æ–ª—å—à–µ –≤—Å–µ–≥–æ –ø–æ–Ω—Ä–∞–≤–∏–ª–∏—Å—å —Å—É—Å–ª–∏–∫–∏ –∏ –∫—Ä–æ–ª–∏–∫!",,2,–∏—é–Ω—å 2022 –≥.,–∏—é–Ω—å 2022 –≥.,3,mvsh74,https://www.tripadvisor.ru/Profile/mvsh74,0,0,4,14,1,5,"–ö–∞–∑–∞–Ω—å, –†–æ—Å—Å–∏—è",–∏—é–ª—å 2014 –≥.
"–ü–∞—Ä–∫-–æ—Ç–µ–ª—å ""–ê—è"" Aya Park Hotel",https://www.tripadvisor.ru/Hotel_Review-g4677719-d4651287-Reviews-Aya_Park_Hotel-Katun_Altai_Krai_Siberian_District.html,"—É–ª. –ù–∞–≥–æ—Ä–Ω–∞—è, 1, –ö–∞—Ç—É–Ω—å 659635 –†–æ—Å—Å–∏—è",–û—Ç–µ–ª–∏,,–û—Ç–µ–ª–∏,150,–•—É–¥—à–∏–π –æ—Ç–µ–ª—å –Ω–∞ –º–æ–µ–π –ø–∞–º—è—Ç–∏,"–û–º–µ—Ä–∑–∏—Ç–µ–ª—å–Ω—ã–π –æ—Ç–µ–ª—å. –í –±—É–Ω–≥–∞–ª–æ –≥–¥–µ –æ—Å—Ç–∞–Ω–æ–≤–∏–ª–∞—Å—å –º–æ—è –º–∞–º–∞, –ø–æ—Å—Ç—É–ø–∞–ª –¥—ã–º –∏–∑ –±–∞–Ω–∏. –ë—ã–ª–æ –≤–æ–∑–º–æ–∂–Ω–æ –æ—Ç—Ä–∞–≤–ª–µ–Ω–∏–µ —É–≥–∞—Ä–Ω—ã–º –≥–∞–∑–æ–º. –ù–æ—á—å—é –∏–≥—Ä–∞–µ—Ç –º—É–∑—ã–∫–∞, –Ω–µ–≤–æ–∑–º–æ–∂–Ω–æ –∑–∞—Å–Ω—É—Ç—å. –ü–µ—Ä—Å–æ–Ω–∞–ª –∫—Ä–∞–π–Ω–µ –Ω–µ–∫–æ–º–ø–µ—Ç–µ–Ω—Ç–µ–Ω. –û–±—â–∞—é—Ç—Å—è –ø–æ —Ö–∞–º—Å–∫–∏. –í —Ä–µ—Å—Ç–æ—Ä–∞–Ω–µ –∂–¥–∞–ª–∏ –±–ª—é–¥–∞ 2 —á–∞—Å–∞.",,1,–∏—é–Ω—å 2022 –≥.,–æ—Ç–∑—ã–≤ –∏—é–Ω—å 2022,3,–î–º–∏—Ç—Ä–∏–π –°,https://www.tripadvisor.ru/Profile/Road53284865860,0,0,1,3,0,1,,–º–∞—Ä—Ç 2021 –≥.
"–ü–∞—Ä–∫-–æ—Ç–µ–ª—å ""–ê—è"" Aya Park Hotel",https://www.tripadvisor.ru/Hotel_Review-g4677719-d4651287-Reviews-Aya_Park_Hotel-Katun_Altai_Krai_Siberian_District.html,"—É–ª. –ù–∞–≥–æ—Ä–Ω–∞—è, 1, –ö–∞—Ç—É–Ω—å 659635 –†–æ—Å—Å–∏—è",–û—Ç–µ–ª–∏,,–û—Ç–µ–ª–∏,150,–û—Ç–∑—ã–≤,"–û—Ç–¥—ã—Ö–∞–ª–∏ –≤ –±—É–Ω–≥–∞–ª–æ —Å 25 08 22 –ù–∞—à –±—É–Ω–≥–∞–ª–æ –±—ã–ª –∑–∞–Ω—è—Ç(–ø–æ—á–µ–º—É-—Ç–æ ?).–ó–∞—Å–µ–ª–∏–ª–∏ –≤ –¥—Ä—É–≥–æ–π.–ü—Ä–∏–µ–∑–∂–∞–µ—à—å –æ—Ç–¥–æ—Ö–Ω—É—Ç—å –æ—Ç –≥–æ—Ä–æ–¥—Å–∫–æ–≥–æ —à—É–º–∞,–Ω–æ –Ω–µ —Ç—É—Ç —Ç–æ –±—ã–ª–æ!–ú—É–∑—ã–∫–∞ —Ç–∞–∫ –≥—Ä–æ–º—ã—Ö–∞–µ—Ç,—á—Ç–æ —Å–ø–∞—Ç—å –Ω–µ –≤–æ–∑–º–æ–∂–Ω–æ!–°—É—â–µ—Å—Ç–≤—É—é—Ç –∂–µ –∫–∞–∫–∏–µ-—Ç–æ –Ω–æ—Ä–º—ã –ø—Ä–∏–ª–∏—á–∏—è?!–î–æ 5 —É—Ç—Ä–∞-—ç—Ç–æ –ø–µ—Ä–µ–±–æ—Ä.–ü–æ—á–µ–º—É –∞–¥–º–∏–Ω–∏—Å—Ç—Ä–∞—Ü–∏—è –Ω–µ –æ–≥–æ–≤–∞—Ä–∏–≤–∞–µ—Ç,—á—Ç–æ–±—ã –≥–æ—Å—Ç–∏ —Å–æ–±–ª—é–¥–∞–ª–∏ –Ω–æ—Ä–º—ã –ø—Ä–∏–ª–∏—á–∏—è –∏ —Ç–∏—à–∏–Ω—ã! –•–æ—Ç–µ–ª–æ—Å—å –±—ã —É—Å–ª—ã—à–∞—Ç—å –æ—Ç–≤–µ—Ç.",,3,–∞–≤–≥—É—Å—Ç 2022 –≥.,–æ—Ç–∑—ã–≤ –∞–≤–≥. 2022,0,–ù–µ–ª–ª–∏ –ì,https://www.tripadvisor.ru/Profile/E869KQ_,0,0,1,0,0,1,,–∞–≤–≥. 2022 –≥.
"–ü–∞—Ä–∫-–æ—Ç–µ–ª—å ""–ê—è"" Aya Park Hotel",https://www.tripadvisor.ru/Hotel_Review-g4677719-d4651287-Reviews-Aya_Park_Hotel-Katun_Altai_Krai_Siberian_District.html,"—É–ª. –ù–∞–≥–æ—Ä–Ω–∞—è, 1, –ö–∞—Ç—É–Ω—å 659635 –†–æ—Å—Å–∏—è",–û—Ç–µ–ª–∏,,–û—Ç–µ–ª–∏,150,"–û—á–µ–Ω—å –ø–æ–Ω—Ä–∞–≤–∏–ª–æ—Å—å, –≤–µ—Ä–Ω—ë–º—Å—è –µ—â—ë.","–û—Ç–¥—ã—Ö–∞–ª–∏ –≤ –ø–∞—Ä–∫ –æ—Ç–µ–ª–µ –≤ 2020 –≥–æ–¥—É –∏ —Å—Ä–∞–∑—É –ø–æ–Ω—è–ª–∏, —á—Ç–æ –≤–µ—Ä–Ω—ë–º—Å—è –µ—â—ë. –ù–∞–º –æ—á–µ–Ω—å –Ω—Ä–∞–≤–∏—Ç—Å—è —ç—Ç–æ –º–µ—Å—Ç–æ. –ì–û–°–¢–ò–ù–ò–¶–ê –ü—Ä–æ–∂–∏–≤–∞–ª–∏ –≤ –≥–æ—Å—Ç–∏–Ω–∏—Ü–µ –Æ–≥–æ—Å–ª–∞–≤—Å–∫–∞—è. –í —ç—Ç–æ–º –≥–æ–¥—É —Å–¥–µ–ª–∞–ª–∏ —Ä–µ–º–æ–Ω—Ç, —Ö–æ—Ç—è –∏ –¥–æ —ç—Ç–æ–≥–æ —Ç–∞–º –±—ã–ª–æ –ø—Ä–∏–ª–∏—á–Ω–æ. –ü–æ—Å—Ç–µ–ª—å–Ω–æ–µ, —Ö–∞–ª–∞—Ç—ã, –ø–æ–ª–æ—Ç–µ–Ω—Ü–∞ - –≤ –∏–¥–µ–∞–ª—å–Ω–æ–º —Å–æ—Å—Ç–æ—è–Ω–∏–∏, –∫–∞–∫ –±—É–¥—Ç–æ –º—ã –ø–µ—Ä–≤—ã–µ –∏–º–∏ –ø–æ–ª—å–∑–æ–≤–∞–ª–∏—Å—å. –ù–æ–º–µ—Ä –Ω–µ –±–æ–ª—å—à–æ–π, –Ω–æ —É—é—Ç–Ω—ã–π. –†–∞–¥—É–µ—Ç –Ω–∞–ª–∏—á–∏–µ –∏ –ø—Ä–æ—Å—Ç—Ä–∞–Ω—Å—Ç–≤–æ –±–∞–ª–∫–æ–Ω–æ–≤. –ó–ê–í–¢–†–ê–ö–ò –ó–∞–≤—Ç—Ä–∞–∫–∏ –∑–∞–º–µ—á–∞—Ç–µ–ª—å–Ω—ã–µ (–Ω–∞ –ª—é–±–æ–π –≤–∫—É—Å), –≥–æ—Ä—è—á–∞—è –≤—ã–ø–µ—á–∫–∞, –±–ª–∏–Ω—á–∏–∫–∏, –æ–º–ª–µ—Ç, –∫–∞—à–∏, –º–æ–ª–æ—á–Ω–∞—è –ø—Ä–æ–¥—É–∫—Ü–∏—è, —Ñ—Ä—É–∫—Ç—ã, –æ–≤–æ—â–∏, –∫–æ—Ñ–µ –∏ —Ç.–¥. –í—Ä–µ–º—è –¥–ª—è –∑–∞–≤—Ç—Ä–∞–∫–∞ –ø—Ä–µ–¥–æ—Å—Ç–∞—Ç–æ—á–Ω–æ, —ç—Ç–æ –∞–∫—Ç—É–∞–ª—å–Ω–æ –¥–ª—è —Ç–µ—Ö, –∫—Ç–æ –ª—é–±–∏—Ç –ø–æ—Å–ø–∞—Ç—å. –ë–ê–°–°–ï–ô–ù –≠—Ç–æ –æ—Ç–¥–µ–ª—å–Ω—ã–π –ø–ª—é—Å –¥–∞–Ω–Ω–æ–≥–æ –æ—Ç–µ–ª—è, —Ç–æ —á—Ç–æ –æ–Ω —Ä–∞–∑–¥–µ–ª–µ–Ω –Ω–∞ –∑–æ–Ω—ã. –ü–æ–¥–æ–≥—Ä–µ–≤ –∏ –º–µ–ª–∫–∞—è –≥–ª—É–±–∏–Ω–∞ –±–∞—Å—Å–µ–π–Ω–∞ –¥–ª—è –º–∞–ª—ã—à–µ–π –æ—á–µ–Ω—å —Ä–∞–¥—É–µ—Ç. –ù–∞—à —Å—ã–Ω 4-—Ö –ª–µ—Ç –≤–æ–æ–±—â–µ –Ω–µ –≤—ã–ª–∞–∑–∏–ª –æ—Ç —Ç—É–¥–∞ –ø–æ—Å–∫–æ–ª—å–∫—É –≤–æ–¥–∞ –∫–æ–º—Ñ–æ—Ä—Ç–Ω–∞—è. –•–æ—Ç–µ–ª–æ—Å—å –±—ã,—á—Ç–æ–± –≤–æ–¥–∞ –≤ –¥—Ä—É–≥–∏—Ö –±–∞—Å—Å–µ–π–Ω–∞—Ö —Ç–æ–∂–µ –ø–æ–¥–æ–≥—Ä–µ–≤–∞–ª–∞—Å—å. –®–µ–∑–ª–æ–Ω–≥–∏, –∑–æ–Ω—Ç–∏–∫–∏ –≤—Å–µ–≥–¥–∞ –µ—Å—Ç—å –≤ –Ω–∞–ª–∏—á–∏–∏. –í –æ–±—â–µ–º –Ω–∞–º –≤—Å—ë –ø–æ–Ω—Ä–∞–≤–∏–ª–æ—Å—å. –¢–µ—Ä—Ä–∏—Ç–æ—Ä–∏—è, –ø—Ä–∏–≤–µ—Ç–ª–∏–≤—ã–π –ø–µ—Ä—Å–æ–Ω–∞–ª, –∫–æ–Ω—Ç–µ–Ω–≥–µ–Ω—Ç –≥–æ—Å—Ç–µ–π.  –ò–∑ –º–∏–Ω—É—Å–æ–≤: –û—Ç—Å—É—Ç—Å—Ç–≤–∏–µ —Å—É—à–∏–ª–æ–∫ (–º–æ–∂–Ω–æ –Ω–∞ –±–∞–ª–∫–æ–Ω–µ –ø–æ—Ç–æ–ª–æ—á–Ω—ã–µ —Å–¥–µ–ª–∞—Ç—å) –û—Ç—Å—É—Ç—Å—Ç–≤–∏–µ –ø–∏—Ç—å–µ–≤–æ–π –≤–æ–¥—ã",,5,–∞–≤–≥—É—Å—Ç 2022 –≥.,–æ—Ç–∑—ã–≤ –∞–≤–≥. 2022,0,–í–µ—Ä–∞ –û,https://www.tripadvisor.ru/Profile/VeraOgon,0,0,1,0,0,1,,–∞–≤–≥. 2022 –≥.
"–ü–∞—Ä–∫-–æ—Ç–µ–ª—å ""–ê—è"" Aya Park Hotel",https://www.tripadvisor.ru/Hotel_Review-g4677719-d4651287-Reviews-Aya_Park_Hotel-Katun_Altai_Krai_Siberian_District.html,"—É–ª. –ù–∞–≥–æ—Ä–Ω–∞—è, 1, –ö–∞—Ç—É–Ω—å 659635 –†–æ—Å—Å–∏—è",–û—Ç–µ–ª–∏,,–û—Ç–µ–ª–∏,150,–í—Å–µ –æ—á–µ–Ω—å –ø–æ–Ω—Ä–∞–≤–∏–ª–æ—Å—å,"–ë—ã–ª–∏ —Ç–∞–º –Ω–∞ –∫–æ–Ω—Ñ–µ—Ä–µ–Ω—Ü–∏–∏. –û—Ç–∑—ã–≤—á–∏–≤—ã–π –ø–µ—Ä—Å–æ–Ω–∞–ª, –±–æ–ª—å—à–∞—è —Ç–µ—Ä—Ä–∏—Ç–æ—Ä–∏—è, –æ—Ç–ª–∏—á–Ω—ã–π –±–∞—Å—Å–µ–π–Ω. –û—á–µ–Ω—å –∫—Ä–∞—Å–∏–≤–∞—è –ø—Ä–∏—Ä–æ–¥–∞. –ù–∞ —Ç–µ—Ä—Ä–∏—Ç–æ—Ä–∏–∏ –±–µ–≥–∞—é—Ç –ø–æ—á—Ç–∏ —Ä—É—á–Ω—ã–µ –∫—Ä–æ–ª–∏–∫–∏ –∏ —Å—É—Å–ª–∏–∫–∏. –ü—Ä–µ–∫—Ä–∞—Å–Ω–æ–µ –æ–∑–µ—Ä–æ —Å –∫–∞—Ç–∞–º–∞—Ä–∞–Ω–∞–º–∏ –∏ SAP–∞–º–∏",,5,–∞–≤–≥—É—Å—Ç 2022 –≥.,–æ—Ç–∑—ã–≤ –∞–≤–≥. 2022,0,Andrey P,https://www.tripadvisor.ru/Profile/X2210PEandreyp,0,0,5,6,2,1,,–º–∞–π 2022 –≥.
"–ü–∞—Ä–∫-–æ—Ç–µ–ª—å ""–ê—è"" Aya Park Hotel",https://www.tripadvisor.ru/Hotel_Review-g4677719-d4651287-Reviews-Aya_Park_Hotel-Katun_Altai_Krai_Siberian_District.html,"—É–ª. –ù–∞–≥–æ—Ä–Ω–∞—è, 1, –ö–∞—Ç—É–Ω—å 659635 –†–æ—Å—Å–∏—è",–û—Ç–µ–ª–∏,,–û—Ç–µ–ª–∏,150,–ü–∞—Ä–∫ –æ—Ç–µ–ª—å –ê—è,"–û—Ç–¥—ã—Ö–∞–ª–∏ –≤ –Æ–≥–æ—Å–ª–∞–≤—Å–∫–æ–º, –∑–∞–±—Ä–æ–Ω–∏—Ä–æ–≤–∞–ª–∏ –ø–æ–∑–¥–Ω–æ –≤–µ—á–µ—Ä–æ–º –ª—é–∫—Å –Ω–∞ 4 —ç—Ç–∞–∂–µ –Ω–æ–º–µ—Ä 405. –í–æ-–ø–µ—Ä–≤—ã—Ö, –±–∞–ª–∫–æ–Ω—ã –Ω–∞–ø—Ä–æ—á—å –∑–∞–∫–ª–µ–µ–Ω—ã –ø–ª–µ–Ω–∫–æ–π, —Ç–∫ –∏–¥–µ—Ç —Ä–µ–º–æ–Ω—Ç —Ñ–∞—Å–∞–¥–∞ –∑–¥–∞–Ω–∏—è, –ø—Ä–∏—à–ª–æ—Å—å –æ–±–æ—Ä–≤–∞—Ç—å –ø–ª–µ–Ω–∫—É –¥—É—Ö–æ—Ç–∞ –Ω–µ–≤–æ–∑–º–æ–∂–Ω–∞—è, –≤–æ-–≤—Ç–æ—Ä—ã—Ö, –≤ –ª—é–∫—Å–µ –Ω–µ –±—ã–ª–æ –±—É—Ç–∏–ª–∏—Ä–æ–≤–∞–Ω–Ω–æ–π –≤–æ–¥—ã –∏ –∑—É–±–Ω—ã—Ö —â–µ—Ç–æ–∫!!! –í –≤–∞–Ω–Ω–æ–π –∑–∞—Å–æ—Ä–µ–Ω–∞ —Ä–∞–∫–æ–≤–∏–Ω–∞, –∞ –≤ –¥—É—à–µ–≤–æ–π –æ—Ç—Å—É—Ç—Å—Ç–≤—É—é—Ç –ø–æ–ª–∫–∏, –Ω–µ–∫—É–¥–∞ –ø–æ–ª–æ–∂–∏—Ç—å –º—ã–ª–æ –∏ —à–∞–º–ø—É–Ω—å!!! –ù–∞ –∑–∞–≤—Ç—Ä–∞–∫–∞—Ö –Ω–µ –±—ã–ª–æ —Å—Ç–µ–∫–ª—è–Ω–Ω—ã—Ö –∫—Ä—É–∂–µ–∫ –¥–ª—è –∫–æ—Ñ–µ, –ø—Ä–µ–¥–ª–∞–≥–∞–ª–∏ –≤–æ—Å–ø–æ–ª—å–∑–æ–≤–∞—Ç—å—Å—è –ø–ª–∞—Å—Ç–∏–∫–æ–≤—ã–º–∏...–æ—Ç—Å—Ç–æ–π! –ß–µ—Ç—ã—Ä–µ –∑–≤–µ–∑–¥—ã —è–≤–Ω–æ –Ω–µ —Å—Ç–æ–∏—Ç, –º–∞–∫—Å–∏–º—É–º –¥–≤–µ, –∫—Ç–æ —Å–µ–±—è –Ω–µ –ª—é–±–∏—Ç —Ç–µ–º —Å—é–¥–∞((",,2,–∞–≤–≥—É—Å—Ç 2022 –≥.,–∞–≤–≥. 2022 –≥.,0,–õ–∏–ª–∏—è,https://www.tripadvisor.ru/Profile/_O7469AV,0,0,1,0,0,1,"–ù–æ–≤–æ—Å–∏–±–∏—Ä—Å–∫, –†–æ—Å—Å–∏—è",–∞–≤–≥. 2022 –≥.
"–ü–∞—Ä–∫-–æ—Ç–µ–ª—å ""–ê—è"" Aya Park Hotel",https://www.tripadvisor.ru/Hotel_Review-g4677719-d4651287-Reviews-Aya_Park_Hotel-Katun_Altai_Krai_Siberian_District.html,"—É–ª. –ù–∞–≥–æ—Ä–Ω–∞—è, 1, –ö–∞—Ç—É–Ω—å 659635 –†–æ—Å—Å–∏—è",–û—Ç–µ–ª–∏,,–û—Ç–µ–ª–∏,150,–í —Ü–µ–ª–æ–º –Ω–æ—Ä–º–∞–ª—å–Ω–æ,"–û—Ç–¥—ã—Ö–∞–ª–∏ –≤ 9 –∫–æ—Ç—Ç–µ–¥–∂–µ, –Ω–æ–º–µ—Ä 903. –ù–æ–º–µ—Ä –Ω–æ—Ä–º–∞–ª—å–Ω—ã–π, –µ—Å—Ç—å —Ö–æ–ª–æ–¥–∏–ª—å–Ω–∏–∫, —á–∞–π–Ω–∏–∫, —Ç–µ–ª–µ–≤–∏–∑–æ—Ä. –ü–æ—á–µ–º—É-—Ç–æ –∏–º–µ–Ω–Ω–æ –≤ —ç—Ç–æ–º –Ω–æ–º–µ—Ä–µ –±—ã–ª–∏ –≥–æ–ª—ã–µ —Å—Ç–µ–Ω—ã, —Ö–æ—Ç—è –≤ –¥—Ä—É–≥–∏—Ö –¥–µ–∫–æ—Ä–∞—Ç–∏–≤–Ω–∞—è —à—Ç—É–∫–∞—Ç—É—Ä–∫–∞. –¢–µ—Ä—Ä–∏—Ç–æ—Ä–∏—è –æ—Ç–µ–ª—è —É—Ö–æ–∂–µ–Ω–Ω–∞—è, —á–∏—Å—Ç–∞—è, –µ—Å—Ç—å –∫—É—á–∞ –ø–ª–∞—Ç–Ω—ã—Ö —Ä–∞–∑–≤–ª–µ—á–µ–Ω–∏–π –û—Ç–¥–µ–ª—å–Ω–æ —Ö–æ—á–µ—Ç—Å—è –æ—Ç–º–µ—Ç–∏—Ç—å –∑–∞–≤—Ç—Ä–∞–∫–∏, –æ—á–µ–Ω—å –±–æ–ª—å—à–æ–π –≤—ã–±–æ—Ä –±–ª—é–¥, –Ω–∞ –ª—é–±–æ–π –≤–∫—É—Å. –ö –±–æ–ª—å—à–æ–º—É –º–∏–Ω—É—Å—É —Ö–æ—á–µ—Ç—Å—è –æ—Ç–Ω–µ—Å—Ç–∏ –æ—Ç—Å—É—Ç—Å–≤–∏–µ —ç–ª–µ–º–µ–Ω—Ç–∞—Ä–Ω–æ–≥–æ –∏–≥—Ä–æ–≤–æ–≥–æ –∫–æ–º–ø–ª–µ–∫—Å–∞: –≥–æ—Ä–∫–∏, –∫–∞—á–µ–ª–∏, –ø–µ—Å–æ—á–Ω–∏—Ü–∞. –ê –µ—Å–ª–∏ –±—ã—Ç—å —Ç–æ—á–Ω–µ, —Ç–æ —Ä–∞–Ω–µ–µ –æ–Ω –±—ã–ª, –Ω–æ —Ç–µ–ø–µ—Ä—å –µ–≥–æ –ø–µ—Ä–µ–Ω–µ—Å–ª–∏ –≤ –ø–∞—Ä–∫ –∞—Ç—Ç—Ä–∞–∫—Ü–∏–æ–Ω–æ–≤ –∏ —Å–¥–µ–ª–∞–ª–∏ –ø–ª–∞—Ç–Ω—ã–º, 300 —Ä –∑–∞ 30 –º–∏–Ω—É—Ç. –í–∏—à–µ–Ω–∫–∞ –Ω–∞ —Ç–æ—Ä—Ç–µ –∏–≥—Ä–æ–≤–∞—è –≤ —Ä–µ—Å—Ç–æ—Ä–∞–Ω–µ –ì—Ä–∞–∞–ª—å, —É–∂–∞—Å–Ω–æ –≥—Ä—è–∑–Ω–∞—è. –ò–≥—Ä—É—à–µ–∫ –∫–∞–∫ —Ç–∞–∫–æ–≤—ã—Ö –Ω–µ—Ç, –≤—Å–µ —á—Ç–æ –∏–º–µ–µ—Ç—Å—è —Ç–æ –∫–∞—Ä–∞–Ω–¥–∞—à–∏ —Å –ª–∏—Å—Ç–∫–∞–º–∏, –∫–æ–Ω—Å—Ç—Ä—É–∫—Ç–æ—Ä –∏ –±–æ–ª—å—à–∏–µ –∫—É–±–∏–∫–∏. –ù–µ—É–∂–µ–ª–∏ –Ω–µ–ª—å–∑—è –æ–±—É—Å—Ç—Ä–æ–∏—Ç—å —Ö–æ—Ç—å –∫–∞–∫–∏–µ-—Ç–æ –±–µ—Å–ø–ª–∞—Ç–Ω—ã–µ –∑–æ–Ω—ã –¥–ª—è –¥–µ—Ç–µ–π, –≤–µ–¥—å –∫–∞–∂–¥–∞—è –≤—Ç–æ—Ä–∞—è —Å–µ–º—å—è –ø—Ä–∏–µ–∑–∂–∞–µ—Ç –∫ –≤–∞–º —Å –¥–µ—Ç—å–º–∏",,3,–∏—é–ª—å 2022 –≥.,–∏—é–ª—å 2022 –≥.,1,Yankasind,https://www.tripadvisor.ru/Profile/Yankasind,0,0,5,1,0,2,,–∞–≤–≥. 2016 –≥.
"–ü–∞—Ä–∫-–æ—Ç–µ–ª—å ""–ê—è"" Aya Park Hotel",https://www.tripadvisor.ru/Hotel_Review-g4677719-d4651287-Reviews-Aya_Park_Hotel-Katun_Altai_Krai_Siberian_District.html,"—É–ª. –ù–∞–≥–æ—Ä–Ω–∞—è, 1, –ö–∞—Ç—É–Ω—å 659635 –†–æ—Å—Å–∏—è",–û—Ç–µ–ª–∏,,–û—Ç–µ–ª–∏,150,–û—Ç–∑—ã–≤,"–û—Ç–¥—ã—Ö–∞–ª–∏ –≤ –±—É–Ω–≥–∞–ª–æ —Å 25 08 22 –ù–∞—à –±—É–Ω–≥–∞–ª–æ –±—ã–ª –∑–∞–Ω—è—Ç(–ø–æ—á–µ–º—É-—Ç–æ ?).–ó–∞—Å–µ–ª–∏–ª–∏ –≤ –¥—Ä—É–≥–æ–π.–ü—Ä–∏–µ–∑–∂–∞–µ—à—å –æ—Ç–¥–æ—Ö–Ω—É—Ç—å –æ—Ç –≥–æ—Ä–æ–¥—Å–∫–æ–≥–æ —à—É–º–∞,–Ω–æ –Ω–µ —Ç—É—Ç —Ç–æ –±—ã–ª–æ!–ú—É–∑—ã–∫–∞ —Ç–∞–∫ –≥—Ä–æ–º—ã—Ö–∞–µ—Ç,—á—Ç–æ —Å–ø–∞—Ç—å –Ω–µ –≤–æ–∑–º–æ–∂–Ω–æ!–°—É—â–µ—Å—Ç–≤—É—é—Ç –∂–µ –∫–∞–∫–∏–µ-—Ç–æ –Ω–æ—Ä–º—ã –ø—Ä–∏–ª–∏—á–∏—è?!–î–æ 5 —É—Ç—Ä–∞-—ç—Ç–æ –ø–µ—Ä–µ–±–æ—Ä.–ü–æ—á–µ–º—É –∞–¥–º–∏–Ω–∏—Å—Ç—Ä–∞—Ü–∏—è –Ω–µ –æ–≥–æ–≤–∞—Ä–∏–≤–∞–µ—Ç,—á—Ç–æ–±—ã –≥–æ—Å—Ç–∏ —Å–æ–±–ª—é–¥–∞–ª–∏ –Ω–æ—Ä–º—ã –ø—Ä–∏–ª–∏—á–∏—è –∏ —Ç–∏—à–∏–Ω—ã! –•–æ—Ç–µ–ª–æ—Å—å –±—ã —É—Å–ª—ã—à–∞—Ç—å –æ—Ç–≤–µ—Ç.",,3,–∞–≤–≥—É—Å—Ç 2022 –≥.,–æ—Ç–∑—ã–≤ –∞–≤–≥. 2022,0,–ù–µ–ª–ª–∏ –ì,https://www.tripadvisor.ru/Profile/E869KQ_,0,0,1,0,0,1,,–∞–≤–≥. 2022 –≥.
"–ü–∞—Ä–∫-–æ—Ç–µ–ª—å ""–ê—è"" Aya Park Hotel",https://www.tripadvisor.ru/Hotel_Review-g4677719-d4651287-Reviews-Aya_Park_Hotel-Katun_Altai_Krai_Siberian_District.html,"—É–ª. –ù–∞–≥–æ—Ä–Ω–∞—è, 1, –ö–∞—Ç—É–Ω—å 659635 –†–æ—Å—Å–∏—è",–û—Ç–µ–ª–∏,,–û—Ç–µ–ª–∏,150,"–û—á–µ–Ω—å –ø–æ–Ω—Ä–∞–≤–∏–ª–æ—Å—å, –≤–µ—Ä–Ω—ë–º—Å—è –µ—â—ë.","–û—Ç–¥—ã—Ö–∞–ª–∏ –≤ –ø–∞—Ä–∫ –æ—Ç–µ–ª–µ –≤ 2020 –≥–æ–¥—É –∏ —Å—Ä–∞–∑—É –ø–æ–Ω—è–ª–∏, —á—Ç–æ –≤–µ—Ä–Ω—ë–º—Å—è –µ—â—ë. –ù–∞–º –æ—á–µ–Ω—å –Ω—Ä–∞–≤–∏—Ç—Å—è —ç—Ç–æ –º–µ—Å—Ç–æ. –ì–û–°–¢–ò–ù–ò–¶–ê –ü—Ä–æ–∂–∏–≤–∞–ª–∏ –≤ –≥–æ—Å—Ç–∏–Ω–∏—Ü–µ –Æ–≥–æ—Å–ª–∞–≤—Å–∫–∞—è. –í —ç—Ç–æ–º –≥–æ–¥—É —Å–¥–µ–ª–∞–ª–∏ —Ä–µ–º–æ–Ω—Ç, —Ö–æ—Ç—è –∏ –¥–æ —ç—Ç–æ–≥–æ —Ç–∞–º –±—ã–ª–æ –ø—Ä–∏–ª–∏—á–Ω–æ. –ü–æ—Å—Ç–µ–ª—å–Ω–æ–µ, —Ö–∞–ª–∞—Ç—ã, –ø–æ–ª–æ—Ç–µ–Ω—Ü–∞ - –≤ –∏–¥–µ–∞–ª—å–Ω–æ–º —Å–æ—Å—Ç–æ—è–Ω–∏–∏, –∫–∞–∫ –±—É–¥—Ç–æ –º—ã –ø–µ—Ä–≤—ã–µ –∏–º–∏ –ø–æ–ª—å–∑–æ–≤–∞–ª–∏—Å—å. –ù–æ–º–µ—Ä –Ω–µ –±–æ–ª—å—à–æ–π, –Ω–æ —É—é—Ç–Ω—ã–π. –†–∞–¥—É–µ—Ç –Ω–∞–ª–∏—á–∏–µ –∏ –ø—Ä–æ—Å—Ç—Ä–∞–Ω—Å—Ç–≤–æ –±–∞–ª–∫–æ–Ω–æ–≤. –ó–ê–í–¢–†–ê–ö–ò –ó–∞–≤—Ç—Ä–∞–∫–∏ –∑–∞–º–µ—á–∞—Ç–µ–ª—å–Ω—ã–µ (–Ω–∞ –ª—é–±–æ–π –≤–∫—É—Å), –≥–æ—Ä—è—á–∞—è –≤—ã–ø–µ—á–∫–∞, –±–ª–∏–Ω—á–∏–∫–∏, –æ–º–ª–µ—Ç, –∫–∞—à–∏, –º–æ–ª–æ—á–Ω–∞—è –ø—Ä–æ–¥—É–∫—Ü–∏—è, —Ñ—Ä—É–∫—Ç—ã, –æ–≤–æ—â–∏, –∫–æ—Ñ–µ –∏ —Ç.–¥. –í—Ä–µ–º—è –¥–ª—è –∑–∞–≤—Ç—Ä–∞–∫–∞ –ø—Ä–µ–¥–æ—Å—Ç–∞—Ç–æ—á–Ω–æ, —ç—Ç–æ –∞–∫—Ç—É–∞–ª—å–Ω–æ –¥–ª—è —Ç–µ—Ö, –∫—Ç–æ –ª—é–±–∏—Ç –ø–æ—Å–ø–∞—Ç—å. –ë–ê–°–°–ï–ô–ù –≠—Ç–æ –æ—Ç–¥–µ–ª—å–Ω—ã–π –ø–ª—é—Å –¥–∞–Ω–Ω–æ–≥–æ –æ—Ç–µ–ª—è, —Ç–æ —á—Ç–æ –æ–Ω —Ä–∞–∑–¥–µ–ª–µ–Ω –Ω–∞ –∑–æ–Ω—ã. –ü–æ–¥–æ–≥—Ä–µ–≤ –∏ –º–µ–ª–∫–∞—è –≥–ª—É–±–∏–Ω–∞ –±–∞—Å—Å–µ–π–Ω–∞ –¥–ª—è –º–∞–ª—ã—à–µ–π –æ—á–µ–Ω—å —Ä–∞–¥—É–µ—Ç. –ù–∞—à —Å—ã–Ω 4-—Ö –ª–µ—Ç –≤–æ–æ–±—â–µ –Ω–µ –≤—ã–ª–∞–∑–∏–ª –æ—Ç —Ç—É–¥–∞ –ø–æ—Å–∫–æ–ª—å–∫—É –≤–æ–¥–∞ –∫–æ–º—Ñ–æ—Ä—Ç–Ω–∞—è. –•–æ—Ç–µ–ª–æ—Å—å –±—ã,—á—Ç–æ–± –≤–æ–¥–∞ –≤ –¥—Ä—É–≥–∏—Ö –±–∞—Å—Å–µ–π–Ω–∞—Ö —Ç–æ–∂–µ –ø–æ–¥–æ–≥—Ä–µ–≤–∞–ª–∞—Å—å. –®–µ–∑–ª–æ–Ω–≥–∏, –∑–æ–Ω—Ç–∏–∫–∏ –≤—Å–µ–≥–¥–∞ –µ—Å—Ç—å –≤ –Ω–∞–ª–∏—á–∏–∏. –í –æ–±—â–µ–º –Ω–∞–º –≤—Å—ë –ø–æ–Ω—Ä–∞–≤–∏–ª–æ—Å—å. –¢–µ—Ä—Ä–∏—Ç–æ—Ä–∏—è, –ø—Ä–∏–≤–µ—Ç–ª–∏–≤—ã–π –ø–µ—Ä—Å–æ–Ω–∞–ª, –∫–æ–Ω—Ç–µ–Ω–≥–µ–Ω—Ç –≥–æ—Å—Ç–µ–π.  –ò–∑ –º–∏–Ω—É—Å–æ–≤: –û—Ç—Å—É—Ç—Å—Ç–≤–∏–µ —Å—É—à–∏–ª–æ–∫ (–º–æ–∂–Ω–æ –Ω–∞ –±–∞–ª–∫–æ–Ω–µ –ø–æ—Ç–æ–ª–æ—á–Ω—ã–µ —Å–¥–µ–ª–∞—Ç—å) –û—Ç—Å—É—Ç—Å—Ç–≤–∏–µ –ø–∏—Ç—å–µ–≤–æ–π –≤–æ–¥—ã",,5,–∞–≤–≥—É—Å—Ç 2022 –≥.,–æ—Ç–∑—ã–≤ –∞–≤–≥. 2022,0,–í–µ—Ä–∞ –û,https://www.tripadvisor.ru/Profile/VeraOgon,0,0,1,0,0,1,,–∞–≤–≥. 2022 –≥.
"–ü–∞—Ä–∫-–æ—Ç–µ–ª—å ""–ê—è"" Aya Park Hotel",https://www.tripadvisor.ru/Hotel_Review-g4677719-d4651287-Reviews-Aya_Park_Hotel-Katun_Altai_Krai_Siberian_District.html,"—É–ª. –ù–∞–≥–æ—Ä–Ω–∞—è, 1, –ö–∞—Ç—É–Ω—å 659635 –†–æ—Å—Å–∏—è",–û—Ç–µ–ª–∏,,–û—Ç–µ–ª–∏,150,–í—Å–µ –æ—á–µ–Ω—å –ø–æ–Ω—Ä–∞–≤–∏–ª–æ—Å—å,"–ë—ã–ª–∏ —Ç–∞–º –Ω–∞ –∫–æ–Ω—Ñ–µ—Ä–µ–Ω—Ü–∏–∏. –û—Ç–∑—ã–≤—á–∏–≤—ã–π –ø–µ—Ä—Å–æ–Ω–∞–ª, –±–æ–ª—å—à–∞—è —Ç–µ—Ä—Ä–∏—Ç–æ—Ä–∏—è, –æ—Ç–ª–∏—á–Ω—ã–π –±–∞—Å—Å–µ–π–Ω. –û—á–µ–Ω—å –∫—Ä–∞—Å–∏–≤–∞—è –ø—Ä–∏—Ä–æ–¥–∞. –ù–∞ —Ç–µ—Ä—Ä–∏—Ç–æ—Ä–∏–∏ –±–µ–≥–∞—é—Ç –ø–æ—á—Ç–∏ —Ä—É—á–Ω—ã–µ –∫—Ä–æ–ª–∏–∫–∏ –∏ —Å—É—Å–ª–∏–∫–∏. –ü—Ä–µ–∫—Ä–∞—Å–Ω–æ–µ –æ–∑–µ—Ä–æ —Å –∫–∞—Ç–∞–º–∞—Ä–∞–Ω–∞–º–∏ –∏ SAP–∞–º–∏",,5,–∞–≤–≥—É—Å—Ç 2022 –≥.,–æ—Ç–∑—ã–≤ –∞–≤–≥. 2022,0,Andrey P,https://www.tripadvisor.ru/Profile/X2210PEandreyp,0,0,5,6,2,1,,–º–∞–π 2022 –≥.
"–ü–∞—Ä–∫-–æ—Ç–µ–ª—å ""–ê—è"" Aya Park Hotel",https://www.tripadvisor.ru/Hotel_Review-g4677719-d4651287-Reviews-Aya_Park_Hotel-Katun_Altai_Krai_Siberian_District.html,"—É–ª. –ù–∞–≥–æ—Ä–Ω–∞—è, 1, –ö–∞—Ç—É–Ω—å 659635 –†–æ—Å—Å–∏—è",–û—Ç–µ–ª–∏,,–û—Ç–µ–ª–∏,150,–ü–∞—Ä–∫ –æ—Ç–µ–ª—å –ê—è,"–û—Ç–¥—ã—Ö–∞–ª–∏ –≤ –Æ–≥–æ—Å–ª–∞–≤—Å–∫–æ–º, –∑–∞–±—Ä–æ–Ω–∏—Ä–æ–≤–∞–ª–∏ –ø–æ–∑–¥–Ω–æ –≤–µ—á–µ—Ä–æ–º –ª—é–∫—Å –Ω–∞ 4 —ç—Ç–∞–∂–µ –Ω–æ–º–µ—Ä 405. –í–æ-–ø–µ—Ä–≤—ã—Ö, –±–∞–ª–∫–æ–Ω—ã –Ω–∞–ø—Ä–æ—á—å –∑–∞–∫–ª–µ–µ–Ω—ã –ø–ª–µ–Ω–∫–æ–π, —Ç–∫ –∏–¥–µ—Ç —Ä–µ–º–æ–Ω—Ç —Ñ–∞—Å–∞–¥–∞ –∑–¥–∞–Ω–∏—è, –ø—Ä–∏—à–ª–æ—Å—å –æ–±–æ—Ä–≤–∞—Ç—å –ø–ª–µ–Ω–∫—É –¥—É—Ö–æ—Ç–∞ –Ω–µ–≤–æ–∑–º–æ–∂–Ω–∞—è, –≤–æ-–≤—Ç–æ—Ä—ã—Ö, –≤ –ª—é–∫—Å–µ –Ω–µ –±—ã–ª–æ –±—É—Ç–∏–ª–∏—Ä–æ–≤–∞–Ω–Ω–æ–π –≤–æ–¥—ã –∏ –∑—É–±–Ω—ã—Ö —â–µ—Ç–æ–∫!!! –í –≤–∞–Ω–Ω–æ–π –∑–∞—Å–æ—Ä–µ–Ω–∞ —Ä–∞–∫–æ–≤–∏–Ω–∞, –∞ –≤ –¥—É—à–µ–≤–æ–π –æ—Ç—Å—É—Ç—Å—Ç–≤—É—é—Ç –ø–æ–ª–∫–∏, –Ω–µ–∫—É–¥–∞ –ø–æ–ª–æ–∂–∏—Ç—å –º—ã–ª–æ –∏ —à–∞–º–ø—É–Ω—å!!! –ù–∞ –∑–∞–≤—Ç—Ä–∞–∫–∞—Ö –Ω–µ –±—ã–ª–æ —Å—Ç–µ–∫–ª—è–Ω–Ω—ã—Ö –∫—Ä—É–∂–µ–∫ –¥–ª—è –∫–æ—Ñ–µ, –ø—Ä–µ–¥–ª–∞–≥–∞–ª–∏ –≤–æ—Å–ø–æ–ª—å–∑–æ–≤–∞—Ç—å—Å—è –ø–ª–∞—Å—Ç–∏–∫–æ–≤—ã–º–∏...–æ—Ç—Å—Ç–æ–π! –ß–µ—Ç—ã—Ä–µ –∑–≤–µ–∑–¥—ã —è–≤–Ω–æ –Ω–µ —Å—Ç–æ–∏—Ç, –º–∞–∫—Å–∏–º—É–º –¥–≤–µ, –∫—Ç–æ —Å–µ–±—è –Ω–µ –ª—é–±–∏—Ç —Ç–µ–º —Å—é–¥–∞((",,2,–∞–≤–≥—É—Å—Ç 2022 –≥.,–∞–≤–≥. 2022 –≥.,0,–õ–∏–ª–∏—è,https://www.tripadvisor.ru/Profile/_O7469AV,0,0,1,0,0,1,"–ù–æ–≤–æ—Å–∏–±–∏—Ä—Å–∫, –†–æ—Å—Å–∏—è",–∞–≤–≥. 2022 –≥.
"–ü–∞—Ä–∫-–æ—Ç–µ–ª—å ""–ê—è"" Aya Park Hotel",https://www.tripadvisor.ru/Hotel_Review-g4677719-d4651287-Reviews-Aya_Park_Hotel-Katun_Altai_Krai_Siberian_District.html,"—É–ª. –ù–∞–≥–æ—Ä–Ω–∞—è, 1, –ö–∞—Ç—É–Ω—å 659635 –†–æ—Å—Å–∏—è",–û—Ç–µ–ª–∏,,–û—Ç–µ–ª–∏,150,–í —Ü–µ–ª–æ–º –Ω–æ—Ä–º–∞–ª—å–Ω–æ,"–û—Ç–¥—ã—Ö–∞–ª–∏ –≤ 9 –∫–æ—Ç—Ç–µ–¥–∂–µ, –Ω–æ–º–µ—Ä 903. –ù–æ–º–µ—Ä –Ω–æ—Ä–º–∞–ª—å–Ω—ã–π, –µ—Å—Ç—å —Ö–æ–ª–æ–¥–∏–ª—å–Ω–∏–∫, —á–∞–π–Ω–∏–∫, —Ç–µ–ª–µ–≤–∏–∑–æ—Ä. –ü–æ—á–µ–º—É-—Ç–æ –∏–º–µ–Ω–Ω–æ –≤ —ç—Ç–æ–º –Ω–æ–º–µ—Ä–µ –±—ã–ª–∏ –≥–æ–ª—ã–µ —Å—Ç–µ–Ω—ã, —Ö–æ—Ç—è –≤ –¥—Ä—É–≥–∏—Ö –¥–µ–∫–æ—Ä–∞—Ç–∏–≤–Ω–∞—è —à—Ç—É–∫–∞—Ç—É—Ä–∫–∞. –¢–µ—Ä—Ä–∏—Ç–æ—Ä–∏—è –æ—Ç–µ–ª—è —É—Ö–æ–∂–µ–Ω–Ω–∞—è, —á–∏—Å—Ç–∞—è, –µ—Å—Ç—å –∫—É—á–∞ –ø–ª–∞—Ç–Ω—ã—Ö —Ä–∞–∑–≤–ª–µ—á–µ–Ω–∏–π –û—Ç–¥–µ–ª—å–Ω–æ —Ö–æ—á–µ—Ç—Å—è –æ—Ç–º–µ—Ç–∏—Ç—å –∑–∞–≤—Ç—Ä–∞–∫–∏, –æ—á–µ–Ω—å –±–æ–ª—å—à–æ–π –≤—ã–±–æ—Ä –±–ª—é–¥, –Ω–∞ –ª—é–±–æ–π –≤–∫—É—Å. –ö –±–æ–ª—å—à–æ–º—É –º–∏–Ω—É—Å—É —Ö–æ—á–µ—Ç—Å—è –æ—Ç–Ω–µ—Å—Ç–∏ –æ—Ç—Å—É—Ç—Å–≤–∏–µ —ç–ª–µ–º–µ–Ω—Ç–∞—Ä–Ω–æ–≥–æ –∏–≥—Ä–æ–≤–æ–≥–æ –∫–æ–º–ø–ª–µ–∫—Å–∞: –≥–æ—Ä–∫–∏, –∫–∞—á–µ–ª–∏, –ø–µ—Å–æ—á–Ω–∏—Ü–∞. –ê –µ—Å–ª–∏ –±—ã—Ç—å —Ç–æ—á–Ω–µ, —Ç–æ —Ä–∞–Ω–µ–µ –æ–Ω –±—ã–ª, –Ω–æ —Ç–µ–ø–µ—Ä—å –µ–≥–æ –ø–µ—Ä–µ–Ω–µ—Å–ª–∏ –≤ –ø–∞—Ä–∫ –∞—Ç—Ç—Ä–∞–∫—Ü–∏–æ–Ω–æ–≤ –∏ —Å–¥–µ–ª–∞–ª–∏ –ø–ª–∞—Ç–Ω—ã–º, 300 —Ä –∑–∞ 30 –º–∏–Ω—É—Ç. –í–∏—à–µ–Ω–∫–∞ –Ω–∞ —Ç–æ—Ä—Ç–µ –∏–≥—Ä–æ–≤–∞—è –≤ —Ä–µ—Å—Ç–æ—Ä–∞–Ω–µ –ì—Ä–∞–∞–ª—å, —É–∂–∞—Å–Ω–æ –≥—Ä—è–∑–Ω–∞—è. –ò–≥—Ä—É—à–µ–∫ –∫–∞–∫ —Ç–∞–∫–æ–≤—ã—Ö –Ω–µ—Ç, –≤—Å–µ —á—Ç–æ –∏–º–µ–µ—Ç—Å—è —Ç–æ –∫–∞—Ä–∞–Ω–¥–∞—à–∏ —Å –ª–∏—Å—Ç–∫–∞–º–∏, –∫–æ–Ω—Å—Ç—Ä—É–∫—Ç–æ—Ä –∏ –±–æ–ª—å—à–∏–µ –∫—É–±–∏–∫–∏. –ù–µ—É–∂–µ–ª–∏ –Ω–µ–ª—å–∑—è –æ–±—É—Å—Ç—Ä–æ–∏—Ç—å —Ö–æ—Ç—å –∫–∞–∫–∏–µ-—Ç–æ –±–µ—Å–ø–ª–∞—Ç–Ω—ã–µ –∑–æ–Ω—ã –¥–ª—è –¥–µ—Ç–µ–π, –≤–µ–¥—å –∫–∞–∂–¥–∞—è –≤—Ç–æ—Ä–∞—è —Å–µ–º—å—è –ø—Ä–∏–µ–∑–∂–∞–µ—Ç –∫ –≤–∞–º —Å –¥–µ—Ç—å–º–∏",,3,–∏—é–ª—å 2022 –≥.,–∏—é–ª—å 2022 –≥.,1,Yankasind,https://www.tripadvisor.ru/Profile/Yankasind,0,0,5,1,0,2,,–∞–≤–≥. 2016 –≥.
"–ü–∞—Ä–∫-–æ—Ç–µ–ª—å ""–ê—è"" Aya Park Hotel",https://www.tripadvisor.ru/Hotel_Review-g4677719-d4651287-Reviews-Aya_Park_Hotel-Katun_Altai_Krai_Siberian_District.html,"—É–ª. –ù–∞–≥–æ—Ä–Ω–∞—è, 1, –ö–∞—Ç—É–Ω—å 659635 –†–æ—Å—Å–∏—è",–û—Ç–µ–ª–∏,,–û—Ç–µ–ª–∏,150,–í–ø–µ—á–∞—Ç–ª–µ–Ω–∏–µ –∏—Å–ø–æ—Ä—á–µ–Ω–æ,"–ü–æ—Å–µ—Ç–∏–ª–∏ —Å –¥–µ–≤–æ—á–∫–∞–º–∏ –ø–∞—Ä–∫ 10.07.2022–≥. –ü–µ—Ä–≤–æ–µ –≤–ø–µ—á–∞—Ç–ª–µ–Ω–∏–µ –æ—Ç —Ç–µ—Ä—Ä–∏—Ç–æ—Ä–∏–∏ –ø–æ–ª–æ–∂–∏—Ç–µ–ª—å–Ω–æ–µ, –µ—Å—Ç—å —Ö–æ—Ä–æ—à–∏–µ –ª–æ–∫–∞—Ü–∏–∏ –¥–ª—è —Ñ–æ—Ç–æ. –ù–æ....  –≤ –≤–æ–¥–µ –≤–æ –≤—Ä–µ–º—è —Ñ–æ—Ç–æ—Å–µ—Å—Å–∏–∏ —è –Ω–∞—Å—Ç—É–ø–∏–ª–∞ –Ω–∞ —Ä–∞–∑–±–∏—Ç—É—é –±—É—Ç—ã–ª–∫—É –∏ —Å–∏–ª—å–Ω–æ –ø–æ—Ä–µ–∑–∞–ª–∞ –Ω–æ–≥—É. –ù–∞ –ø–æ–º–æ—â—å –Ω–µ —Ç–æ—Ä–æ–ø—è—Å—å –ø—Ä–∏—à–ª–∞ –¥–µ–≤—É—à–∫–∞. (–û–¥–Ω–∞ –Ω–µ–∫–≤–∞–ª–∏—Ñ–∏—Ü–∏—Ä–æ–≤–∞–Ω–Ω—ã–π –º–µ–¥—Å–µ—Å—Ç—Ä–∞ –Ω–∞ –≤—Å—é —Ç–µ—Ä—Ä–∏—Ç–æ—Ä–∏—é).  –°–∫–æ—Ä—É –∂–¥–∞–ª–∏ —á–∞—Å. –ü–µ—Ä—Å–æ–Ω–∞–ª –ø—ã—Ç–∞–ª—Å—è –º–µ–Ω—è —É–±–µ–¥–∏—Ç—å, —á—Ç–æ —è –Ω–æ–≥—É –ø–æ—Ä–µ–∑–∞–ª–∞ –æ –∫–∞–º–Ω–∏. –ò —è–∫–æ–±—ã –º—É–∂—á–∏–Ω–∞ –Ω–µ–¥–∞–≤–Ω–æ —Ç–æ–∂–µ —Ç–∞–º –Ω–æ–≥—É –ø–æ—Ä–µ–∑–∞–ª. –í –∏—Ç–æ–≥–µ –ø–æ–∫–∞ –∂–¥–∞–ª–∏, –¥–µ–≤–æ—á–∫–∏ –¥–æ—Å—Ç–∞–ª–∏ –æ—Ç–¥—É–¥–∞ –±—É—Ç—ã–ª–∫—É –±–∏—Ç—É—é.  –°—á–∏—Ç–∞—é —á—Ç–æ –∑–∞ —Ç–µ –¥–µ–Ω—å–≥–∏, –∫–æ—Ç–æ—Ä—ã–µ –ª—é–¥–∏ –ø–ª–∞—Ç—è—Ç –∑–∞ –≤—Ö–æ–¥, –º–æ–∂–Ω–æ –±—ã–ª–æ –±—ã –ø–æ—Ç—Ä–∞—Ç–∏—Ç—å 15 –º–∏–Ω—É—Ç —É—Ç—Ä–æ–º, —á—Ç–æ–± —Ä–∞—Å—á–∏—Å—Ç—å –±–µ—Ä–µ–≥ –æ—Ç —Å—Ç–µ–∫–ª–∞ –∏ –º—É—Å–æ—Ä–∞!  –ë–µ—Ä–µ–≥–∏—Ç–µ —Å–µ–±—è!",,3,–∏—é–ª—å 2022 –≥.,–æ—Ç–∑—ã–≤ –∏—é–ª—å 2022,1,–¢–∞—Ç—å—è–Ω–∞ –¢,https://www.tripadvisor.ru/Profile/TANITA88888,0,0,1,1,0,1,,–∏—é–ª—å 2022 –≥.
"–ü–∞—Ä–∫-–æ—Ç–µ–ª—å ""–ê—è"" Aya Park Hotel",https://www.tripadvisor.ru/Hotel_Review-g4677719-d4651287-Reviews-Aya_Park_Hotel-Katun_Altai_Krai_Siberian_District.html,"—É–ª. –ù–∞–≥–æ—Ä–Ω–∞—è, 1, –ö–∞—Ç—É–Ω—å 659635 –†–æ—Å—Å–∏—è",–û—Ç–µ–ª–∏,,–û—Ç–µ–ª–∏,150,–û—Ç–¥—ã—Ö–∞–ª–∏ —Å —Å—É–ø—Ä—É–≥–æ–π.,"–ñ–∏–ª–∏ –≤ ""–Æ–≥–æ—Å–ª–∞–≤—Å–∫–æ–º"", —Å 15-29 –∏—é–Ω—è 2022–≥. –õ—é–∫—Å 2-—Ö –∫–æ–º–Ω–∞—Ç–Ω—ã–π, –Ω–∞ 3-–µ–º —ç—Ç–∞–∂–µ, –Ω–∞ 2-–æ–º –ø—Ä–æ–¥–æ–ª–∂–∞–ª—Å—è —Ä–µ–º–æ–Ω—Ç!. –ú—ã –∑–∞—Å–µ–ª–∏–ª–∏—Å—å –ø–µ—Ä–≤—ã–µ, –ø–æ—Å–ª–µ —Ä–µ–º–æ–Ω—Ç–∞ —ç—Ç–æ–≥–æ –Ω–æ–º–µ—Ä–∞! –í–æ –ø–µ—Ä–≤—ã—Ö –Ω–∏ –∫–∞–∫–æ–≥–æ –ø—Ä–∏–≤–µ—Ç—Å—Ç–≤–∏—è! (—Å—Ç–æ–∏–º–æ—Å—Ç—å 18 —Ç—ã—Å. –∑–∞ —Å—É—Ç–∫–∏), –≤ –ø—Ä–∏—Ö–æ–∂–µ–π –Ω–µ –≤–∫–ª—é—á–∞–ª—Å—è —Å–≤–µ—Ç, –¢–í, –≤ –æ–¥–Ω–æ–π –∫–æ–º–Ω–∞—Ç–µ –Ω–µ —Ä–∞–±–æ—Ç–∞–ª (–ø—Ä–æ—Å—Ç–æ –Ω–µ –±—ã–ª–æ —ç–ª.–ø–∏—Ç–∞–Ω–∏—è), –º–∞—Ç—Ä–∞—Å –æ—á–µ–Ω—å —Å—Ç–∞—Ä—ã–π –∏ –º—è–≥–∫–∏–π, –ø—Ä–∏—à–ª–æ—Å—å —Å–ø–∞—Ç—å –Ω–∞ –¥–∏–≤–∞–Ω–µ,–ö–æ–Ω–¥–∏—Ü–∏–æ–Ω–µ—Ä –±—ã–ª —Ç–æ–ª—å–∫–æ –≤ –æ–¥–Ω–æ–π –∫–æ–º–Ω–∞—Ç–µ –∏ –±–µ–∑ –ø—É–ª—å—Ç–∞.–°—É–ø—Ä—É–≥–∞ —Ü–µ–ª—ã–π –¥–µ–Ω—å –±–µ–≥–∞–ª–∞ –Ω–∞ —Ä–µ—Å–µ–ø—à–µ–Ω. –í–æ–æ–±—â–µ–º –¥–æ–ª–≥–æ –≤—Å–µ –æ–±—ä—è—Å–Ω—è—Ç—å. –¢–µ–ø–µ—Ä—å –æ —Ö–æ—Ä–æ—à–µ–º: —Ç–µ—Ä—Ä–∏—Ç–æ—Ä–∏—è –æ—á–µ–Ω—å –∫—Ä–∞—Å–∏–≤–∞—è,–∑–µ–ª–µ–Ω–∞—è, –±–∞—Å—Å–µ–π–Ω —Å—É–ø–µ—Ä!,–æ–∑–µ—Ä–æ —Å—É–ø–µ—Ä!. –ó–∞–≤—Ç—Ä–∞–∫–∏ –æ—Ç–ª–∏—á–Ω—ã–µ! –ù–µ –±—É–¥—É –ø–µ—Ä–µ—á–∏—Å–ª—è—Ç—å, –±—ã–ª–æ –≤—Å—ë. –¢–µ–ø–µ—Ä—å –Ω–µ–≥–∞—Ç–∏–≤: –¶–µ–ª—ã–µ –¥–µ–Ω—å –Ω–∞ –±–∞—Å—Å–µ–π–Ω–µ –≥—Ä–µ–º–µ–ª–∞ –∑–∞–±–æ–π–Ω–∞—è –º—É–∑—ã–∫–∞(–æ—á–µ–Ω—å –≥—Ä–æ–º–∫–∞—è) –∏ –Ω–∞ —ç–∫—Ä–∞–Ω–µ —à–ª–∞ —Ä–µ–∫–ª–∞–º–∞ –°–ü–ê, –ø–µ—Ä–µ–æ–¥–∏—á–µ—Å–∫–∏ –≤–∫–ª—é—á–∞–ª–∏ –∫–∞—á–µ–≥–∞—Ä–∫—É –∏ –¥—ã–º —à–µ–ª –Ω–∞ –±–∞—Å—Å–µ–π–Ω. –ê–Ω–∏–º–∞—Ü–∏–∏ –Ω–∏ –∫–∞–∫–æ–π –Ω–µ –±—ã–ª–æ, –∑–∞ –∏—Å–∫–ª—é—á–µ–Ω–∏–µ–º –ø–µ–Ω–Ω–æ–π –≤–µ—á–µ—Ä–∏–Ω–∫–∏ –¥–ª—è –¥–µ—Ç–µ–π.(–ó–∞ –ø—è—Ç—å –º–∏–Ω—É—Ç –¥–æ –Ω–∞—á–∞–ª–∞, –ø—Ä–æ–±–µ–≥–∞–ª–∞ –¥–µ–≤—É—à–∫–∞ –∏ —Å–æ–æ–±—â–∞–ª–∞ –æ–± —ç—Ç–æ–º).–ù–∏ –∫–∞–∫–æ–π —Ä–∞–∑–≤–ª–µ–∫–∞—Ç–µ–ª—å–Ω–æ–π –ø—Ä–æ–≥—Ä–∞–º–º—ã. (–•–æ—Ç–µ–ª –µ—â—ë –Ω–∞–ø–∏—Å–∞—Ç—å –ø—Ä–æ —Ç—Ä–µ–Ω–∞–∂–µ—Ä–Ω—ã–π –∑–∞–ª, –ø—Ä–æ—Å—Ç–æ –Ω–µ –±—É–¥—É!) –í —Ü–µ–ª–æ–º –ø—Ä–∏—Ä–æ–¥–∞ –æ–±–∞–ª–¥–µ–Ω–Ω–∞—è, —ç–∫—Å–∫—É—Ä—Å–∏–∏ —à–∏–∫–∞—Ä–Ω—ã–µ!",,3,–∏—é–Ω—å 2022 –≥.,–æ—Ç–∑—ã–≤ –∏—é–ª—å 2022,2,–ù–∏–∫–æ–ª–∞–π –ë,https://www.tripadvisor.ru/Profile/S2053XA_,0,0,1,2,0,1,,–∏—é–Ω—å 2022 –≥.
"–ü–∞—Ä–∫-–æ—Ç–µ–ª—å ""–ê—è"" Aya Park Hotel",https://www.tripadvisor.ru/Hotel_Review-g4677719-d4651287-Reviews-Aya_Park_Hotel-Katun_Altai_Krai_Siberian_District.html,"—É–ª. –ù–∞–≥–æ—Ä–Ω–∞—è, 1, –ö–∞—Ç—É–Ω—å 659635 –†–æ—Å—Å–∏—è",–û—Ç–µ–ª–∏,,–û—Ç–µ–ª–∏,150,–°–µ–º—å—è –≤ —Ä–∞—Å—Å—Ç—Ä–æ–π—Å—Ç–≤–µ,"–í–æ-–ø–µ—Ä–≤—ã—Ö, –≤ –Æ–≥–æ—Å–ª–∞–≤—Å–∫–æ–º —Ä–µ–º–æ–Ω—Ç. –ü–æ –º–∞—Å—à—Ç–∞–±–∞–º - –¥–æ –∑–∏–º—ã. –ñ–∏–ª–∏ –ø–æ–¥ –∑–≤—É–∫–∏ –ø–µ—Ä—Ñ–æ—Ä–∞—Ç–æ—Ä–∞. –¢–µ–ø–µ—Ä—å —Å–µ–ª—è—Ç —Å —Å–æ–±–∞–∫–∞–º–∏ - –Ω–æ—á—å—é —Å–ª—É—à–∞–ª–∏ –ª–∞–π —Å–æ–±–∞–∫. –î–µ—Ç—Å–∫–æ–π –∏–≥—Ä–æ–≤–æ–π –∑–æ–Ω—ã –Ω–∞ —É–ª–∏—Ü–µ –Ω–µ—Ç, —Ç.–µ. –µ—Å—Ç—å - –ø–ª–∞—Ç–Ω–∞—è - 300‚ÇΩ/30 –º–∏–Ω. –¶–µ–Ω—ã –Ω–∞ –≤—Å–µ –∫–æ–Ω—Å–∫–∏–µ - –∫—Ä—É–∂–∫–∞ –ø–∏–≤–∞ 500‚ÇΩ, –∫–æ–∫—Ç–µ–π–ª—å –±–µ–∑–∞–ª–∫–æ–≥–æ–ª—å–Ω—ã–π - 450‚ÇΩ –∏ —Ç.–¥. –í–æ–∑–ª–µ –±–∞—Å—Å–µ–π–Ω–∞ –ø–æ–ª —Å–≥–Ω–∏–ª, —Ç–æ—Ä—á–∞—Ç –≥–≤–æ–∑–¥–∏, –º–æ–∂–Ω–æ –ø–æ—Ä–∞–Ω–∏—Ç—å—Å—è. –î—ã–º–∏—Ç –∫–∞–∫–∞—è-—Ç–æ —Ç—Ä—É–±–∞, –Ω–∞ –≤—Å–µ–π —Ç–µ—Ä—Ä–∏—Ç–æ—Ä–∏–∏ –¥—ã—à–∞—Ç—å –Ω–µ—á–µ–º. –û—Ç–Ω–æ—à–µ–Ω–∏–µ –ø–µ—Ä—Å–æ–Ω–∞–ª–∞ —Ö–∞–º—Å–∫–æ–µ. –ë–æ–ª—å—à–µ —Å—é–¥–∞ –Ω–µ –ø—Ä–∏–µ–¥–µ–º.",,1,–∏—é–Ω—å 2022 –≥.,–æ—Ç–∑—ã–≤ –∏—é–Ω—å 2022,1,–ò–≤–∞–Ω –ë,https://www.tripadvisor.ru/Profile/L3475ZS_,0,0,2,1,0,1,,–∏—é–Ω—å 2022 –≥.
"–ü–∞—Ä–∫-–æ—Ç–µ–ª—å ""–ê—è"" Aya Park Hotel",https://www.tripadvisor.ru/Hotel_Review-g4677719-d4651287-Reviews-Aya_Park_Hotel-Katun_Altai_Krai_Siberian_District.html,"—É–ª. –ù–∞–≥–æ—Ä–Ω–∞—è, 1, –ö–∞—Ç—É–Ω—å 659635 –†–æ—Å—Å–∏—è",–û—Ç–µ–ª–∏,,–û—Ç–µ–ª–∏,150,–û—Ç–¥—ã—Ö–∞–ª –≤ —Ç–µ—á–µ–Ω–∏–∏ 3 –¥–Ω–µ–π —Å —Å—ã–Ω–æ–º 12 –ª–µ—Ç!,"–ù–µ —Ö–æ—Ç–µ–ª –ø–∏—Å–∞—Ç—å, –Ω–æ —Ä–∞–∑ –ø—Ä–æ–≤–æ–¥–∏—Ç—Å—è –æ—Ç–µ–ª—å –ø—Ä–æ–≤–æ–¥–∏—Ç –æ–ø—Ä–æ—Å;) –†–µ—à–∏–ª –∏ –∑–¥–µ—Å—å –æ—Å—Ç–∞–≤–∏—Ç—å –æ—Ç–∑—ã–≤! –ú–æ–∂–µ—Ç –∫–æ–º—É-—Ç–æ –æ–Ω –ø—Ä–∏–≥–æ–¥–∏—Ç—å—Å—è! –ü—Ä–∏ –æ—Ç–ª–∏—á–Ω–æ–º –æ—Ç–µ–ª–µ - —á—É–¥–æ–≤–∏—â–Ω–∞—è –∂—É—Ç–∫–∞—è –æ—Ä–≥–∞–Ω–∏–∑–∞—Ü–∏—è —Ä–∞–±–æ—Ç—ã –ø–µ—Ä—Å–æ–Ω–∞–ª–∞! –í–∏–¥–Ω–æ, —á—Ç–æ –¥–µ–Ω—å–≥–∏ –≤–∫–ª–∞–¥—ã–≤–∞—é—Ç—Å—è, –Ω–æ –µ—Å–ª–∏ –ø–µ—Ä—Å–æ–Ω–∞–ª –±—É–¥–µ—Ç —Ç–∞–∫ —Ä–∞–±–æ—Ç–∞—Ç—å - —Å–æ–±—Å—Ç–≤–µ–Ω–Ω–∏–∫ –±–∞–Ω–∞–ª—å–Ω–æ –Ω–∏—á–µ–≥–æ –Ω–µ –∑–∞—Ä–∞–±–æ—Ç–∞–µ—Ç. –ù–∞ –†–µ—Ü–µ–ø—à–Ω- –∑–∞–µ–∑–∂–∞–ª –ø–∞—Ä–∞–ª–ª–µ–ª—å–Ω–æ —Å –µ—â—ë –æ–¥–Ω–∏–º –≥–æ—Å—Ç–µ–º, –≤—ã–¥–∞–ª–∏ –±—Ä–∞—Å–ª–µ—Ç—ã, –æ–Ω–∏ –∂–µ –∏ –∫–ª—é—á –æ—Ç –Ω–æ–º–µ—Ä–∞ (—ç—Ç–æ –∫—Å—Ç–∞—Ç–∏ –æ—á–µ–Ω—å –∑–¥–æ—Ä–æ–≤–æ!), –Ω–æ ‚Ä¶ –ò —è, –∏ –∂–µ–Ω—â–∏–Ω–∞, –∑–∞–µ–∑–∂–∞—é—â–∞—è –ø–∞—Ä–∞–ª–ª–µ–ª—å–Ω–æ —Å–æ –º–Ω–æ–π, —Å–º–æ–≥–ª–∏ –æ—Ç–∫—Ä—ã—Ç—å –Ω–æ–º–µ—Ä–∞ —Ç–æ–ª—å–∫–æ —Å 3 —Ä–∞–∑–∞!!!! –î–ª—è —ç—Ç–æ–≥–æ –ø–æ—Å—Ç–æ—è–Ω–Ω–æ –ø—Ä–∏—Ö–æ–¥–∏–ª–æ—Å—å —Å–ø—É—Å–∫–∞—Ç—å—Å—è –Ω–∞ –†–µ—Ü–µ–ø—à–Ω! –í –Ω–æ–º–µ—Ä–µ —É–±–∏—Ä–∞–ª–∏—Å—å –∑–∞ 3 –¥–Ω—è —É–±—Ä–∞–ª–∏—Å—å –æ–¥–∏–Ω —Ä–∞–∑, –Ω–∞ –≤—Ç–æ—Ä–æ–π –¥–µ–Ω—å (–≤–µ—á–µ—Ä–æ–º) –ø—Ä–∏—à–ª–∏ —Å —É–±–æ—Ä–∫–æ–π –∏ –ø–æ–ø—Ä–æ—Å–∏–ª–∏ –ø–æ–≥—É–ª—è—Ç—å —á–∞—Å–æ–∫, —è –µ—Å—Ç–µ—Å—Ç–≤–µ–Ω–Ω–æ –æ—Ç —É–±–æ—Ä–∫–∏ –æ—Ç–∫–∞–∑–∞–ª—Å—è! –ù–µ –ø–æ–Ω–∏–º–∞—é –ø–æ—á–µ–º—É –Ω–µ–ª—å–∑—è –±—ã–ª–æ —Å–¥–µ–ª–∞—Ç—å —É–±–æ—Ä–∫—É –≤ —Ç–µ—á–µ–Ω–∏–∏ –¥–Ω—è, –∫–æ–≥–¥–∞ –Ω–∞—Å —Ç–∞–º –Ω–µ –±—ã–ª–æ. –ù–µ –±—ã–ª–æ —Ü–µ–ª—ã–π –¥–µ–Ω—å!!!! –û—Ç–¥–µ–ª—å–Ω–∞—è –ø–µ—Å–Ω—è - –µ–¥–∞! –ó–∞–≤—Ç—Ä–∞–∫ –≤ –ø—Ä–∏–Ω—Ü–∏–ø–µ –Ω–µ–ø–ª–æ—Ö–æ–π, –¥–æ—Å—Ç–∞—Ç–æ—á–Ω–æ —Ä–∞–∑–Ω–æ–æ–±—Ä–∞–∑–Ω—ã–π, –Ω–æ —Å–∫–æ–ª—å–∫–æ –Ω–µ –ø—Ä–∏—Ö–æ–¥–∏–ª–∏ –Ω–µ –±—ã–ª–æ –±—É—Ç–∏–ª–∏—Ä–æ–≤–∞–Ω–Ω–æ–π –ø–∏—Ç—å–µ–≤–æ–π –≤–æ–¥—ã, –∫–∞–∫ —Å–∫–∞–∑–∞–ª –ø–µ—Ä—Å–æ–Ω–∞–ª - –∑–∞–∫—É–ø–∞—é—Ç –º–∞–ª–æ, —Å –≤–µ—á–µ—Ä–∞ –≤—Å–µ –≤—ã–ø–∏–≤–∞—é—Ç –Ω–∞ –∑–∞–≤—Ç—Ä–∞–∫ –Ω–µ —Ö–≤–∞—Ç–∞–µ—Ç! ‚Äç‚Äç‚Äç–ë—Ä–µ–¥!!!!!! –ö—É–¥–∞ —Å–º–æ—Ç—Ä–∏—Ç —Å–æ–±—Å—Ç–≤–µ–Ω–Ω–∏–∫! –ù–µ –º–æ–∂–µ—Ç–µ –∫—É–ø–∏—Ç—å - –Ω–∞–∫–∏–ø—è—Ç–∏—Ç–µ —Å –≤–µ—á–µ—Ä–∞ - –∑–∞ –Ω–æ—á—å –æ—Å—Ç—ã–Ω–µ—Ç! –û–±—Å–ª—É–∂–∏–≤–∞–Ω–∏–µ –≤ —Ä–µ—Å—Ç–æ—Ä–∞–Ω–∞—Ö –æ—Å—Ç–∞–≤–ª—è–µ—Ç –∂–µ–ª–∞—Ç—å –ª—É—á—à–µ–≥–æ! –†–∞–∑ –Ω–∞ —Ä–∞–∑ –Ω–∞ –ø—Ä–∏—Ö–æ–¥–∏—Ç—Å—è! –ü—ã—Ç–∞–ª–∏—Å—å –ø–æ—É–∂–∏–Ω–∞—Ç—å –≤ –Æ–≥–æ—Å–ª–∞–≤—Å–∫–æ–º, –ø—Ä–æ—Å–∏–¥–µ–ª–∏ –∑–∞ —Å—Ç–æ–ª–∏–∫–æ–º —Å —Ä–µ–±—ë–Ω–∫–æ–º –æ–∫–æ–ª–æ –ø–æ–ª—É—á–∞—Å–∞ - –Ω–∏–∫—Ç–æ –Ω–µ –ø–æ–¥–æ—à—ë–ª. –£—à–ª–∏, –ø—Ä–∏—à–ª–æ—Å—å –µ—Å—Ç—å –≤ –±–µ–∑–æ–±—Ä–∞–∑–Ω–æ–º —Ä–µ—Å—Ç–æ—Ä–∞–Ω–µ –æ–∫–æ–ª–æ –±–∞—Å—Å–µ–π–Ω–∞, —ç—Ç–æ –≤–æ–æ–±—â–µ –æ—Ç–¥–µ–ª—å–Ω–∞—è –∏—Å—Ç–æ—Ä–∏—è, –¥–∞–∂–µ –Ω–∞ –±—É–¥—É –≤—Å–µ –æ–ø–∏—Å—ã–≤–∞—Ç—å, –Ω–æ –æ–¥–Ω–æ‚Ä¶ –ü—Ä–∏–≥–ª–∞—Å–∏–ª–∏ –∫ –∫–∞—Å—Å–µ, —á—Ç–æ –±—ã –æ–ø–ª–∞—Ç–∏—Ç—å, –º–∏–Ω—É—Ç 10 –ø—Ä–æ—Å—Ç–æ—è–ª –≤ –æ—á–µ—Ä–µ–¥–∏ –∏–∑ 3 —á–µ–ª–æ–≤–µ–∫–∞ (–Ω–∞–ø–æ–º–Ω—é, —ç—Ç–æ —Ä–µ—Å—Ç–æ—Ä–∞–Ω!!!!!!), —Ç–∞–∫ –ø—Ä–∏ –æ–ø–ª–∞—Ç–µ –µ—â—ë –∏ –∫–∞—Ä—Ç—Ä–∞–π–¥–µ—Ä –æ—Ç–∫–ª—é—á–∏–ª—Å—è)))))))) –°—É–ø–µ—Ä —Å–µ—Ä–≤–∏—Å!!!! –ò –≤–µ–∑–¥–µ-–≤–µ–∑–¥–µ –ø—Ä–∏–º–µ—Ä–Ω–æ —Ç–∞–∫! –Ø –ø–æ–Ω–∏–º–∞—é, —á—Ç–æ –æ—Ç–¥—ã—Ö–∞—Ç—å –ø–æ–µ–¥—É—Ç –∏ —Ç–∞–∫, –∏ –º–Ω–æ–≥–∏–µ —Ç–∞–º —Å–ª–∞—â–µ –º–æ—Ä–∫–æ–≤–∫–∏ –Ω–µ –≤–∏–¥–µ–ª–∏ –Ω–∏—á–µ–≥–æ, –Ω–æ –≤—Å–µ –∂–µ ‚Ä¶ –û–±–∏–¥–Ω–æ –∫–∞–∫-—Ç–æ! –ò –µ—â—ë —Å–æ–≤–µ—Ç: –ø–æ–∫–∞–∑—ã–≤–∞—é—Ç –≤–µ—á–µ—Ä–æ–º –∫–∏–Ω–æ –æ–∫–æ–ª–æ –±–∞—Å—Å–µ–π–Ω–∞ –Ω–∞ –±–æ–ª—å—à–æ–º —ç–∫—Ä–∞–Ω–µ - —ç—Ç–æ –∑–¥–æ—Ä–æ–≤–æ, –Ω–æ –≤—Å–µ –∫–∞—Ñ–µ –∏ –±–∞—Ä—ã –≤ —ç—Ç–æ –≤—Ä–µ–º—è —É–∂–µ –∑–∞–∫—Ä—ã—Ç—ã. –ê —Ö–æ—á–µ—Ç—Å—è —Å–º–æ—Ç—Ä–µ—Ç—å –∫–∏–Ω–æ, –≥—Ä—ã–∑—Ç—å –ø–æ–ø–∫–æ—Ä–Ω –∏–ª–∏ —á–∏–ø—Å—ã, –ø–∏—Ç—å –∫–æ–ª—É. –°–æ–±—Å—Ç–≤–µ–Ω–Ω–∏–∫, —Ç–µ—Ä—è–µ—à—å –¥–µ–Ω—å–≥–∏! –ò –±—Ä–∞—Å–ª–µ—Ç—ã - —Å–¥–µ–ª–∞–π—Ç–µ –æ–±—è–∑–∞—Ç–µ–ª—å–Ω—ã–π –¥–µ–ø–æ–∑–∏—Ç, —É–±–µ—Ä–∏—Ç–µ —Å —Ç–µ—Ä—Ä–∏—Ç–æ—Ä–∏–∏ –≤—Å–µ –∫–∞—Å—Å—ã –∏ –∫–∞—Ä—Ç—Ä–∞–π–¥–µ—Ä—ã! –ñ–µ—Å—Ç–∫–∏–π —Ä–∞—Å—á—ë—Ç —Ç–æ–ª—å–∫–æ –ø–æ –±—Ä–∞—Å–ª–µ—Ç–∞–º! –ù–æ –ø—Ä–∏ —ç—Ç–æ–º –∏—Ö –ø–æ–ø–æ–ª–Ω–µ–Ω–∏–µ –Ω–∞ —Ç–µ—Ä—Ä–∏—Ç–æ—Ä–∏–∏ –¥–æ–ª–∂–Ω–æ –±—ã—Ç—å –∫—Ä—É–≥–ª–æ—Å—É—Ç–æ—á–Ω—ã–º! –ò –µ—â—ë –¥–ª—è —Å–æ–±—Å—Ç–≤–µ–Ω–Ω–∏–∫–∞, –ø–µ—Ä—Å–æ–Ω–∞–ª –≤–æ–æ–±—â–µ–º —Ç–æ –Ω–µ –ø–ª–æ—Ö–æ–π, –∞ –≤–æ—Ç –º–µ–Ω–µ–¥–∂–º–µ–Ω—Ç - –≥‚Ä¶–æ! –¢–µ—Ä—è–µ—Ç–µ –¥–µ–Ω—å–≥–∏! –ú–æ–∂–Ω–æ –µ—â—ë –º–Ω–æ–≥–æ –Ω–∞–ø–∏—Å–∞—Ç—å, –Ω–æ ‚Ä¶ –ò —ç—Ç–æ–≥–æ —Ö–≤–∞—Ç–∏—Ç. –î–ª—è —Ç–∞–∫–æ–π —Ü–µ–Ω—ã - —Å–µ—Ä–≤–∏—Å –¥–æ–ª–∂–µ–Ω –±—ã—Ç—å –ø–æ–≤—ã—à–µ! –ë–æ–ª—å—à–µ –≤—Å–µ–≥–æ –ø–æ–Ω—Ä–∞–≤–∏–ª–∏—Å—å —Å—É—Å–ª–∏–∫–∏ –∏ –∫—Ä–æ–ª–∏–∫!",,2,–∏—é–Ω—å 2022 –≥.,–∏—é–Ω—å 2022 –≥.,3,mvsh74,https://www.tripadvisor.ru/Profile/mvsh74,0,0,4,14,1,5,"–ö–∞–∑–∞–Ω—å, –†–æ—Å—Å–∏—è",–∏—é–ª—å 2014 –≥.
"–ü–∞—Ä–∫-–æ—Ç–µ–ª—å ""–ê—è"" Aya Park Hotel",https://www.tripadvisor.ru/Hotel_Review-g4677719-d4651287-Reviews-Aya_Park_Hotel-Katun_Altai_Krai_Siberian_District.html,"—É–ª. –ù–∞–≥–æ—Ä–Ω–∞—è, 1, –ö–∞—Ç—É–Ω—å 659635 –†–æ—Å—Å–∏—è",–û—Ç–µ–ª–∏,,–û—Ç–µ–ª–∏,150,–•—É–¥—à–∏–π –æ—Ç–µ–ª—å –Ω–∞ –º–æ–µ–π –ø–∞–º—è—Ç–∏,"–û–º–µ—Ä–∑–∏—Ç–µ–ª—å–Ω—ã–π –æ—Ç–µ–ª—å. –í –±—É–Ω–≥–∞–ª–æ –≥–¥–µ –æ—Å—Ç–∞–Ω–æ–≤–∏–ª–∞—Å—å –º–æ—è –º–∞–º–∞, –ø–æ—Å—Ç—É–ø–∞–ª –¥—ã–º –∏–∑ –±–∞–Ω–∏. –ë—ã–ª–æ –≤–æ–∑–º–æ–∂–Ω–æ –æ—Ç—Ä–∞–≤–ª–µ–Ω–∏–µ —É–≥–∞—Ä–Ω—ã–º –≥–∞–∑–æ–º. –ù–æ—á—å—é –∏–≥—Ä–∞–µ—Ç –º—É–∑—ã–∫–∞, –Ω–µ–≤–æ–∑–º–æ–∂–Ω–æ –∑–∞—Å–Ω—É—Ç—å. –ü–µ—Ä—Å–æ–Ω–∞–ª –∫—Ä–∞–π–Ω–µ –Ω–µ–∫–æ–º–ø–µ—Ç–µ–Ω—Ç–µ–Ω. –û–±—â–∞—é—Ç—Å—è –ø–æ —Ö–∞–º—Å–∫–∏. –í —Ä–µ—Å—Ç–æ—Ä–∞–Ω–µ –∂–¥–∞–ª–∏ –±–ª—é–¥–∞ 2 —á–∞—Å–∞.",,1,–∏—é–Ω—å 2022 –≥.,–æ—Ç–∑—ã–≤ –∏—é–Ω—å 2022,3,–î–º–∏—Ç—Ä–∏–π –°,https://www.tripadvisor.ru/Profile/Road53284865860,0,0,1,3,0,1,,–º–∞—Ä—Ç 2021 –≥.
"–ü–∞—Ä–∫-–æ—Ç–µ–ª—å ""–ê—è"" Aya Park Hotel",https://www.tripadvisor.ru/Hotel_Review-g4677719-d4651287-Reviews-Aya_Park_Hotel-Katun_Altai_Krai_Siberian_District.html,"—É–ª. –ù–∞–≥–æ—Ä–Ω–∞—è, 1, –ö–∞—Ç—É–Ω—å 659635 –†–æ—Å—Å–∏—è",–û—Ç–µ–ª–∏,,–û—Ç–µ–ª–∏,150,–ü–∞—Ä–∫- –û—Ç–µ–ª—å ''–ê–Ø'',"–î–æ–±—Ä—ã–π –¥–µ–Ω—å! –•–æ—á—É –ø–æ–¥–µ–ª–∏—Ç—å—Å—è —Å –≤–∞–º–∏ —Å–≤–æ–∏–º–∏ –≤–ø–µ—á–∞—Ç–ª–µ–Ω–∏—è–º–∏ –æ –Ω–∞—Ö–æ–∂–¥–µ–Ω–∏–∏ –≤ —ç—Ç–æ–º –ø—Ä–µ–∫—Ä–∞—Å–Ω–æ–º –æ—Ç–µ–ª–µ)  –û—Ç–¥—ã—Ö–∞—é –≤ —ç—Ç–æ–º –æ—Ç–µ–ª–µ –Ω–µ –ø–µ—Ä–≤—ã–π —Ä–∞–∑ –∏ —Ö–æ—á—É –æ—Ç–º–µ–Ω–∏—Ç—å, –Ω–∞–ª–∏—Ü–æ —É–ª—É—á—à–µ–Ω–∏—è, –ø–æ —Å—Ä–∞–≤–Ω–µ–Ω–∏—é —Å –ø—Ä–æ—à–ª—ã–º –≥–æ–¥–æ–º) –ü—Ä–æ–∂–∏–≤–∞–ª–∞ –≤ –±—É–Ω–≥–∞–ª–æ –Ω–∞ –±–µ—Ä–µ–≥—É –æ–∑–µ—Ä–∞, –∫–∞–∂–¥—ã–π –¥–µ–Ω—å –ø–æ—Ç—Ä—è—Å–∞—é—â–∏–µ –∑–∞–∫–∞—Ç—ã –∏ —Ä–∞—Å—Å–≤–µ—Ç—ã üåÖ, —Å–≤–µ–∂–∏–π –≤–æ–∑–¥—É—Ö, –ø–µ–Ω–∏–µ –ø—Ç–∏—Ü –∏ —Å–ª–∞–¥–∫–∏–π —Å–æ–Ω) –ù–∞ —Ç–µ—Ä—Ä–∏—Ç–æ—Ä–∏–∏ –æ—Ç–µ–ª—è: –æ–∑–µ—Ä–æ —Å —á–∏—Å—Ç–æ–π –≤–æ–¥–æ–π, –∫—Ä–∞—Å–∏–≤—ã–π –±–∞–Ω–∫–µ—Ç–Ω—ã–π –∑–∞–ª, –≥–¥–µ –º–æ–∂–Ω–æ –æ—Ç–ø—Ä–∞–∑–¥–Ω–æ–≤–∞—Ç—å –ø—Ä–∞–∑–¥–Ω–∏–∫ ü•≥, –æ–≥—Ä–æ–º–Ω—ã–π –±–∞—Å—Å–µ–π–Ω, –≥–¥–µ –≤—Å–µ–≥–¥–∞ –∏–≥—Ä–∞–µ—Ç –ø—Ä–∏—è—Ç–Ω–∞—è –º—É–∑—ã–∫–∞, –∞ –≤–µ—á–µ—Ä–æ–º –º–æ–∂–Ω–æ –Ω–∞ –±–æ–ª—å—à–æ–º —ç–∫—Ä–∞–Ω–µ –ø–æ—Å–º–æ—Ç—Ä–µ—Ç—å –º—É–ª—å—Ç–∏–∫–∏ –∏–ª–∏ —Ñ–∏–ª—å–º—ã, –æ—Ç–ª–∏—á–Ω–æ–µ —Å–ø–∞, —É—Ö–æ–∂–µ–Ω–Ω–∞—è –∏ –±–æ–ª—å—à–∞—è —Ç–µ—Ä—Ä–∏—Ç–æ—Ä–∏—è, –≤–∫—É—Å–Ω–∞—è –µ–¥–∞ –≤ –∞—Å—Å–æ—Ä—Ç–∏–º–µ–Ω—Ç–µ, —Ä–µ–∫–æ–º–µ–Ω–¥—É—é –ø–æ–ø—Ä–æ–±–æ–≤–∞—Ç—å –≥—Ä–µ—á–∫—É —Å –≥—Ä–∏–±–∞–º–∏, –¥—Ä–∞–Ω–∏–∫–∏, –∫–∞–∫ —É –±–∞–±—É—à–∫–∏ –≤ –¥–µ—Ä–µ–≤–Ω–µ, —Å–≤–µ–∂–∞–π—à—É—é —Å—Ç—Ä–æ–≥–∞–Ω–∏–Ω—É, –º—è—Å–æ –º–∞—Ä–∞–ª–∞, —Ç—Ä–∞–≤—è–Ω—ã–µ –∞–ª—Ç–∞–π—Å–∫–∏–µ —á–∞–∏ –∏ —Ñ–æ—Ä—à—Ç–∞–¥—Ç—Å–∫–æ–µ –ø–∏–≤–æ), —Ö–æ—Ä–æ—à–µ–µ –æ–±—Å–ª—É–∂–∏–≤–∞–Ω–∏–µ, –∫–∞—á–µ—Å—Ç–≤–µ–Ω–Ω–∞—è —É–±–æ—Ä–∫–∞ –Ω–æ–º–µ—Ä–æ–≤, —Å–≤–µ–∂–µ–µ –ø–æ—Å—Ç–µ–ª—å–Ω–æ–µ –±–µ–ª—å—ë –∏ –±–µ–ª–æ—Å–Ω–µ–∂–Ω—ã–µ –ø–æ–ª–æ—Ç–µ–Ω—Ü–∞ , –Ω–∞ —Ç–µ—Ä—Ä–∏—Ç–æ—Ä–∏–∏ –æ—Ç–µ–ª—è –±–µ–≥–∞—é—Ç —Å—É—Å–ª–∏–∫–∏ –∏ –∫—Ä–æ–ª–∏–∫–∏, —á—Ç–æ –º–æ–∂–µ—Ç –ø–æ—Ä–∞–¥–æ–≤–∞—Ç—å, —Ç–µ—Ö –∫—Ç–æ –ø—Ä–∏–µ–¥–µ—Ç —Å –¥–µ—Ç–∫–∞–º–∏) –ù–∞ –º–æ–π –≤–∑–≥–ª—è–¥ –æ—Ç–ª–∏—á–Ω–æ–µ –º–µ—Å—Ç–æ –¥–ª—è —Ä–µ—Ç—Ä–∏—Ç–æ–≤ –∏–ª–∏ –¥–ª—è —Ç–µ—Ö, –∫—Ç–æ —Ö–æ—á–µ—Ç —É–µ–¥–∏–Ω–∏—Ç—å—Å—è –Ω–∞–µ–¥–∏–Ω–µ —Å –ø—Ä–∏—Ä–æ–¥–æ–π.  –ù–∞—Å—Ç–æ–ª—å–∫–æ –±—ã–ª–æ —Ö–æ—Ä–æ—à–æ –∏ –∞—Ç–º–æ—Å—Ñ–µ—Ä–Ω–æ, —á—Ç–æ —è –ø—Ä–æ–¥–ª–∏–ª–∞ –æ—Ç–¥—ã—Ö –µ—â—ë –Ω–∞ –ø–∞—Ä—É –¥–Ω–µ–π) –†–µ–∫–æ–º–µ–Ω–¥—É—é –≤—Å–µ–º –æ–±—è–∑–∞—Ç–µ–ª—å–Ω–æ –∑–¥–µ—Å—å –ø–æ–±—ã–≤–∞—Ç—å –∏ –Ω–∞—Å–ª–∞–¥–∏—Ç—å—Å—è —ç—Ç–∏–º –º–µ—Å—Ç–æ–ºüôåüèº‚ò∫Ô∏è",,5,–∏—é–Ω—å 2022 –≥.,–∏—é–Ω—å 2022 –≥.,1,–í–∏–∫—Ç–æ—Ä–∏—è,https://www.tripadvisor.ru/Profile/_A5639AF,0,0,1,1,0,1,,–∏—é–Ω—å 2022 –≥.
"–ü–∞—Ä–∫-–æ—Ç–µ–ª—å ""–ê—è"" Aya Park Hotel",https://www.tripadvisor.ru/Hotel_Review-g4677719-d4651287-Reviews-Aya_Park_Hotel-Katun_Altai_Krai_Siberian_District.html,"—É–ª. –ù–∞–≥–æ—Ä–Ω–∞—è, 1, –ö–∞—Ç—É–Ω—å 659635 –†–æ—Å—Å–∏—è",–û—Ç–µ–ª–∏,,–û—Ç–µ–ª–∏,150,–ù–∞ –ê–ª—Ç–∞–µ –≤–ø–µ—Ä–≤—ã–µ –∏ –≤–µ—Ä–Ω—ë–º—Å—è —Å–Ω–æ–≤–∞ –∏ —Å–Ω–æ–≤–∞.,"–ú–µ—Å—Ç–∞ –±–ª–∞–≥–æ–¥–∞—Ä–Ω—ã–µ, –∫—Ä–∞—Å–∏–≤—ã–µ‚Ä¶–∑–µ–º–ª—è, –æ–∑–µ—Ä–æ, –∑–∞–∫–∞—Ç—ã‚Ä¶ –í—ã–±–∏—Ä–∞–ª–∏ –º–µ—Å—Ç–æ –¥–æ—Å—Ç–∞—Ç–æ—á–Ω–æ –¥–æ–ª–≥–æ, –æ—Å—Ç–∞–Ω–æ–≤–∏–ª–∏—Å—å –≤ –ø–∞—Ä–∫ - –æ—Ç–µ–ª—å –ê—è –∏ –Ω–µ –ø–æ–∂–∞–ª–µ–ª–∏. –î–µ–π—Å—Ç–≤–∏—Ç–µ–ª—å–Ω–æ –æ—á–µ–Ω—å –±–æ–ª—å—à–∞—è —Ç–µ—Ä—Ä–∏—Ç–æ—Ä–∏—è, –∑–µ–ª—ë–Ω–∞—è, –Ω–µ–≤–µ—Ä–æ—è—Ç–Ω—ã–µ –µ–ª–∏, –∫—Ä–∞—Å–∏–≤—ã–π –ª–∞–Ω–¥—à–∞—Ñ—Ç, —á–∞—Å–æ–≤–Ω—è, –≤–∏–¥ –Ω–∞ –ö–∞—Ç—É–Ω—å, –ø–æ —Ç–µ—Ä—Ä–∏—Ç–æ—Ä–∏–∏ –≥–æ–Ω—è—é—Ç –∫—Ä–æ–ª–∏–∫–∏, –Ω–∞–º –≤—Å–µ–º –Ω–∞ —Ä–∞–¥–æ—Å—Ç—å, –∏ –∫–æ–Ω–µ—á–Ω–æ —Å–∞–º–æ –æ–∑–µ—Ä–æ, —É—Ç—Ä–æ–º —Ç–∏—à—å –∏ –±–ª–∞–≥–æ–¥–∞—Ç—å, –Ω–∞ –ø–∏—Ä—Å–µ –Ω–∏–∫–æ–≥–æ, –ø—Ä–æ–¥—ã—à–∞—Ç—å—Å—è —Å–∞–º–æ–µ –æ–Ω–æ. –ù–æ –∏ –∞–∫—Ç–∏–≤–Ω–æ—Å—Ç–∏ —Ç—É—Ç —Ö–æ—Ç—å –æ—Ç–±–∞–≤–ª—è–π, –Ω–∞—á–∏–Ω–∞—è –æ—Ç –∫–æ–ª–µ—Å–∞ –æ–±–æ–∑—Ä–µ–Ω–∏—è, –ø–∞—Ä–∫–∞ —Ä–∞–∑–≤–ª–µ—á–µ–Ω–∏–π, —Ñ–∏–ª—å–º—ã –ø–æ –≤–µ—á–µ—Ä–∞–º —É –±–∞—Å—Å–µ–π–Ω–∞ –≤–æ–æ–±—â–µ top, –∑–æ–Ω–∞ –±–∞—Å—Å–µ–π–Ω–∞ –≤—Å–µ–≥–¥–∞ –≤–µ—Å–µ–ª–æ, –ø–µ–Ω–Ω–æ )))) –¥–µ—Ç–∏ –ø–∏—â–∞—Ç, –∞ —á—Ç–æ –µ—â—ë –Ω—É–∂–Ω–æ ) –¥–µ—Ç—Å–∫–∞—è –∫–æ–º–Ω–∞—Ç–∫–∞ —Å –±—ç–±–∏ —Å–∏—Ç—Ç–µ—Ä–∞–º–∏ –µ—Å—Ç—å - –Ω–∞–º —Ä–æ–¥–∏—Ç–µ–ª—è–º –Ω–∞ —Ä–∞–¥–æ—Å—Ç—å, —Ö–æ—Ä–æ—à–∏–µ –º–∞—Å—Ç–µ—Ä-–∫–ª–∞—Å—Å—ã - –¥–µ—Ç—è–º –Ω—Ä–∞–≤–∏—Ç—Å—è. –ë—É–Ω–≥–∞–ª–æ –æ—á–µ–Ω—å –ø—Ä–∏—è—Ç–Ω–æ, —Å–≤–µ–∂–∏–π —Ä–µ–º–æ–Ω—Ç, –º–∞—Ç—Ä–∞—Å –ø–æ—Ä–∞–¥–æ–≤–∞–ª –∏ –ø–æ—Å—Ç–µ–ª—å–Ω–æ–µ (—ç—Ç–æ –º–æ–π —Ñ–µ—Ç–∏—à) - —Ä–µ–∑—é–º–∏—Ä—É—é - –≤—ã—Å–ø–∞–ª–∞—Å—å, —á—Ç–æ –±—ã–ª–æ –∫–ª—é—á–µ–≤—ã–º –∫—Ä–∏—Ç–µ—Ä–∏–µ–º –Ω–∞—à–µ–≥–æ –æ—Ç–¥—ã—Ö–∞)) –µ—Å—Ç—å –Ω–µ–±–æ–ª—å—à–∞—è –∫—É—Ö–Ω—è –∏ —Ö–æ–ª–æ–¥–∏–ª—å–Ω–∏–∫, —Å –¥–µ—Ç—å–º–∏ —ç—Ç–æ –≤–æ–æ–±—â–µ —Å–ø–∞—Å–µ–Ω–∏–µ, –ö–æ–Ω–¥–µ—Ü–∏–æ–Ω–µ—Ä..–ø—Ä–∏—è—Ç–Ω–∞—è –¥—É—à–µ–≤–∞—è –∏ —á—Ç–æ –µ—â—ë –≤–∞–∂–Ω–æ - –æ—á–µ–Ω—å –±–æ–ª—å—à–æ–π –∏ –≤–º–µ—Å—Ç–∏—Ç–µ–ª—å–Ω—ã–π —à–∫–∞—Ñ!!! –ò–±–æ –Ω–∞—à–∏–º —Ç–∞–±–æ—Ä–æ–º —É–∫–æ–º–ø–ª–µ–∫—Ç–æ–≤–∞—Ç—å—Å—è —Å–ª–æ–∂–Ω–æ. –ü–æ –µ–¥–µ –≤—Å–µ –ø–æ–Ω—Ä–∞–≤–∏–ª–æ—Å—å, –≤—ã–±–æ—Ä –±–æ–ª—å—à–æ–π, –æ—Ç —Ñ—É–¥-–∫–æ—Ä—Ç–∞ —Å –ø–∏—Ü—Ü–µ–π –∏ –Ω–∞–≥–µ—Ç—Å–∞–º–∏ (–≤–∫—É—Å–Ω–µ–π —á–µ–º –≤ –ú–∞–∫–µ) (–≤–æ—Å—Ç–æ—Ä–≥!), –¥–æ –†–µ—Å—Ç–æ—Ä–∞–Ω–∞ —Å –Ω–µ–ø–ª–æ—Ö–∏–º–∏ –≤–∏–Ω–∞–º–∏, –∫—Å—Ç–∞—Ç–∏, –∏ –ª–∏–º–æ–Ω–∞–¥—ã, –ª–∏–º–æ–Ω–∞–¥—ãüòã –≤–∫—É—Å–Ω—ã–º–∏ –∑–∞–≤—Ç—Ä–∞–∫–∞–º–∏, —É—é—Ç–Ω–∞—è –≤–µ—Ä–∞–Ω–¥–∞, —Ç–æ–ª—å–∫–æ –æ–¥–µ—Ç—å—Å—è –ø–æ—Ç–µ–ø–ª–µ–µ, –Ω–∞–º –ø–æ–Ω—Ä–∞–≤–∏–ª–æ—Å—å. –°–µ—Ä–≤–∏—Å –ø—Ä–∏—è—Ç–Ω—ã–π, —Ä–µ–±—è—Ç–∞ –∑–∞–±–æ—Ç–ª–∏–≤—ã, —Å—Ç–∞—Ä–∞—é—Ç—Å—è, –∫–∞–∫ –º–∏–Ω–∏–º—É–º, –æ—Å–æ–±–µ–Ω–Ω–æ –∫ –¥–µ—Ç—è–º –≤–Ω–∏–º–∞–Ω–∏—è –æ—á–µ–Ω—å –º–Ω–æ–≥–æ. –ê —á—Ç–æ —Ç–∞–∫–æ–µ —Å–µ—Ä–≤–∏—Å –≤ –≥–ª—É–±–∏–Ω–∫–∞—Ö, –º—ã –∑–Ω–∞–µ–º, –∞ —Ç–æ—á–Ω–µ–µ –æ –µ–≥–æ –æ—Ç—Å—É—Ç—Å—Ç–≤–∏–∏. –¢–∞–∫–æ–≥–æ —è–≤–Ω–æ–≥–æ –Ω–µ–≥–∞—Ç–∏–≤–∞ –º—ã –Ω–µ –æ—â—É—Ç–∏–ª–∏ —Å–æ–≤—Å–µ–º, –±—ã–ª–∏ –º–æ–º–µ–Ω—Ç—ã, –Ω–æ –≤—Å–µ —Ä–µ—à–∞–ª–æ—Å—å, –Ω–∞—à —Ä–æ—Å—Å–∏–π—Å–∫–∏–π —Ç—É—Ä–∏—Å—Ç–∏—á–µ—Å–∫–∏–π –±–∏–∑–Ω–µ—Å —Ç–æ–ª—å–∫–æ –Ω–∞—á–∏–Ω–∞–µ—Ç –æ–∂–∏–≤–∞—Ç—å, –Ω–∞–¥–æ –±—ã—Ç—å —Ä–µ–∞–ª–∏—Å—Ç–∞–º–∏. –¢–∞–∫ —á—Ç–æ –æ—Ç–ø—É—Å–∫ –ø—Ä–æ—à—ë–ª —Ö–æ—Ä–æ—à–æ, –≤–µ—Å–µ–ª–æ, –∫–ª–∞—Å—Å–Ω–æ ) –ø–æ —ç—Ç–æ–º—É –∏ –ø–∏—à—É –æ—Ç–∑—ã–≤. –£–≤–µ—Ä–µ–Ω–Ω–∞ —á—Ç–æ –≤–µ—Ä–Ω—ë–º—Å—è, –¥–µ—Ç–∏ —Å—á–∞—Å—Ç–ª–∏–≤—ã, –∞ —è —Ç–µ–º –±–æ–ª–µ–µ. –†–µ–∫–æ–º–µ–Ω–¥—É—é.",,5,–∏—é–Ω—å 2022 –≥.,–æ—Ç–∑—ã–≤ –∏—é–Ω—å 2022,0,–Æ–ª–∏—è –ú,https://www.tripadvisor.ru/Profile/Daydream426190,0,0,5,0,0,2,,—è–Ω–≤. 2013 –≥.
"–ü–∞—Ä–∫-–æ—Ç–µ–ª—å ""–ê—è"" Aya Park Hotel",https://www.tripadvisor.ru/Hotel_Review-g4677719-d4651287-Reviews-Aya_Park_Hotel-Katun_Altai_Krai_Siberian_District.html,"—É–ª. –ù–∞–≥–æ—Ä–Ω–∞—è, 1, –ö–∞—Ç—É–Ω—å 659635 –†–æ—Å—Å–∏—è",–û—Ç–µ–ª–∏,,–û—Ç–µ–ª–∏,150,2 –¥–Ω—è –≤ –û—Ç–µ–ª–µ –ê—è,"–ü–æ–ª–Ω—ã–π –∫–æ–ª—Ö–æ–∑. –°–µ—Ä–≤–∏—Å –Ω–∞ –Ω—É–ª–µ. –ù–∏–∫—Ç–æ –Ω–∏—á–µ–≥–æ –Ω–µ –∑–Ω–∞–µ—Ç –∏ –ø–æ—Å—Ç–æ—è–Ω–Ω–æ –∑–∞–±—ã–≤–∞—é—Ç –±—Ä–æ–Ω–∏. –ü—Ä–æ–∂–¥–∞–ª–∏ 4 —á–∞—Å–∞ –≥–æ—Ç–æ–≤–Ω–æ—Å—Ç–∏ –±–∞–Ω–∏ –∏ –≤ –∏—Ç–æ–≥–µ –Ω–∞ —Ä–µ—Å–µ–ø—à–µ–Ω–µ –∏ —Å–ª—É–∂–±–µ –±—Ä–æ–Ω–∏—Ä–æ–≤–∞–Ω–∏—è —Ä–∞–∑–≤–µ–ª–∏ —Ä—É–∫–∞–º–∏. –°–∞–º–∞ —Ç–µ—Ä—Ä–∏—Ç–æ—Ä–∏—è –ø—Ä–∏ —ç—Ç–æ–º –≤–ø–æ–ª–Ω–µ –µ–≤—Ä–æ–ø–µ–π—Å–∫–∞—è –∏ –≤–∏–¥–Ω–æ, —á—Ç–æ —Å—É—â–µ—Å—Ç–≤–µ–Ω–Ω–æ –ø–æ—Ç—Ä–∞—Ç–∏–ª–∏—Å—å —É—á—Ä–µ–¥–∏—Ç–µ–ª–∏. –í –ø–µ—Ä—Å–æ–Ω–∞–ª –∑–∞–±—ã–ª–∏",,2,–∏—é–Ω—å 2022 –≥.,–∏—é–Ω—å 2022 –≥.,0,–î–µ–Ω–∏—Å,https://www.tripadvisor.ru/Profile/Passport61253834539,0,0,1,0,0,1,"–ö–∞–Ω–∫—É–Ω, –ú–µ–∫—Å–∏–∫–∞",—Å–µ–Ω—Ç. 2021 –≥.
"–ü–∞—Ä–∫-–æ—Ç–µ–ª—å ""–ê—è"" Aya Park Hotel",https://www.tripadvisor.ru/Hotel_Review-g4677719-d4651287-Reviews-Aya_Park_Hotel-Katun_Altai_Krai_Siberian_District.html,"—É–ª. –ù–∞–≥–æ—Ä–Ω–∞—è, 1, –ö–∞—Ç—É–Ω—å 659635 –†–æ—Å—Å–∏—è",–û—Ç–µ–ª–∏,,–û—Ç–µ–ª–∏,150,"–æ—Ç—Å—É—Ç—Å—Ç–≤–∏–µ —Å–µ—Ä–≤–∏—Å–∞, –µ–¥—ã, –≤ –ø—É—Å—Ç—É—é –ø–æ—Ç—Ä–∞—á–µ–Ω–Ω–æ–µ –≤—Ä–µ–º—è –∏ –¥–µ–Ω—å–≥–∏","–ù–∞—á–Ω—ë–º —Å —Ö–æ—Ä–æ—à–µ–≥–æ, –Ω–∞—Å –∑–∞—Å–µ–ª–∏–ª–∏ –≤ 6 —É—Ç—Ä–∞, –∑–∞ —ç—Ç–æ —Å–ø–∞—Å–∏–±–æ –∞–¥–º–∏–Ω–∏—Å—Ç—Ä–∞—Ç–æ—Ä–∞–º –Ω–∞ —Ä–µ—Å–µ–ø—à–µ–Ω–µ, –±–æ–ª—å—à–µ –∫ —Å–æ–∂–∞–ª–µ–Ω–∏—é –Ω–µ—á–µ–≥–æ –¥–æ–±–∞–≤–∏—Ç—å, –ø—Ä–∏—Ä–æ–¥–∞ –∏ –≤—Å–µ.  –ñ–∏—Ä–Ω—ã–µ –º–∏–Ω—É—Å—ã:  –í —Ä–µ—Å—Ç–æ—Ä–∞–Ω–µ –Ω–µ –æ–±—É—á–µ–Ω–Ω—ã–µ –æ—Ñ–∏—Ü–∏–∞–Ω—Ç—ã, –∑–∞—Ä–∞–Ω–µ–µ –Ω–µ –∑–Ω–∞—é—Ç, —á—Ç–æ –µ—Å—Ç—å –≤ –º–µ–Ω—é, –ø–æ—Å–ª–µ 50 –º–∏–Ω—É—Ç –æ–∂–∏–¥–∞–Ω–∏—è –±–æ—Ä—â–∞, –æ—Ñ–∏—Ü–∏–∞–Ω—Ç –≥–æ–≤–æ—Ä–∏—Ç, —á—Ç–æ –µ–≥–æ —É–∂–µ –Ω–µ—ÇüòÄ, —à–∏–∫–∞—Ä–Ω–æ, –≤–µ–¥—å –∑–¥–µ—Å—å –ª—é–¥–∏ –æ—Ç–¥–∞—é—Ç –¥–µ–Ω–µ–≥ –±–æ–ª—å—à–µ —á–µ–º –≤ –¢—É—Ä—Ü–∏–∏, –°–æ—á–∏ –∏–ª–∏ –¥–∞–∂–µ –≤ —Å–∞–º—ã—Ö –ª—É—á—à–∏—Ö –æ—Ç–µ–ª—è—Ö –≥–æ—Ä–æ–¥–æ–≤ –º–∏–ª–ª–∏–æ–Ω–∏–∫–∞—Ö.  –ù–∞—Å—á—ë—Ç –≤–∫—É—Å–∞ –∑–¥–µ—Å—å –Ω–∞ –ª—é–±–∏—Ç–µ–ª—è, –≤—ã–±–∏—Ä–∞—Ç—å –Ω–µ –ø—Ä–∏—Ö–æ–¥–∏—Ç—Å—è, —Ç–∞–∫ –∫–∞–∫ –º–µ–Ω—é –∏ –µ–¥–∞ –≤–æ –≤—Å–µ—Ö –æ—Ç–µ–ª—è—Ö —ç—Ç–æ–≥–æ –º–µ—Å—Ç–∞ –æ–¥–∏–Ω–∞–∫–æ–≤–∞—è, –Ω–µ –±–æ–≥–∞—Ç—ã–π –≤—ã–±–æ—Ä.  –û–±—Ä–∞—Ç–∏—Ç–µ –≤–Ω–∏–º–∞–Ω–∏–µ –Ω–∞ –æ—á–µ—Ä–µ–¥–∏ —É –∫–æ—Ñ–µ –º–∞—à–∏–Ω—ã! –û–¥–Ω–∞ –∫–æ—Ñ–µ –º–∞—à–∏–Ω–∞ –Ω–∞ –≤—Å–µ—Ö –Ω–∞ –≤—Å–µ —É—Ç—Ä–æ –∏ –æ–Ω–∞ –ª–æ–º–∞–µ—Ç—Å—è –∫–∞–∂–¥–æ–µ —É—Ç—Ä–æ üòÉ, —è –Ω–µ –ø—å—é –∫–æ—Ñ–µ, —Å–ª–∞–≤–∞ –±–æ–≥—É —ç–∫–æ–Ω–æ–º–ª—é –≤—Ä–µ–º—è –Ω–∞ —ç—Ç–æ–º, –Ω–æ —ç—Ç–∏ –±–µ–¥–Ω—è–≥–∏, –∫–æ—Ç–æ—Ä—ã–µ –ø—Ä–∏–µ—Ö–∞–ª–∏ –≤ –ê–ª—Ç–∞–π, –≤ –¥–æ—Ä–æ–≥–æ–π –∫—É—Ä–æ—Ä—Ç —á—É–≤—Å—Ç–≤—É—é—Ç —Å–µ–±—è –∫–∞–∫ –≤ —Å–∞–º–æ–º –Ω–∏–∑–∫–æ—Å–æ—Ä—Ç–Ω–æ–º –æ—Ç–µ–ª–µ –∏ —Ç–æ—á–Ω–æ –±–æ–ª—å—à–µ –Ω–∏–∫–æ–≥–¥–∞ –Ω–µ –ø—Ä–∏–µ–¥—É—Ç —Å—é–¥–∞.  –ì—Ä—É—Å—Ç–Ω–æ –æ—Ç —Ç–æ–≥–æ, —á—Ç–æ –º—ã –ø—Ä–∏–µ—Ö–∞–ª–∏ —Å—é–¥–∞ –∏ –Ω–µ –ø–æ—á–∏—Ç–∞–ª–∏ –æ—Ç–∑—ã–≤—ã, –æ—Ç —Ç–æ–≥–æ, —á—Ç–æ —Ç—É—Ç –Ω–µ –æ–±—É—á–µ–Ω–Ω—ã–µ –ª—é–¥–∏, –æ—Ç —Ç–æ–≥–æ, —á—Ç–æ —Ç—É—Ç –º–æ–≥–ª–æ –±—ã—Ç—å –±–æ–ª—å—à–µ —Å—á–∞—Å—Ç–ª–∏–≤—ã—Ö –ª—é–¥–µ–π.  –†–µ–∞–ª—å–Ω–æ, –µ—Å–ª–∏ –≤—ã —Ö–æ—Ç–∏—Ç–µ –æ—Ç–¥–æ—Ö–Ω—É—Ç—å, –µ–∑–∂–∞–π—Ç–µ –≤ –¥—Ä—É–≥–∏–µ –º–µ—Å—Ç–∞.  –û–∂–∏–¥–∞–Ω–∏–µ –±–ª—é–¥ –≤ —Ä–µ—Å—Ç–æ—Ä–∞–Ω–µ, –≤ –∫–æ—Ç–æ—Ä–æ–º –¥–∞–∂–µ –∏ –ø–æ–ª–æ–≤–∏–Ω—ã –ª—é–¥–µ–π –Ω–µ—Ç, –∞ –≤—Å–µ–≥–æ –ø–æ 4-5 —Å—Ç–æ–ª–∏–∫–æ–≤, –æ–∫–æ–ª–æ 20 –ª—é–¥–µ–π, —Å–æ—Å—Ç–∞–≤–ª—è–µ—Ç –±–æ–ª–µ–µ 1,5 —á–∞—Å–æ–≤ üòî. –ú–∞–ª–æ —Ç–æ–≥–æ, –∏—Ö –≤—ã–Ω–æ—Å—è—Ç —É–∂–µ –Ω–µ —Ç—ë–ø–ª—ã–º–∏, –µ–ª–µ —Ç—ë–ø–ª—ã–µ, –æ—Ç —ç—Ç–æ–≥–æ —Å–ª–µ–¥—É–µ—Ç, —á—Ç–æ –Ω–∞ –∫—É—Ö–Ω–µ —á—Ç–æ —Ç–æ –Ω–µ —Ç–æ, –Ω–µ—Ç —Å–∏—Å—Ç–µ–º–Ω–æ—Å—Ç–∏, –≤—ã–Ω–æ—Å—è—Ç –±–ª—é–¥–∞ –Ω–µ –≤ –ø–æ—Ä—è–¥–∫–µ –≥–æ—Ç–æ–≤–Ω–æ—Å—Ç–∏ –∏ –æ—á–µ—Ä–µ–¥–∏ –∑–∞–∫–∞–∑–æ–≤, –∞ –∫–∞–∫ –ø–æ–ø–∞–¥—ë—Ç—Å—è. –û—Ñ–∏—Ü–∏–∞–Ω—Ç—ã –Ω–µ –∑–Ω–∞—é—Ç –∫—É–¥–∞ –Ω–µ—Å—Ç–∏ –±–ª—é–¥–∞, –ø–æ–ª–Ω–∞—è –∂–µ—Å—Ç—å.  –≠—Ç–∏ —Ä–µ–±—è—Ç–∞ —Å–∫–æ—Ä–µ–µ –≤—Å–µ–≥–æ —É–≤–æ–ª—å–Ω—è—é—Ç—Å—è –∫–∞–∂–¥—É—é –Ω–µ–¥–µ–ª—é, –ª–∏–±–æ —Ä–∞–±–æ—Ç–∞—é—Ç, –ø–æ—Ç–æ–º—É —á—Ç–æ –±–æ–ª—å—à–µ –Ω–µ–≥–¥–µ. –°–æ–±—Å—Ç–≤–µ–Ω–Ω–∏–∫ –≤–æ–∑–º–æ–∂–Ω–æ –¥–∞–∂–µ –Ω–µ –≤ –∫—É—Ä—Å–µ –∫–∞–∫ –∏–¥—É—Ç –¥–µ–ª–∞.  –í–æ–¥—É –≤ –±—É–Ω–≥–∞–ª–æ –∑–∞ 100–∫ –∑–∞ –Ω–µ–¥–µ–ª—é –Ω–µ –ø—Ä–∏–Ω–æ—Å—è—Ç üòÄ  –ò –Ω–∞–ø–æ—Å–ª–µ–¥–æ–∫, —Å–æ—Å—Ç–∞–≤–∏—Ç—å —ç—Ç–æ–º—É –æ—Ç–µ–ª—é –∫–æ–Ω–∫—É—Ä–µ–Ω—Ü–∏–∏ –Ω–µ –±—É–¥–µ—Ç, –æ–Ω –±—ã—Å—Ç—Ä–æ –∑–∞–∫—Ä–æ–µ—Ç—Å—è, –µ—Å–ª–∏ —Ç—É—Ç –ø–æ—è–≤–∏—Ç—Å—è –æ—Ç–µ–ª—å —Å —Å–µ—Ä–≤–∏—Å–æ–º.  –°–µ—Ä–≤–∏—Å –¥–µ—Ä–µ–≤–µ–Ω—Å–∫–∏–π, —á—Ç–æ –µ—â—ë —Å–∫–∞–∑–∞—Ç—å  –ò —è –æ–±—ã—á–Ω–æ –Ω–∏–≥–¥–µ –∏ –Ω–∏–∫–æ–≥–¥–∞ –Ω–µ –ø–∏—Å–∞–ª –æ—Ç–∑—ã–≤—ã, –Ω–æ —Ç—É—Ç, —Ö–æ—á—É –Ω–∞–ø–∏—Å–∞—Ç—å, —á—Ç–æ–±—ã –ª—é–¥–∏ –Ω–µ —Ç—Ä–∞—Ç–∏–ª–∏ —Å–≤–æ–∏ –Ω–µ—Ä–≤—ã, –¥–µ–Ω—å–≥–∏ –∏ –≤—Ä–µ–º—è –Ω–∞ —ç—Ç–æ—Ç ¬´–æ—Ç–¥—ã—Ö¬ª.",,1,–∏—é–Ω—å 2022 –≥.,–æ—Ç–∑—ã–≤ –∏—é–Ω—å 2022,2,–†—É—Å—Ç–µ–º –¢,https://www.tripadvisor.ru/Profile/Rustem5674,0,0,1,2,0,1,,–∏—é–Ω—å 2022 –≥.
"–ü–∞—Ä–∫-–æ—Ç–µ–ª—å ""–ê—è"" Aya Park Hotel",https://www.tripadvisor.ru/Hotel_Review-g4677719-d4651287-Reviews-Aya_Park_Hotel-Katun_Altai_Krai_Siberian_District.html,"—É–ª. –ù–∞–≥–æ—Ä–Ω–∞—è, 1, –ö–∞—Ç—É–Ω—å 659635 –†–æ—Å—Å–∏—è",–û—Ç–µ–ª–∏,,–û—Ç–µ–ª–∏,150,"–ö —Å–æ–∂–∞–ª–µ–Ω–∏—é, –Ω–µ–º–∞–ª–æ –Ω–µ–≥–∞—Ç–∏–≤–∞","–ü—Ä–∏–µ–∑–∂–∞–ª–∞ –Ω–∞ –æ—Ç–¥—ã—Ö —Å 30.12 –ø–æ 2.01 —Å –ø–∏—Ç–æ–º—Ü–µ–º (–∫–æ—à–∫–∞). –¢–µ—Ä—Ä–∏—Ç–æ—Ä–∏—è –ø—Ä–µ–∫—Ä–∞—Å–Ω–∞—è, –Ω–æ–º–µ—Ä —á–∏—Å—Ç—ã–π, –∫–æ–º—Ñ–æ—Ä—Ç–Ω—ã–π. –í–∫—É—Å–Ω—ã–µ –∑–∞–≤—Ç—Ä–∞–∫–∏ (–≤ –ì—Ä–∞–∞–ª–µ –ø–æ–Ω—Ä–∞–≤–∏–ª–æ—Å—å –±–æ–ª—å—à–µ). –•–æ—Ä–æ—à–∏–π –∫–æ–º–ø–ª–µ–∫—Å SPA. –ù–æ–≤–æ–≥–æ–¥–Ω–∏–π –±–∞–Ω–∫–µ—Ç –±—ã–ª —Ö–æ—Ä–æ—à, –Ω–æ –ø–æ–µ—Ö–∞–ª–∏ –ø–æ –º–∏–Ω—É—Å–∞–º, —Å–∞–º—ã–π –≥–ª–∞–≤–Ω—ã–π –∏ –≤–∞–∂–Ω—ã–π: —É–∂–∞—Å–Ω—ã–π —Ö–æ–ª–æ–¥ –Ω–∞ –±–∞–Ω–∫–µ—Ç–µ –≤ –æ—Ç–µ–ª–µ Alira. –≠—Ç–æ –∂—É—Ç—å. –í—Å–µ –º–µ—Ä–∑–ª–∏, –¥–µ—Ç–∏ –∏ –¥–∞–º—ã —Å–∏–¥–µ–ª–∏ –∫—Ç–æ –≤–æ —á—Ç–æ –∑–∞–≤–µ—Ä–Ω—É—Ç. –Ø –Ω–µ –∏—Å–∫–ª—é—á–µ–Ω–∏–µ. –ù–æ –Ω–æ–≥–∏ —ç—Ç–æ –Ω–µ —Å–ø–∞—Å–ª–æ –∏ –∏—Ç–æ–≥ –ø–æ –ø—Ä–∏–µ–∑–¥—É –¥–æ–º–æ–π - –æ—á–µ–Ω—å –Ω–µ–ø—Ä–∏—è—Ç–Ω–∞—è –±–æ–ª–µ–∑–Ω—å! –î–∞–ª–µ–µ: –Ω–µ–æ–±–æ—Å–Ω–æ–≤–∞–Ω–Ω–æ–µ –∏ —Å–æ–≤—Å–µ–º –Ω–µ–∑–∞–ø–ª–∞–Ω–∏—Ä–æ–≤–∞–Ω–Ω–æ–µ –ø–µ—Ä–µ—Å–µ–ª–µ–Ω–∏–µ –≤ –ø–æ—Å–ª–µ–¥–Ω–∏–π –¥–µ–Ω—å (–∫–æ–≥–¥–∞ –∫–æ—à–∫–∞ —Ç–æ–ª—å–∫–æ –ø—Ä–∏–≤—ã–∫–ª–∞ –∫ –º–µ—Å—Ç—É). –õ–∞–¥–Ω–æ, –ø–µ—Ä–µ–µ—Ö–∞–ª–∏. –ù–æ, –ø–æ—á–µ–º—É-—Ç–æ, (–≤–æ–ø—Ä–æ—Å –∫ —Å–∞–Ω—Ç–µ—Ö–Ω–∏–∫–∞–º), –≤ —Ç—É–∞–ª–µ—Ç–µ –±—ã–ª–æ –æ—Ç–∫—Ä—ã—Ç–æ –æ—Ç–≤–µ—Ä—Å—Ç–∏–µ —Å —Ç—Ä—É–±–∞–º–∏ –∏ –∫—Ä–∞–Ω–∞–º–∏, –∏ –º–æ–π –ø–∏—Ç–æ–º–µ—Ü —Å–æ —Å—Ç—Ä–∞—Ö—É –∑–∞–±–∏–ª—Å—è —Ç—É–¥–∞ –∏ –ø—Ä–æ—Å–∏–¥–µ–ª —Ç–∞–º –ø–æ–ª–¥–Ω—è! –û–≥—Ä–æ–º–Ω–æ–µ —Å–ø–∞—Å–∏–±–æ –≥–ª–∞–≤–Ω–æ–º—É –∏–Ω–∂–µ–Ω–µ—Ä—É –ê–ª–µ–∫—Å–µ—é –∑–∞ –ø–æ–º–æ—â—å –∏ –ø–æ–¥–¥–µ—Ä–∂–∫—É! –≠—Ç–æ 2 —Å–∞–º—ã—Ö –Ω–µ–≥–∞—Ç–∏–≤–Ω—ã—Ö –º–æ–º–µ–Ω—Ç–∞, –∫–æ—Ç–æ—Ä—ã–µ –æ—Å—Ç–∞–≤–∏–ª–∏ –Ω–µ—Ö–æ—Ä–æ—à–∏–π –æ—Ç–ø–µ—á–∞—Ç–æ–∫ –æ–± –æ—Ç–¥—ã—Ö–µ... –ù–µ–±–æ–ª—å—à–æ–µ –ø–æ–∂–µ–ª–∞–Ω–∏–µ –∫ —Ç—Ä–µ–Ω–∞–∂—ë—Ä–Ω–æ–º—É –∑–∞–ª—É: –Ω–µ —Ö–≤–∞—Ç–∞–µ—Ç –∫–æ–≤—Ä–∏–∫–æ–≤, –Ω–µ –æ—á–µ–Ω—å –ø—Ä–∏—è—Ç–Ω–æ –∫–∞—á–∞—Ç—å –ø—Ä–µ—Å—Å –∏–ª–∏ —Ç—è–Ω—É—Ç—å—Å—è –Ω–∞ –ø–æ–ª—É. –ò –æ–±—ä—è–≤–ª–µ–Ω–∏—è –Ω–∞ –¥–≤–µ—Ä—è—Ö –æ —Å–º–µ–Ω–Ω–æ–π –æ–±—É–≤–∏, —Ç.–∫. –Ω–µ–∫–æ—Ç–æ—Ä—ã–µ –ª–∏—á–Ω–æ—Å—Ç–∏ —É–º—É–¥—Ä—è–ª–∏—Å—å –≤ —Å–∞–ø–æ–≥–∞—Ö –ø–æ –±–µ–≥–æ–≤–æ–π –¥–æ—Ä–æ–∂–∫–µ —Ö–æ–¥–∏—Ç—å)) –¢–∞–∫–∂–µ –æ—Ç–¥–µ–ª—å–Ω–æ–µ —Å–ø–∞—Å–∏–±–æ –æ—Ñ–∏—Ü–∏–∞–Ω—Ç–∫–µ –ï–ª–µ–Ω–µ –∏–∑ ""–ì—Ä–∞–∞–ª—è"" –∏ –∞–¥–º–∏–Ω–∏—Å—Ç—Ä–∞—Ç–æ—Ä—É –¢–∞—Ç—å—è–Ω–µ, —á—Ç–æ –≤—Å—Ç—Ä–µ—á–∞–ª–∞ –∏ –ø—Ä–æ–≤–æ–∂–∞–ª–∞ –º–µ–Ω—è.",,2,—è–Ω–≤–∞—Ä—å 2022 –≥.,—è–Ω–≤. 2022 –≥.,0,–ö–∞—Ç–µ—Ä–∏–Ω–∞,https://www.tripadvisor.ru/Profile/O919CV_,0,0,1,0,0,1,,—è–Ω–≤. 2022 –≥.
"–ü–∞—Ä–∫-–æ—Ç–µ–ª—å ""–ê—è"" Aya Park Hotel",https://www.tripadvisor.ru/Hotel_Review-g4677719-d4651287-Reviews-Aya_Park_Hotel-Katun_Altai_Krai_Siberian_District.html,"—É–ª. –ù–∞–≥–æ—Ä–Ω–∞—è, 1, –ö–∞—Ç—É–Ω—å 659635 –†–æ—Å—Å–∏—è",–û—Ç–µ–ª–∏,,–û—Ç–µ–ª–∏,150,–û—Ç–¥—ã—Ö –æ—Ç –≥–æ—Ä–æ–¥—Å–∫–æ–π —Å—É–µ—Ç—ã,"–ñ–∏–ª–∞ –Ω–µ–±–æ–ª—å—à–æ–π –æ—Ç—Ä–µ–∑–æ–∫ –≤—Ä–µ–º–µ–Ω–∏, –Ω–æ —É–∂–µ —É—Å–ø–µ–ª–∞ –æ—Ü–µ–Ω–∏—Ç—å —Å–µ—Ä–≤–∏—Å. –î–µ–≤–æ—á–∫–∏ –Ω–∞ —Ä–µ—Å–µ–ø—à–µ–Ω–µ –æ—á–µ–Ω—å —Ä–∞—Å—Ç–æ—Ä–æ–ø–Ω—ã –∏ –ª—é–±–µ–∑–Ω—ã. –í–æ –≤—Ä–µ–º—è –ø—Ä–æ–∂–∏–≤–∞–Ω–∏—è –Ω–∏—á–µ–≥–æ –Ω–µ —Å–ª–æ–º–∞–ª–æ—Å—å, —Ç–≤ –∫–∞–Ω–∞–ª—ã –∏ –∫–æ–Ω–¥–∏—Ü–∏–æ–Ω–µ—Ä—ã —Ä–∞–±–æ—Ç–∞–ª–∏ –∏—Å–ø—Ä–∞–≤–Ω–æ. –ú–æ–≥—É —Ä–µ–∫–æ–º–µ–Ω–¥–æ–≤–∞—Ç—å —Å–≤–æ–∏–º –±–ª–∏–∑–∫–∏–º –∏ –≤—Å–µ–º, –∫—Ç–æ —á–∏—Ç–∞–µ—Ç —ç—Ç–æ—Ç –æ—Ç–∑—ã–≤.",,5,–æ–∫—Ç—è–±—Ä—å 2021 –≥.,–æ—Ç–∑—ã–≤ –Ω–æ—è–±. 2021,0,–¢–∞—Ç—å—è–Ω–∞ –°,https://www.tripadvisor.ru/Profile/_J2496LO,0,0,2,0,0,1,"–ù–æ–≤–æ—Å–∏–±–∏—Ä—Å–∫, –†–æ—Å—Å–∏—è",—è–Ω–≤. 2021 –≥.
"–ü–∞—Ä–∫-–æ—Ç–µ–ª—å ""–ê—è"" Aya Park Hotel",https://www.tripadvisor.ru/Hotel_Review-g4677719-d4651287-Reviews-Aya_Park_Hotel-Katun_Altai_Krai_Siberian_District.html,"—É–ª. –ù–∞–≥–æ—Ä–Ω–∞—è, 1, –ö–∞—Ç—É–Ω—å 659635 –†–æ—Å—Å–∏—è",–û—Ç–µ–ª–∏,,–û—Ç–µ–ª–∏,150,–ü–æ—Ç—Ä–µ–ø–∞–Ω–Ω—ã–π –æ—Ç–µ–ª—å,"–ê–≤–≥—É—Å—Ç 2021. –£–∂–∞—Å–Ω—ã–π —Å—Ç–∞—Ä—ã–π –æ—Ç–µ–ª—å, –Ω–æ–º–µ—Ä–∞ –≤—Å–µ –ø–æ—Ç—Ä–µ–ø–∞–Ω–Ω—ã–µ, –∫–æ–≤—Ä—ã –≤–æ–Ω—è—é—Ç, —Å–∞–Ω—Ç–µ—Ö–Ω–∏–∫–∞ –≤—Å—è –ø—Ä–æ—Ç–µ–∫–∞–µ—Ç, –≤—ã–∑—ã–≤–∞–ª–∏ —Å–ª–µ—Å–∞—Ä—è, –æ–Ω 3 –¥–Ω—è –Ω–∏—á–µ–≥–æ –Ω–µ –º–æ–≥ —Å–¥–µ–ª–∞—Ç—å, –±–µ–∂–∞–ª–æ —Å –ø–æ—Ç–æ–ª–∫–∞ —Ä—É—á—å–µ–º. –¢–∞–∫–∂–µ –≤ –Ω–æ–º–µ—Ä–∞—Ö —Å—Ç–æ—è—Ç –ø–µ–ø–µ–ª—å–Ω–∏—Ü—ã, —ç—Ç–æ –¥–∞–µ—Ç –ø–æ–Ω–∏–º–∞–Ω–∏–µ –∫—É—Ä–∏–ª—å—â–∏–∫–∞–º, —á—Ç–æ –º–æ–∂–Ω–æ –∫—É—Ä–∏—Ç—å. –£ –Ω–∞—Å —Å–æ—Å–µ–¥–∏ –∫—É—Ä–∏–ª–∏ –∏ –≤—Å–µ —Ç—è–Ω—É–ª–æ –∫ –Ω–∞–º –≤ –Ω–æ–º–µ—Ä. –ö—É—Ö–Ω—è –Ω–µ –≤–∫—É—Å–Ω–∞—è, –≤–º–µ—Å—Ç–æ –Ω–∞–≤–∞—Ä–∏—Å—Ç–æ–≥–æ –±–æ—Ä—â–∞ —Ç—É—Ç –ø–æ–¥–∞—é—Ç –≤–æ–¥—É —Å –∫–∞–ø—É—Å—Ç–æ–π –≤ —Ç–æ–º–∞—Ç–Ω–æ–π –ø–∞—Å—Ç–µ. –ú—è—Å–æ –º–æ—Ä–∞–ª–∞ –∂–µ—Å—Ç–∫–æ–µ, –Ω–µ –ø—Ä–æ–∂–∏–≤–∞—Ç—å. –î–µ—Å–µ—Ä—Ç—ã –≤—Å–µ –∑–∞–º–æ—Ä–æ–∂–µ–Ω–Ω—ã–µ, –∏–Ω–æ–≥–¥–∞ –≥—Ä—ã–∑–ª–∏ –ª–µ–¥ –≤ —Ç–æ—Ä—Ç–µ. –ù–µ—Ç –¥–∞–∂–µ —Å–∞–º–æ–π –ø—Ä–æ—Å—Ç–æ–π –±–µ—Å–ø–ª–∞—Ç–Ω–æ–π –¥–µ—Ç—Å–∫–æ–π –ø–ª–æ—â–∞–¥–∫–∏, —Ç–æ–ª—å–∫–æ –ø–ª–∞—Ç–Ω–∞—è –∑–∞ 300—Ä 30 –º–∏–Ω! –ê –≤–æ—Ç —Ç–µ—Ä—Ä–∏—Ç–æ—Ä–∏—è —Ö–æ—Ä–æ—à–∞—è, –±–æ–ª—å—à–∞—è, —É—Ö–æ–∂–µ–Ω–Ω–∞—è. –ò–∑–±–µ–≥–∞–π—Ç–µ —ç—Ç–æ—Ç –æ—Ç–µ–ª—å!",,2,–∞–≤–≥—É—Å—Ç 2021 –≥.,–æ—Ç–∑—ã–≤ –∞–≤–≥. 2021,3,–î–º–∏—Ç—Ä–∏–π –ë,https://www.tripadvisor.ru/Profile/Adventure408018,0,0,3,4,0,2,,–Ω–æ—è–±. 2012 –≥.
"–ü–∞—Ä–∫-–æ—Ç–µ–ª—å ""–ê—è"" Aya Park Hotel",https://www.tripadvisor.ru/Hotel_Review-g4677719-d4651287-Reviews-Aya_Park_Hotel-Katun_Altai_Krai_Siberian_District.html,"—É–ª. –ù–∞–≥–æ—Ä–Ω–∞—è, 1, –ö–∞—Ç—É–Ω—å 659635 –†–æ—Å—Å–∏—è",–û—Ç–µ–ª–∏,,–û—Ç–µ–ª–∏,150,–í –∞–≤–≥—É—Å—Ç–µ –Ω–µ —Å–æ–≤–µ—Ç—É—é,"–ù–µ –≤ –ø–µ—Ä–≤—ã–π —Ä–∞–∑ –≤ —ç—Ç–æ–º –æ—Ç–µ–ª–µ, –±–µ—Ä—ë–º –Ω–æ–º–µ—Ä–∞ –≤ —à–∞–ª–µ‚Ä¶–ù–æ–º–µ—Ä–∞ –Ω–µ –ø–ª–æ—Ö–∏–µ, —Ç–µ—Ä—Ä–∏—Ç–æ—Ä–∏—è, –æ–∑–µ—Ä–æ, –±–∞—Å—Å–µ–π–Ω - –Ω–∞ 5. –í –∞–≤–≥—É—Å—Ç–µ —Ç—É—Ç –≤—Å—ë –æ—Ç–≤—Ä–∞—Ç–∏—Ç–µ–ª—å–Ω–æ —Å —Ä–µ—Å—Ç–æ—Ä–∞–Ω–∞–º–∏, –≤—á–µ—Ä–∞ –≤–µ—á–µ—Ä–æ–º –ø—Ä–æ—Å—Ç–æ –Ω–µ —Å–º–æ–≥–ª–∏ –ø–æ—É–∂–∏–Ω–∞—Ç—å, –ø–æ—Ç–æ–º—É —á—Ç–æ –Ω–µ–≥–¥–µ –∏ –Ω–µ—á–µ–≥–æ‚Ä¶ –ï–¥–∏–Ω—Å—Ç–≤–µ–Ω–Ω–æ–µ –Ω–æ—Ä–º–∞–ª—å–Ω–æ–µ –º–µ–Ω—é –≤ –Æ–≥–æ—Å–ª–∞–≤—Å–∫–æ–º, –ø—Ä–æ—Å–∏–¥–µ–ª–∏ 40 –º–∏–Ω—É—Ç, –¥–∞–∂–µ –∑–∞–∫–∞–∑ –Ω–µ –ø—Ä–∏–Ω—è–ª–∏, –ø—Ä–æ—Å—Ç–æ –æ—Ñ–∏—Ü–∏–∞–Ω—Ç –¥–∞–∂–µ –Ω–µ –ø–æ–¥–æ—à—ë–ª . –ü—Ä–∏—à–ª–æ—Å—å –∏–¥—Ç–∏ –≤ –õ–∏–¥–æ, –ø–æ–ª–æ–≤–∏–Ω–∞ –º–µ–Ω—é –Ω–∞ —Å—Ç–æ–ø–µ, –Ω–∏—á–µ–≥–æ –Ω–µ—Ç, –≤–∑—è–ª–∏ –ø–µ–ø–ø–µ—Ä–æ–Ω–∏ –∏ –º–∞—Ä–≥–∞—Ä–∏—Ç—É, –Ω—É –ø—Ä–æ—Å—Ç–æ –Ω–µ—Ç –±–æ–ª—å—à–µ –Ω–∏—á–µ–≥–æ. –í –æ–±–µ–¥ —Ç–∞ –∂–µ –∏—Å—Ç–æ—Ä–∏—è‚Ä¶–ù–∞ –∑–∞–≤—Ç—Ä–∞–∫–∞—Ö –≤—Å–µ –Ω–æ—Ä–º, –Ω–æ —ç—Ç–æ –µ–¥–∏–Ω—Å—Ç–≤–µ–Ω–Ω–æ–µ –º–µ—Å—Ç–æ –≥–¥–µ —è —É–≤–∏–¥–µ–ª–∞ –Ω–∞ —Ä–∞–∑–¥–∞—á–µ –Ω–∞–¥–ø–∏—Å–∏ ¬´–ê–¥–º–∏–Ω–∏—Å—Ç—Ä–∞—Ü–∏—è –æ—Ç–µ–ª—è –≤ –ø—Ä–∞–≤–µ –≤–∑—è—Ç—å –¥–µ–Ω—å–≥–∏ –∑–∞ –Ω–µ–¥–æ–µ–¥–µ–Ω–Ω–æ–µ –±–ª—é–¥–æ¬ª, –Ω—É –∏–∑–¥–µ—Ü —Ç–æ–≤–∞—Ä–∏—â–∏‚Ä¶. –í –ü–∏–≤–æ–≤–∞—Ä–∏–º (–ø–∏–≤–Ω–æ–π –∂–µ —Ä–µ—Å—Ç–æ—Ä–∞–Ω)))) –ø–∏–≤–∞ –Ω–µ—Ç, –æ—Ç —Å–ª–æ–≤–∞ —Å–æ–≤—Å–µ–º‚Ä¶ –ü–∞—Ä–∞ –∫—Ä–∞–Ω–æ–≤ —Ä–∞–±–æ—Ç–∞–µ—Ç –∏ –≤ –±—É—Ç—ã–ª–∫–∞—Ö –¥–≤–∞ –≤–∏–¥–∞ –ø–∏–≤–∞. –ó–∞—á–µ–º –ø—Ä–∏–≤–æ–∑–∏—Ç—å, —Å–µ–∑–æ–Ω –∂–µ –∫ –∫–æ–Ω—Ü—É –ø–æ–¥—Ö–æ–¥–∏—Ç- –¥–µ–≤–∏–∑ –º–µ—Å—Ç–Ω–æ–≥–æ –ø–µ—Ä—Å–æ–Ω–∞–ª–∞üò° –¢–∞–∫ –∑–∞—á–µ–º –∑–∞—Å–µ–ª—è—Ç—å –∑–∞ –Ω–µ—Ö–∏–ª—ã–µ –¥–µ–Ω—å–≥–∏, –µ—Å–ª–∏ —É –≤–∞—Å ¬´—Å–µ–∑–æ–Ω –∫ –∫–æ–Ω—Ü—É –ø–æ–¥—Ö–æ–¥–∏—Ç¬ª??? –ó–∞–∫—Ä—ã–≤–∞–π—Ç–µ—Å—å –≤ –∏—é–ª–µ, –∞–≤–≥—É—Å—Ç –∂–µ –Ω–µ –ª–µ—Ç–æ, –Ω–µ —Å–µ–∑–æ–Ω",,2,–∞–≤–≥—É—Å—Ç 2021 –≥.,–∞–≤–≥. 2021 –≥.,0,–í–∞—Ä–≤–∞—Ä–∞,https://www.tripadvisor.ru/Profile/Departure60370993433,0,0,1,0,0,1,"–ö–∞—Ç—É–Ω—å, –†–æ—Å—Å–∏—è",–∞–≤–≥. 2021 –≥.
"–ü–∞—Ä–∫-–æ—Ç–µ–ª—å ""–ê—è"" Aya Park Hotel",https://www.tripadvisor.ru/Hotel_Review-g4677719-d4651287-Reviews-Aya_Park_Hotel-Katun_Altai_Krai_Siberian_District.html,"—É–ª. –ù–∞–≥–æ—Ä–Ω–∞—è, 1, –ö–∞—Ç—É–Ω—å 659635 –†–æ—Å—Å–∏—è",–û—Ç–µ–ª–∏,,–û—Ç–µ–ª–∏,150,–£–∂–∞—Å –ø–æ–ª–Ω—ã–π.,"–ü—Ä–æ—Å—Ç–æ –æ—Ç–≤—Ä–∞—Ç–∏—Ç–µ–ª—å–Ω—ã–π —Å–µ—Ä–≤–∏—Å ! –†–∞–±–æ—Ç–Ω–∏–∫–∏ –∞–±—Å–æ–ª—é—Ç–Ω–æ –Ω–µ –∫–æ–º–ø–µ—Ç–µ–Ω—Ç–Ω—ã, —Ä–∞–±–æ—Ç–∞—é—Ç —Å–ø—É—Å—Ç—è —Ä—É–∫–∞–≤–∞. –í–æ –ø–µ—Ä–≤—ã—Ö –Ω–∞—á–∏–Ω–∞—è –æ—Ç –≤—Ö–æ–¥–∞ –∞–±—Å–æ–ª—é—Ç–Ω–æ –Ω–µ —É–≤–∞–∂–∏—Ç–µ–ª—å–Ω–æ–µ –æ—Ç–Ω–æ—à–µ–Ω–∏–µ , –Ω–∏–∫–∞–∫–æ–π –¥–æ–±—Ä–æ–∂–µ–ª–∞—Ç–µ–ª—å–Ω–æ—Å—Ç–∏. –î–∞–ª–µ–µ –≤—ã –≤—Å—Ç—Ä–µ—á–∞–µ—Ç–µ—Å—å —Å —Å–∞–º–∏–º –æ—Ç–µ–ª–µ–º , –≥–¥–µ –≤—Å–µ –ø—Ä–∏–±—ã–≤–∞–µ—Ç –≤ –ø–ª–∞—á–µ–≤–Ω–æ–º —Å–æ—Å—Ç–æ—è–Ω–∏–∏, –≤ —Å–ø–∞ –∑–∞–∫–æ–Ω–µ –∞–±—Å–æ–ª—é—Ç–Ω–∞—è –∞–Ω—Ç–∏-—Å–∞–Ω–∏—Ç–∞—Ä–∏—è. –í–æ–æ–±—â–µ–º –∏ —Ü–µ–ª–æ–º –Ω–µ —Å–æ–≤–µ—Ç—É –≤–∞–º –¥–∞–∂–µ –¥—É–º–∞—Ç—å –æ –ø–æ—Å–µ—â–µ–Ω–∏–∏ –¥–∞–Ω–Ω–æ–≥–æ –º–µ—Å—Ç–∞.",,1,–∞–≤–≥—É—Å—Ç 2021 –≥.,–∞–≤–≥. 2021 –≥.,1,—Å–µ—Ä–≥–µ–π,https://www.tripadvisor.ru/Profile/Inspire60886040410,0,0,1,1,0,1,"–ö—Ä–∞—Å–Ω–æ–¥–∞—Ä, –†–æ—Å—Å–∏—è",–∞–≤–≥. 2021 –≥.
"–ü–∞—Ä–∫-–æ—Ç–µ–ª—å ""–ê—è"" Aya Park Hotel",https://www.tripadvisor.ru/Hotel_Review-g4677719-d4651287-Reviews-Aya_Park_Hotel-Katun_Altai_Krai_Siberian_District.html,"—É–ª. –ù–∞–≥–æ—Ä–Ω–∞—è, 1, –ö–∞—Ç—É–Ω—å 659635 –†–æ—Å—Å–∏—è",–û—Ç–µ–ª–∏,,–û—Ç–µ–ª–∏,150,–ü–ª–æ—Ö–æ,"–¶–µ–Ω–∞ –æ—á–µ–Ω—å –∑–∞–≤—ã—à–µ–Ω–∞, –Ω–æ–º–µ—Ä –≤ 14 –Ω–µ –≥–æ—Ç–æ–≤, –≤—Å–µ –≤—Å–µ —Ä–∞–≤–Ω–æ, –∑–∞ 16 —Ç –≤ —Å—É—Ç–∫–∏ –¥–∞–∂–µ –∑–∞—Å–µ–ª–∏—Ç—å –≤–æ –≤—Ä–µ–º—è –Ω–µ –º–æ–≥—É—Ç, –∫–æ–Ω–¥–∏—Ü–∏–æ–Ω–µ—Ä–∞ –Ω–µ—Ç, –ø–µ—Ä—Å–æ–Ω–∞–ª —Ä–∞–∑–¥—Ä–∞–∂–∏—Ç–µ–ª—å–Ω—ã–π, –≤—Å–µ —É—Å—Ç–∞–≤—à–∏–µ –∏ –≤—Å–µ–º –≤—Å—ë –±–µ–∑—Ä–∞–∑–Ω–∏—Ü—ã. –•–∞–º—Å–∫–æ–µ –æ—Ç–Ω–æ—à–µ–Ω–∏–µ",,1,–∞–≤–≥—É—Å—Ç 2021 –≥.,–æ—Ç–∑—ã–≤ –∞–≤–≥. 2021,1,Marina B,https://www.tripadvisor.ru/Profile/marinabS5208LR,0,0,4,4,1,2,,–º–∞–π 2019 –≥.
"–ü–∞—Ä–∫-–æ—Ç–µ–ª—å ""–ê—è"" Aya Park Hotel",https://www.tripadvisor.ru/Hotel_Review-g4677719-d4651287-Reviews-Aya_Park_Hotel-Katun_Altai_Krai_Siberian_District.html,"—É–ª. –ù–∞–≥–æ—Ä–Ω–∞—è, 1, –ö–∞—Ç—É–Ω—å 659635 –†–æ—Å—Å–∏—è",–û—Ç–µ–ª–∏,,–û—Ç–µ–ª–∏,150,–ë–µ–∑ —Å–Ω–∞,"–û—Ç–∑—ã–≤—ã –ø–∏—à—É –Ω–µ —á–∞—Å—Ç–æ, –∞ –∫–æ–≥–¥–∞ –¥–µ–π—Å—Ç–≤–∏—Ç–µ–ª—å–Ω–æ –∑–∞—Ü–µ–ø–∏—Ç. –í –ª—é–±–æ–º —Å–º—ã—Å–ª–µ. –í —ç—Ç–æ—Ç —Ä–∞–∑ –∑–∞—Ü–µ–ø–∏–ª–æ –∏–º–µ–Ω–Ω–æ –Ω–µ–≥–∞—Ç–∏–≤–Ω—ã–º–∏ –º–æ–º–µ–Ω—Ç–∞–º–∏. –ó–∞—Å–µ–ª–∏–ª–∏—Å—å –º—ã –≤ –±—É–Ω–≥–∞–ª–æ –Ω–∞ –ø–ª—è–∂–µ. –ù–æ–≤—ã–µ –∫–æ—Ä–ø—É—Å–∞. –ü–æ –Ω–∞–ø–æ–ª–Ω–µ–Ω–∏—é –ø—Ä–µ—Ç–µ–Ω–∑–∏–π –Ω–µ—Ç. –í—Å–µ —á–∏—Å—Ç–æ–µ, —Å–≤–µ–∂–µ–µ. –í –Ω–æ–º–µ—Ä–∞—Ö —Ö–∞–ª–∞—Ç—ã, —Ç–∞–ø–æ—á–∫–∏, –∫–æ—Ñ–µ–º–∞—à–∏–Ω–∞. –ù–µ—Ç –∫–æ–Ω–¥–∏—Ü–∏–æ–Ω–µ—Ä–∞. –ù–æ —Ä—è–¥–æ–º –Ω–∞—Ö–æ–¥–∏—Ç—Å—è –∫–∞—Ñ–µ –õ–∏–¥–æ, –≥–¥–µ –ø—Ä–æ—Ö–æ–¥—è—Ç –∑–∞–≤—Ç—Ä–∞–∫–∏ , –∞ –≤–µ—á–µ—Ä–æ–º, –Ω–µ—Ç, –Ω–æ—á—å—é –Ω–∞—á–∏–Ω–∞–µ—Ç—Å—è –∫–∞—Ä–∞–æ–∫–µ. –î–æ 2-—Ö —á–∞—Å–æ–≤ –Ω–æ—á–∏!!!!!!!!!!!!!! –°–ª—ã—à–Ω–æ –∫–∞–∂–¥–æ–µ —Å–ª–æ–≤–æ. –°–ø–∞—Ç—å –Ω–µ–≤–æ–∑–º–æ–∂–Ω–æ!!!! –Ø –ø—Ä–∏–µ—Ö–∞–ª–∞ —Å—é–¥–∞ –æ—Ç–¥—ã—Ö–∞—Ç—å, –∞ –Ω–µ —Å–ª—É—à–∞—Ç—å –ø—å—è–Ω—ã–µ –∫—Ä–∏–∫–∏ –≤ –º–∏–∫—Ä–æ—Ñ–æ–Ω –ø–æ –Ω–æ—á–∞–º. –≠—Ç–æ –ø—Ä—è–º –æ–≥—Ä–æ–º–Ω—ã–π –º–∏–Ω—É—Å. –ù–∞ –≤—Å–µ–π —Ç–µ—Ä—Ä–∏—Ç–æ—Ä–∏–∏ –æ—Ç–µ–ª—è –∫—É—Ä—è—Ç. –≠—Ç–æ —É–∂–∞—Å. –•–æ—á–µ—Ç—Å—è –Ω–∞ –ê–ª—Ç–∞–µ –ø–æ–¥—ã—à–∞—Ç—å –≤–æ–∑–¥—É—Ö–æ–º. –ê–≥–∞! –î—ã—à–∏—Ç–µ –≤—Å–µ–º, —á–µ–º —É–≥–æ–¥–Ω–æ, —Å–∏–≥–∞—Ä–µ—Ç–∞–º–∏, –∫–∞–ª—å—è–Ω–∞–º–∏, –∞–π–∫–æ—Å–∞–º–∏, —Ç–æ–ª—å–∫–æ –Ω–µ –≤–æ–∑–¥—É—Ö–æ–º. –≠—Ç–æ –ø—Ä–∏ —Ç–æ–º, —á—Ç–æ –æ–≥—Ä–æ–º–Ω–∞—è —Ç–µ—Ä—Ä–∏—Ç–æ—Ä–∏—è –∏ –º–æ–∂–Ω–æ –≤—ã–¥–µ–ª–∏—Ç—å —Å–ø–µ—Ü–∏–∞–ª—å–Ω—ã–µ –º–µ—Å—Ç–∞ –¥–ª—è –∫—É—Ä–∏–ª—å—â–∏–∫–æ–≤. –ó–∞–≤—Ç—Ä–∞–∫–∏ –ø–æ —Å–∏—Å—Ç–µ–º–µ —à–≤–µ–¥—Å–∫–∏–π —Å—Ç–æ–ª. –í–∫—É—Å–Ω—ã–µ. –ù–æ –ø–µ—Ä—Å–æ–Ω–∞–ª –Ω–µ —Å–ø—Ä–∞–≤–ª—è–µ—Ç—Å—è. –ù–µ —É—Å–ø–µ–≤–∞—é—Ç –º—ã—Ç—å –ø–æ—Å—É–¥—É, –≤—ã–Ω–æ—Å—è—Ç –æ–¥–Ω–æ—Ä–∞–∑–æ–≤—É—é. –¢–æ –≤–∏–ª–æ–∫ –Ω–µ—Ç, —Ç–æ —Ç–∞—Ä–µ–ª–æ–∫. –ï—Å–ª–∏ –≤—ã–Ω–æ—Å—è—Ç –∏–∑ –ø–æ—Å—É–¥–æ–º–æ–π–∫–∏, —Ç–æ –Ω–µ –ø—Ä–æ–º—ã—Ç—É—é, –≤ –ø–µ–Ω–µ –æ—Ç –º–æ—é—â–∏—Ö —Å—Ä–µ–¥—Å—Ç–≤. –°–∞–ª—Ñ–µ—Ç–æ–∫ –Ω–∏–≥–¥–µ –Ω–µ—Ç, —á—Ç–æ–± —ç–ª–µ–º–µ–Ω—Ç–∞—Ä–Ω–æ –ø—Ä–æ—Ç–µ—Ä–µ—Ç—å. –®–æ–∫–æ–ª–∞–¥ –∫ –±–ª–∏–Ω–∞–º –∑–∞–∫–∞–Ω—á–∏–≤–∞–µ—Ç—Å—è –Ω–∞ —ç—Ç–∞–ø–µ –≤—ã–Ω–æ—Å–∞, —Ç –µ —Å—Ä–∞–∑—É. –ó–∞ –±–ª–∏–Ω–∞–º–∏ –≤—Å–µ–≥–¥–∞ –æ—á–µ—Ä–µ–¥—å. –ù—É –ø–æ—Å—Ç–∞–≤—å—Ç–µ –≤—ã –µ—â—ë –ø–æ–≤–∞—Ä–æ–≤. –ë–∞—Å—Å–µ–π–Ω –±–µ–∑ –ø–æ–¥–æ–≥—Ä–µ–≤–∞. –õ–µ–¥—è–Ω–æ–π. –î–Ω–∏ –∂–∞—Ä–∫–∏–µ, –∞ –≤ –±–∞—Å—Å–µ–π–Ω –Ω–µ–≤–æ–∑–º–æ–∂–Ω–æ –∑–∞–π—Ç–∏. –•–æ—Ä–æ—à–æ, —á—Ç–æ –µ—Å—Ç—å –æ–∑–µ—Ä–æ. –û–Ω–æ —Å–ø–∞—Å–∞–µ—Ç –∏ –≤–æ–æ–±—â–µ, –µ—Å–ª–∏ –±—ã –µ–≥–æ –Ω–µ –±—ã–ª–æ, —Å–º—ã—Å–ª –ø—Ä–µ–±—ã–≤–∞–Ω–∏—è –∑–¥–µ—Å—å –±—ã–ª –±—ã –ø–æ–¥ –±–æ–ª—å—à–∏–º –≤–æ–ø—Ä–æ—Å–æ–º. –°–º–æ—Ç—Ä–µ–ª–∏ –Ω–æ–º–µ—Ä–∞ –≤ –∫–æ—Ç—Ç–µ–¥–∂–∞—Ö. –ù–æ–º–µ—Ä–Ω–æ–π —Ñ–æ–Ω–¥ –Ω–∞—Å—Ç–æ–ª—å–∫–æ —É–±–∏—Ç—ã–π, —á—Ç–æ –Ω–∞—Ö–æ–¥–∏—Ç—å—Å—è —Ç–∞–º –ø—Ä—è–º –Ω–µ–ø—Ä–∏—è—Ç–Ω–æ. –ü—Ä–æ –æ—Å—Ç–∞–ª—å–Ω—ã–µ –Ω–æ–º–µ—Ä–∞ –≥–æ–≤–æ—Ä–∏—Ç—å –Ω–µ –º–æ–≥—É, –Ω–æ –∏—Ö –º–Ω–æ–≥–æ –∏ –≤ —à–∞–ª–µ, –∏ –≤ –≥–æ—Å—Ç–∏–Ω–∏—Ü–∞—Ö.",,2,–∞–≤–≥—É—Å—Ç 2021 –≥.,–∞–≤–≥. 2021 –≥.,1,–ì–æ—Å–ø–æ–∂–∞,https://www.tripadvisor.ru/Profile/levka11,0,0,5,2,1,3,,–Ω–æ—è–±. 2020 –≥.
"–ü–∞—Ä–∫-–æ—Ç–µ–ª—å ""–ê—è"" Aya Park Hotel",https://www.tripadvisor.ru/Hotel_Review-g4677719-d4651287-Reviews-Aya_Park_Hotel-Katun_Altai_Krai_Siberian_District.html,"—É–ª. –ù–∞–≥–æ—Ä–Ω–∞—è, 1, –ö–∞—Ç—É–Ω—å 659635 –†–æ—Å—Å–∏—è",–û—Ç–µ–ª–∏,,–û—Ç–µ–ª–∏,150,"–•–æ—Ä–æ—à–æ, –Ω–æ‚Ä¶","–í –ø—Ä–∏–Ω—Ü–∏–ø–µ, –≤—Å–µ —Ö–æ—Ä–æ—à–æ, –∑–∞ –∏—Å–∫–ª—é—á–µ–Ω–∏–µ–º –Ω–µ–∫–æ—Ç–æ—Ä—ã—Ö –Ω—é–∞–Ω—Å–æ–≤: –±–∞—Å—Å–µ–π–Ω —Ö–æ–ª–æ–¥–Ω—ã–π (–ø–æ–¥–æ–≥—Ä–µ–≤–∞ –Ω–µ—Ç); –µ—Å–ª–∏ —Å–µ–ª–∏—Ç–µ—Å—å –≤ –±—É–Ω–≥–∞–ª–æ –Ω–∞ –ø–ª—è–∂–µ - –≥–¥–µ –æ—á–µ–Ω—å —É—é—Ç–Ω–æ, –∫–æ–º—Ñ–æ—Ä—Ç–Ω–æ , - –Ω–µ –º–µ—á—Ç–∞–π—Ç–µ —É—Å–Ω—É—Ç—å –¥–æ 2-—Ö –Ω–æ—á–∏ - –º—É–∑—ã–∫–∞ –¥–æ–ª–±–∏—Ç —Ç–∞–∫, —á—Ç–æ –Ω–µ —É—Å–Ω—É—Ç—å! –ê —Ç–∞–∫, —Ç–µ—Ä—Ä–∏—Ç–æ—Ä–∏—è –ø—Ä–µ–∫—Ä–∞—Å–Ω–∞—è, —É—Ö–æ–∂–µ–Ω–Ω–∞—è. –û–∑–µ—Ä–æ - –∂–µ–º—á—É–∂–∏–Ω–∞ —ç—Ç–æ–≥–æ –º–µ—Å—Ç–∞!",,3,–∞–≤–≥—É—Å—Ç 2021 –≥.,–æ—Ç–∑—ã–≤ –∞–≤–≥. 2021,1,–ò–ª—å—è –õ,https://www.tripadvisor.ru/Profile/Y1250ON_,0,0,23,38,3,14,"–ù–æ–≤–æ—Å–∏–±–∏—Ä—Å–∫, –†–æ—Å—Å–∏—è",—è–Ω–≤. 2013 –≥.
"–ü–∞—Ä–∫-–æ—Ç–µ–ª—å ""–ê—è"" Aya Park Hotel",https://www.tripadvisor.ru/Hotel_Review-g4677719-d4651287-Reviews-Aya_Park_Hotel-Katun_Altai_Krai_Siberian_District.html,"—É–ª. –ù–∞–≥–æ—Ä–Ω–∞—è, 1, –ö–∞—Ç—É–Ω—å 659635 –†–æ—Å—Å–∏—è",–û—Ç–µ–ª–∏,,–û—Ç–µ–ª–∏,150,–ü–∞—Ä–∫ –û—Ç–µ–ª—å –ê—è,"–ó–¥—Ä–∞–≤—Å—Ç–≤—É–π—Ç–µ, —Ö–æ—á—É –ø–æ–±–ª–∞–≥–æ–¥–∞—Ä–∏—Ç—å ¬´–ü–∞—Ä–∫ –û—Ç–µ–ª—å –ê—è¬ª –∑–∞ —Ç–∞–∫–æ–π —Ö–æ—Ä–æ—à–∏–π –æ—Ç–ø—É—Å–∫, –Ω–µ–∑–∞–±—ã–≤–∞–µ–º—ã–µ –≤–ø–µ—á–∞—Ç–ª–µ–Ω–∏—è, –≤—Å–µ –Ω–∞ –≤—ã—Å—à–µ–º —É—Ä–æ–≤–Ω–µ, –ø–µ—Ä—Å–æ–Ω–∞–ª –≤–µ–∂–ª–∏–≤—ã–π, –Ω–æ–º–µ—Ä–∞ —É–ª–µ—Ç–Ω—ã–µ, —Ä–µ—Å—Ç–æ—Ä–∞–Ω –ø—Ä–æ—Å—Ç–æ –∑–∞–º–µ—á–∞—Ç–µ–ª—å–Ω—ã–π, –≤ –ø–ª–∞–Ω–∞—Ö –µ—â—ë —Ä–∞–∑ –ø–æ—Å–µ—Ç–∏—Ç—å –≤–∞—Å",,1,–∏—é–ª—å 2021 –≥.,–æ—Ç–∑—ã–≤ –∞–≤–≥. 2021,0,–ê–π—Å—É—Ä–∞ –¢,https://www.tripadvisor.ru/Profile/K7882KU_,0,0,1,0,0,1,,–∞–≤–≥. 2021 –≥.
"–ü–∞—Ä–∫-–æ—Ç–µ–ª—å ""–ê—è"" Aya Park Hotel",https://www.tripadvisor.ru/Hotel_Review-g4677719-d4651287-Reviews-Aya_Park_Hotel-Katun_Altai_Krai_Siberian_District.html,"—É–ª. –ù–∞–≥–æ—Ä–Ω–∞—è, 1, –ö–∞—Ç—É–Ω—å 659635 –†–æ—Å—Å–∏—è",–û—Ç–µ–ª–∏,,–û—Ç–µ–ª–∏,150,–ö–æ–≥–¥–∞ –º—ã –æ—Ç–¥—ã—Ö–∞–ª–∏ –≤–µ–ª–∏—Å—å —Ä–µ–º–æ–Ω—Ç–Ω—ã–µ —Ä–∞–±–æ—Ç—ã!!!,"–ú—ã –ø—Ä–∏–µ—Ö–∞–ª–∏ –æ—Ç–¥—ã—Ö–∞—Ç—å, –∞ –ø–æ–ª—É—á–∏–ª–æ—Å—å, —á—Ç–æ –ø—Ä–∏–µ—Ö–∞–ª–∏ –Ω–∞ —Å—Ç—Ä–æ–π–∫—É, –≥–¥–µ —Ä–∞–±–æ—Ç–∞–µ—Ç –¥—Ä–µ–ª—å –∏ –º–æ–ª–æ—Ç–æ–∫‚Ä¶ –ê –ø–µ—Ä—Å–æ–Ω–∞–ª –ø—Ä–æ—Å—Ç–æ –Ω–∏—á–µ–≥–æ –Ω–µ –º–æ–∂–µ—Ç —Å–∫–∞–∑–∞—Ç—å. –í –∫–æ–º–Ω–∞—Ç–µ –Ω–µ —Ä–∞–±–æ—Ç–∞–µ—Ç –æ—Å–≤–µ—â–µ–Ω–∏–µ, –Ω–µ—Ç —Å–µ–π—Ñ–∞ü§¶üèº‚Äç‚ôÄÔ∏è‚Ä¶. –ü—Ä–æ–∂–∏–≤–∞–Ω–∏–µ –≤ —Ç–∞–∫–æ–º –æ—Ç–µ–ª–µ –æ—Ç—Å—Ç–æ–π (((",,1,–∏—é–ª—å 2021 –≥.,–æ—Ç–∑—ã–≤ –∏—é–ª—å 2021,0,–ï–ª–µ–Ω–∞ –ö,https://www.tripadvisor.ru/Profile/_N5366OB,0,0,1,0,0,1,,–∏—é–ª—å 2021 –≥.
"–ü–∞—Ä–∫-–æ—Ç–µ–ª—å ""–ê—è"" Aya Park Hotel",https://www.tripadvisor.ru/Hotel_Review-g4677719-d4651287-Reviews-Aya_Park_Hotel-Katun_Altai_Krai_Siberian_District.html,"—É–ª. –ù–∞–≥–æ—Ä–Ω–∞—è, 1, –ö–∞—Ç—É–Ω—å 659635 –†–æ—Å—Å–∏—è",–û—Ç–µ–ª–∏,,–û—Ç–µ–ª–∏,150,–≠–ª–∏—Ç–Ω—ã–π –ê–ª—Ç–∞–π,"10000—Ä –∑–∞ –Ω–æ–º–µ—Ä –∏ 10000—Ä –≤ –¥–µ–Ω—å –Ω–∞ –ø–∏—Ç–∞–Ω–∏–µ . –ö—Ä–æ–≤–∞—Ç—å –ø—Ä–æ–≤–∞–ª–∏–≤–∞–µ—Ç—Å—è –ø–æ–¥ –º–æ–∏–º –≤–µ—Å–æ–º 82 –∫–≥(—Å–ª–æ–º–∞–Ω—ã –¥–µ—Ä–∂–∞—Ç–µ–ª–∏ –ª–∞–º–µ–ª–∏ –∑–∞ 2,5—Ä —à—Ç—É–∫–∞ –ø—Ä–æ—Å—Ç–æ –ø—Ä–∏–∫—Ä—É—Ç–∏–ª–∏ –Ω–∞ —Å–∞–º–æ—Ä–µ–∑—ã –∞ –æ–Ω–∏ –≤—ã–ø–∞–¥–∞—é—Ç). –ú–∞—Ç—Ä–∞—Ü —É—Å—Ç–∞–ª –Ω–∞–ø–æ–ª–Ω–∏—Ç–µ–ª—å, –ø—Ä—É–∂–∏–Ω—ã —á–µ—Ä–µ–∑ —Ç–∫–∞–Ω—å –¥–∞–≤—è—Ç –Ω–∞ —Ç–µ–ª–æ. –ü–∏—Ü—Ü—É –≤ –¥–æ–∂–¥—å –Ω–µ –ø–µ–∫—É—Ç –Ω–∞–≤–µ—Ä–Ω–æ –Ω–∞–≤–µ—Å –Ω–∞–¥ –ø–µ—á—å—é —Ç—Ä—É–¥–Ω–æ —Å–¥–µ–ª–∞—Ç—å –Ω–∞–≤–µ—Ä–Ω–æ –¥–æ–∂–¥—å —Ä–∞–∑ –≤ –≥–æ–¥ –±—ã–≤–∞–µ—Ç(–ø–æ —Ñ–∞–∫—Ç—É –¥–æ–∂–¥—å –ª–∏–±–æ —á–µ—Ä–µ–∑ –¥–µ–Ω—å, –ª–∏–±–æ –∫–∞–∂–¥—ã–π –¥–µ–Ω—å), –∑–æ–Ω—Ç–æ–≤ –Ω–∞ —Ä–µ—Å–µ–ø—à–µ–Ω–µ –Ω–µ—Ç. –•–æ—Ç—å –∑–∞–≤—Ç—Ä–∞–∫–∏ —Ö–æ—Ä–æ—à–∏–µ. –†–∞–∑—Ä–µ–∫–ª–∞–º–∏—Ä–æ–≤–∞–Ω–Ω–∞—è –ª–æ–¥–∫–∞ Bantley 700—Ä –∑–∞ 30 –º–∏–Ω—É—Ç –Ω–µ —É—Ö–æ–∂–µ–Ω–Ω–∞—è, –ø–æ—Å–ª–µ –ø–æ–¥–≤—ã–ø–∏–≤—à–∏—Ö –ª—é–¥–µ–π –≤—Å—è –ª–∏–ø–∫–∞—è –∏ –≤–æ–Ω—è–µ—Ç –ø–∏–≤–æ–º –≤ –≥–æ–Ω–∫–∞—Ö —Ö–ª—é–ø–∞–µ—Ç –≤–æ–¥–∞ (–Ω–µ —É–±—Ä–∞–Ω–Ω–∞—è –ø–µ—Ä—Å–æ–Ω–∞–ª–æ–º). –ù–∞ —Ñ–∞—Å–∞–¥–µ Alira palace –≤–∏–¥–Ω–µ—é—Ç—Å—è –¥—ã—Ä—ã –æ—Ç –æ—Ç–≤–∞–ª–∏–≤—à–∏–π—Å—è –¥–æ—Å–æ–∫ –µ—â—ë —Å –ø—Ä–æ—à–ª–æ–≥–æ –≥–æ–¥–∞, —Å—Ç–∞–∫–∞–Ω—ã –≤ –Ω–æ–º–µ—Ä–µ —Å–æ —Å–∫–æ–ª–∞–º–∏, –∫–æ–Ω–¥–∏—Ü–∏–æ–Ω–µ—Ä –ø–ª–æ—Ö–æ –æ—Ö–ª–∞–∂–¥–∞–µ—Ç. –®–∞–º–ø—É–Ω—è –≤ –Ω–æ–º–µ—Ä–∞—Ö –Ω–µ—Ç. –í –∫–∞—Ñ–µ –õ–∏–¥–æ –ø—Ä–∏–Ω–æ—Å—è—Ç —Ö–æ–ª–æ–¥–Ω—ã–µ –Ω–∞–≥–≥–µ—Ü—ã (–ø–æ—Ö–æ–∂–µ –∂–∞—Ä—è—Ç –Ω–∞ —Ö–æ–ª–æ–¥–Ω–æ–º –º–∞—Å–ª–µ, –Ω–æ–≤–∞—è —Ç–µ—Ö–Ω–æ–ª–æ–≥–∏—è), —á–∞—Å—Ç–æ –Ω–µ—Ç –º—è—Ç—ã –¥–ª—è –∫–æ–∫—Ç–µ–π–ª–µ–π, –ø–æ–≤–∞—Ä–∞ –Ω–µ –º–æ–≥—É—Ç —Å–∫–æ–º–ø–æ–Ω–æ–≤–∞—Ç—å –≥–∞—Ä–Ω–∏—Ä —Å –æ—Å–Ω–æ–≤–Ω—ã–º –±–ª—é–¥–æ–º. . –ö–∞—Ä–∫–∞—Å—ã –≤–∏–ø –∑–æ–Ω —É –±–∞—Å—Å–µ–π–Ω–∞ –æ–±–ª–µ–∑–ª–∏ –æ—Ç –∫—Ä–∞—Å–∫–∏. –í —Ö–æ—Ä–æ—à–∏–π —Å–æ–ª–Ω–µ—á–Ω—ã–π –¥–µ–Ω—å –Ω–µ —Ö–≤–∞—Ç–∞–µ—Ç –ª–µ–∂–∞–∫–æ–≤ –¥–ª—è –ª—é–¥–µ–π, –ª—é–¥–∏ –∑–∞–≥–æ—Ä–∞—é—Ç –Ω–∞ —Ç—Ä–∞–≤–∫–µ. –ö–æ–≤–∏–¥–Ω—ã–µ –ø–æ—Å—Ç–∞–Ω–æ–≤–ª–µ–Ω–∏—è –ì—É–±–µ—Ä–Ω–∞—Ç–æ—Ä–∞ –∏–≥–Ω–æ—Ä–∏—Ä—É—é—Ç—Å—è. –£ –±–∞—Å—Å–µ–π–Ω–∞ —Å–æ–±–∏—Ä–∞—é—Ç—Å—è –≤ —Ö–æ—Ä–æ—à–∏–π –¥–µ–Ω—å –æ—Ç 2000 –¥–æ 6500 —á–µ–ª–æ–≤–µ–∫. –í –±–∞—Ä–µ —É –¥–µ—Ç—Å–∫–æ–≥–æ –±–∞—Å—Å–µ–π–Ω–∞ –Ω–∏–∫–æ–≥–¥–∞ –Ω–µ —Ö–≤–∞—Ç–∞–µ—Ç –∫—É–∫—É—Ä—É–∑—ã –ø–∞—Ä–µ–Ω–æ–π, –∏–Ω–æ–≥–¥–∞ —ç–ª–µ–º–µ–Ω—Ç–∞—Ä–Ω–æ –Ω–µ—Ç —á–∞—è, –∫–æ—Ñ–µ (—Ç–æ–ª—å–∫–æ –ø–∏–≤–æ —Ä–µ–∫–æ–π). –†–µ—Å—Ç–æ—Ä–∞–Ω —é–≥–æ—Å–ª–∞–≤—Å–∫–∏–π —Ö–æ—Ä–æ—à–∏–π (–Ω–æ –æ–ø—è—Ç—å –Ω–µ —Ö–≤–∞—Ç–∞–µ—Ç –ø—Ä–æ–¥—É–∫—Ç–æ–≤: –Ω–µ—Ç —Ä–∏–±–∞—è, –Ω–µ—Ç –∫–∞—Ä–µ —è–≥–Ω–µ–Ω–∫–∞). –°–ø–∞ –∑–æ–Ω–∞ –≤ –æ—Ç–µ–ª–µ —é–≥–æ—Å–ª–∞–≤—Å–∫–∏–π –ø–æ–Ω—Ä–∞–≤–∏–ª–∞—Å—å —Ö–æ—Ä–æ—à–∏–π —Ö–∞–º–∞–º, –±–∞—Å—Å–µ–π–Ω –∫–ª–∞—Å—Å–Ω—ã–π —Å —Ä–∞–∑–ª–∏—á–Ω—ã–º–∏ –∑–æ–Ω–∞–º–∏ –≥–∏–¥—Ä–æ–º–∞—Å—Å–∞–∂–∞. –¢—Ä–µ–Ω–∞–∂–µ—Ä–Ω—ã–π –∑–∞–ª –≤ –ø–µ—á–∞–ª—å–Ω–æ–º —Å–æ—Å—Ç–æ—è–Ω–∏–∏(–Ω–µ —Ä–∞–±–æ—Ç–∞–µ—Ç –æ–¥–Ω–∞ –±–µ–≥–æ–≤–∞—è –¥–æ—Ä–æ–∂–∫–∞, –≤–µ–ª–æ—Ç—Ä–µ–Ω–∞–∂—ë—Ä, —ç–ª–ª–∏–ø—Å —Å–∫—Ä–∏–ø—É—á–∏–µ, —Ç—Ä–µ–Ω–∞–∂—ë—Ä –Ω–∞ –Ω–æ–≥–∏ —Å–ª–æ–º–∞–Ω) –ò–¢–û–ì: —Å—Ç–æ–∏–º–æ—Å—Ç—å –Ω–µ —Å–æ–æ—Ç–≤–µ—Ç—Å—Ç–≤—É–µ—Ç 4 –∑–≤—ë–∑–¥–∞–º –Ω–∏–∫–∞–∫. –ö–∞–∫ –≥–æ–≤–æ—Ä–∏—Ç—å—Å—è –¥–µ–Ω—å–≥–∏ –±—Ä–∞—Ç—å —Å–æ–≤–µ—Å—Ç—å –ø–æ–∑–≤–æ–ª—è–µ—Ç, –∞ –æ–∫–∞–∑—ã–≤–∞—Ç—å –∫–æ—Ä—Ä–µ–∫—Ç–Ω–æ —É—Å–ª—É–≥–∏ –Ω–µ –º–æ–∂–µ–º. –ó–∞—Ä—É–±–µ–∂–Ω—ã–π –æ—Ç–µ–ª—å –≤ 2-3 –∑–≤—ë–∑–¥—ã –≥–æ—Ä–∞–∑–¥–æ –ª—É—á—à–µ –ø–æ –∫–∞—á–µ—Å—Ç–≤—É –∏ —Å—Ç–æ–∏—Ç 2-3 —Ä–∞–∑–∞ –¥–µ—à–µ–≤–ª–µ.",,1,–∏—é–ª—å 2021 –≥.,–æ—Ç–∑—ã–≤ –∏—é–ª—å 2021,1,–ê—Ä—Ç—É—Ä –†,https://www.tripadvisor.ru/Profile/Y930IK_,0,0,1,1,0,1,,–∏—é–ª—å 2021 –≥.
"–ü–∞—Ä–∫-–æ—Ç–µ–ª—å ""–ê—è"" Aya Park Hotel",https://www.tripadvisor.ru/Hotel_Review-g4677719-d4651287-Reviews-Aya_Park_Hotel-Katun_Altai_Krai_Siberian_District.html,"—É–ª. –ù–∞–≥–æ—Ä–Ω–∞—è, 1, –ö–∞—Ç—É–Ω—å 659635 –†–æ—Å—Å–∏—è",–û—Ç–µ–ª–∏,,–û—Ç–µ–ª–∏,150,"–ü–ª–∞—Ç–Ω—ã–µ –ª–∞–Ω—á-–±–æ–∫—Å—ã, –Ω–µ —Ä–∞–±–æ—Ç–∞—é—â–∏–µ –ø—Ä–∏–±–æ—Ä—ã –∏ –∫–æ–Ω–¥–µ–π –Ω–∞ –±–∞–ª–∫–æ–Ω–µ, –≤—ã —Ç–∞–∫–æ–µ –≤–∏–¥–µ–ª–∏?","–ú—ã –∑–∞—Å–µ–ª–∏–ª–∏—Å—å –≤ –æ—Ç–µ–ª—å –Ω–∞ –ø–∞—Ä—É –Ω–æ—á–µ–π –ø–µ—Ä–µ–¥ –æ—Ç–ª–µ—Ç–æ–º –¥–æ–º–æ–π. –£ –æ—Ç–µ–ª—è –∑–∞–º–µ—á–∞—Ç–µ–ª—å–Ω–∞—è —Ç–µ—Ä—Ä–∏—Ç–æ—Ä–∏—è –ø—Ä–∏–ª–µ–≥–∞—é—â–∞—è –∫ –æ–∑–µ—Ä—É, –∫—Ä–∞—Å–∏–≤—ã–π —ç–∫—Å—Ç–µ—Ä—å–µ—Ä –¥–æ–º–∏–∫–æ–≤ –∏ –∫–æ—Ä–ø—É—Å–æ–≤, —Å—Ç—Ä–∏–∂–µ–Ω–Ω—ã–π –≥–∞–∑–æ–Ω, –±–∞—Å—Å–µ–π–Ω –∏ —Ç.–¥. –ù–µ–º–Ω–æ–≥–æ –æ–≥–æ—Ä—á–∏–ª–æ, —á—Ç–æ –ø—Ä–∏—à–ª–æ—Å—å –ø–æ–¥ –¥–æ–∂–¥–µ–º –∏–¥—Ç–∏ —Å —á–µ–º–æ–¥–∞–Ω–∞–º–∏ –≤ –∫–æ—Ä–ø—É—Å, —Ç.–∫ –∫ –Ω–µ–º—É –Ω–µ –±—ã–ª–æ –ø—Ä—è–º–æ–≥–æ –ø–æ–¥—ä–µ–∑–¥–∞ –Ω–∞ –º–∞—à–∏–Ω–µ –∏–∑-–∑–∞ —Ä–∞—Å–ø–æ–ª–æ–∂–µ–Ω–Ω–æ–π –ø—Ä—è–º–æ —É –ø–æ–¥—ä–µ–∑–¥–∞ —Å—Ç–æ—è–Ω–∫–∏, –≥–¥–µ —É–∂–µ –±—ã–ª–∞ –∫—É—á–∞ –º–∞—à–∏–Ω. –ï—â–µ –æ–¥–Ω–∏–º —Å—é—Ä–ø—Ä–∏–∑–æ–º –±—ã–ª–∏ –ø–ª–∞—Ç–Ω—ã–µ –ª–∞–Ω—á-–±–æ–∫—Å—ã –ø—Ä–∏ —Ä–∞–Ω–Ω–µ–º –≤—ã–µ–∑–¥–µ - 750 —Ä—É–±–ª–µ–π –∑–∞ –ø–∞—Ä—É –æ–≤–æ—â–µ–π –∏ —á–µ—Ç—ã—Ä–µ –±—É—Ç–µ—Ä–±—Ä–æ–¥–∞. –î–µ–≤–æ—á–∫–∏ –Ω–∞ —Ä–µ—Å–µ–ø—à–Ω —Å—Ä–∞–∑—É –∂–µ —Å–∫–∞–∑–∞–ª–∏, —á—Ç–æ —ç—Ç–æ —Ä–∞—Å–ø–æ—Ä—è–∂–µ–Ω–∏–µ —Å–∞–º–æ–≥–æ –≥–ª–∞–≤–Ω–æ–≥–æ –∏ –º—ã –≤–ø—Ä–∞–≤–µ –Ω–∞–∫–∞—Ç–∞—Ç—å –∂–∞–ª–æ–±—É. –í –Ω–æ–º–µ—Ä–µ –∑–∞–±—ã–ª–∏ —É–±—Ä–∞—Ç—å –∫–∞–∫–æ–µ-—Ç–æ —Ç–µ–º–Ω–æ–µ –ø—è—Ç–Ω–æ –Ω–∞ –ø–æ–ª—É –±–∞–ª–∫–æ–Ω–∞ (—Ç–æ–ª–∏ –Ω–∞–ø–∏—Ç–æ–∫ –¥–æ –ø—Ä–∏–µ–º–∞ –≤–Ω—É—Ç—Ä—å, —Ç–æ–ª–∏ –ø–æ—Å–ª–µ), –Ω–µ —Ä–∞–±–æ—Ç–∞–ª–∞ –¢–í-–ø—Ä–∏—Å—Ç–∞–≤–∫–∞ (–±—ã—Å—Ç—Ä–æ –ø–æ—á–∏–Ω–∏–ª–∏), —Ö–æ–ª–æ–¥–∏–ª—å–Ω–∏–∫ (–Ω–µ –ø–æ—á–∏–Ω–∏–ª–∏), –∞ –µ—â–µ —É –Ω–∞—Å –Ω–∞ –ø—Ä—è–º–æ –≤–Ω—É—Ç—Ä–∏ –±–∞–ª–∫–æ–Ω–∞ –Ω–∞ —Å—Ç–µ–Ω–µ –ø–æ—á–µ–º—É-—Ç–æ –≤–∏—Å–µ–ª –æ–≥—Ä–æ–º–Ω—ã–π –≤–Ω–µ—à–Ω–∏–π –±–ª–æ–∫ –æ—Ç –º—É–ª—å—Ç–∏—Å–ø–ª–∏—Ç-—Å–∏—Å—Ç–µ–º—ã, —Ç.–µ. –æ–Ω –≥—É–¥–µ–ª –∫–∞–∫ —Å–∞–º–æ–ª–µ—Ç–Ω—ã–π –¥–≤–∏–∂–æ–∫ –¥–∞–∂–µ –∫–æ–≥–¥–∞ –º—ã –≤—ã–∫–ª—é—á–∞–ª–∏ —Å–≤–æ–π –≤–Ω—É—Ç—Ä–µ–Ω–Ω–∏–π –±–ª–æ–∫ (—É —Å–æ—Å–µ–¥–µ–π –≤–µ–¥—å –æ–Ω –±—ã–ª –≤–∫–ª—é—á–µ–Ω), –∑–∞—Å–Ω—É—Ç—å —Å–ª–æ–∂–Ω–æ( –£–∂–∏–Ω –≤ —Ä—ã–±–Ω–æ–º —Ä–µ—Å—Ç–æ—Ä–∞–Ω–µ –Ω–µ —É–¥–∞–ª—Å—è, –ø–æ—Ç–æ–º—É —á—Ç–æ –ø–æ–ª–æ–≤–∏–Ω–∞ —Ä—ã–±–Ω–æ–≥–æ –º–µ–Ω—é –ø—Ä–æ—Å—Ç–æ –æ—Ç—Å—É—Ç—Å—Ç–≤–æ–≤–∞–ª–∞, –±—ã–ª —Ç–æ–ª—å–∫–æ —Å—É–¥–∞–∫. –ü–æ—É–∂–∏–Ω–∞–ª–∏ –≤ —Ä–µ—Å—Ç–æ—Ä–∞–Ω–µ –ì—Ä–∞–∞–ª—å, –æ—á–µ–Ω—å –ø–æ–Ω—Ä–∞–≤–∏–ª–∞—Å—å –∫—É—Ö–Ω—è, –Ω–æ –≤–æ –≤—Ä–µ–º—è —É–∂–∏–Ω–∞ –≤ —Ä–µ—Å—Ç–æ—Ä–∞–Ω–µ 2 —Ä–∞–∑–∞ –≥–∞—Å–Ω—É–ª —Å–≤–µ—Ç —Å–µ–∫—É–Ω–¥ –Ω–∞ 20. –ü—Ä–∏–¥—è –≤ –Ω–æ–º–µ—Ä –≤ –∫–∞–∫–æ–π-—Ç–æ –º–æ–º–µ–Ω—Ç —Å–≤–µ—Ç —Å–Ω–æ–≤–∞ –≤—ã–∫–ª—é—á–∏–ª—Å—è. –í–∏–¥–∏–º–æ –∫–ª–∏–µ–Ω—Ç–æ–≤ —ç—Ç–æ –≤—Å–µ —É—Å—Ç—Ä–∞–∏–≤–∞–µ—Ç, —Ä–∞–∑ –≤ –æ—Ç–µ–ª–µ –ø–æ–ª–Ω–∞—è –∑–∞–≥—Ä—É–∂–µ–Ω–Ω–æ—Å—Ç—å, –Ω–æ –º—ã –ª—É—á—à–µ –æ—Ç–¥–æ—Ö–Ω–µ–º –≤ –¥—Ä—É–≥–æ–º –º–µ—Å—Ç–µ(",,2,–∏—é–Ω—å 2021 –≥.,–∏—é–ª—å 2021 –≥.,0,–°–µ—Ä–≥–µ–π,https://www.tripadvisor.ru/Profile/Dreamer30329845178,0,0,1,0,0,1,"–ú–æ—Å–∫–≤–∞, –†–æ—Å—Å–∏—è",–∏—é–ª—å 2021 –≥.
"–ü–∞—Ä–∫-–æ—Ç–µ–ª—å ""–ê—è"" Aya Park Hotel",https://www.tripadvisor.ru/Hotel_Review-g4677719-d4651287-Reviews-Aya_Park_Hotel-Katun_Altai_Krai_Siberian_District.html,"—É–ª. –ù–∞–≥–æ—Ä–Ω–∞—è, 1, –ö–∞—Ç—É–Ω—å 659635 –†–æ—Å—Å–∏—è",–û—Ç–µ–ª–∏,,–û—Ç–µ–ª–∏,150,–ù–µ –≤–µ—Ä–Ω—É—Å—å —Å—é–¥–∞,"–°–∞–º –ø–∞—Ä–∫ –æ—Ç–µ–ª—å —Ä–∞–∑–±–∏—Ç –Ω–∞ —Ä–∞–∑–Ω—ã–µ ¬´–æ—Ç–µ–ª–∏¬ª ‚Äì –µ—Å—Ç—å –æ—Ç–µ–ª—å –Æ–≥–æ—Å–ª–∞–≤—Å–∫–∏–π, —à–∞–ª–µ, –∫–æ—Ç—Ç–µ–¥–∂–∏, –º—ã –∂–µ –æ—Å—Ç–∞–Ω–æ–≤–∏–ª–∏—Å—å –≤ –ê–ª–∏—Ä–µ, —Ç–∞–∫ —á—Ç–æ –æ—Ç–∑—ã–≤ —Ç–æ–ª—å–∫–æ –ø—Ä–æ –Ω–æ–º–µ—Ä–∞ –∑–¥–µ—Å—å. –ù–æ–º–µ—Ä –Ω–∞ –∑–∞—è–≤–ª–µ–Ω–Ω—ã–µ 4 –∑–≤–µ–∑–¥—ã –Ω–µ —Ç—è–Ω–µ—Ç –∞–±—Å–æ–ª—é—Ç–Ω–æ. –ú–µ–∂–¥—É –Ω–æ–º–µ—Ä–∞–º–∏ —Å–∞–º–∞—è –¥–µ—à–µ–≤–∞—è –∫–∞—Ä—Ç–æ–Ω–Ω–∞—è –º–µ–∂–∫–æ–º–Ω–∞—Ç–Ω–∞—è –¥–≤–µ—Ä—å, –≤–∏–¥–Ω–æ —á—Ç–æ –ø—Ä–æ–∏—Å—Ö–æ–¥–∏—Ç –≤ –¥—Ä—É–≥–æ–º –Ω–æ–º–µ—Ä–µ! –ù–µ –≥–æ–≤–æ—Ä—é —É–∂–µ –ø—Ä–æ —Å–ª—ã—à–∏–º–æ—Å—Ç—å. –ï—Å—Ç—å –¥—Ä—É–≥–∏–µ –∫–æ—Å—è–∫–∏ –ø–æ —Ç–∏–ø—É –æ—Ç—Å—É—Ç—Å–≤–∏—è –æ–≥—Ä–∞–Ω–∏—á–∏—Ç–µ–ª—è –Ω–∞ –≥–∞—Ä–¥–∏–Ω–µ, —à—Ç–æ—Ä–∞ –ø–∞–¥–∞–µ—Ç. –í –¥—É—à–µ –±—ã–ª —Å–ª–æ–º–∞–Ω –¥–µ—Ä–∂–∞—Ç–µ–ª—å –¥–ª—è –ª–µ–π–∫–∏, –æ—Å—Ç–∞–≤–∏–ª–∏ –∑–∞—è–≤–∫—É –Ω–∞ –ø–æ—á–∏–Ω–∫—É, —Å–¥–µ–ª–∞–ª–∏ —Ç–æ–ª—å–∫–æ –ø–æ—Å–ª–µ –ø–æ–≤—Ç–æ—Ä–Ω–æ–π –ø—Ä–æ—Å—å–±—ã —á–µ—Ä–µ–∑ –Ω–µ—Å–∫–æ–ª—å–∫–æ –¥–Ω–µ–π. –î–≤—É—Ö—Å–ø–∞–ª—å–Ω–æ–π –∫—Ä–æ–≤–∞—Ç–∏ –Ω–µ—Ç, —Å–¥–≤–∏–≥–∞—é—Ç –¥–≤–µ —Ä–∞–∑–¥–µ–ª—å–Ω—ã–µ, –Ω–æ–º–µ—Ä 211. –†–æ–∑–µ—Ç–∫–∏ —Ö–ª–∏–ø–∫–∏–µ –∏ –∏—Ö –º–∞–ª–æ. –ù–∞ –±–∞–ª–∫–æ–Ω–µ –∫–æ–Ω–¥–∏—Ü–∏–æ–Ω–µ—Ä —Å–æ—Å–µ–¥–µ–π. –¢–µ—Ä—Ä–∏—Ç–æ—Ä–∏—è –∫–æ–Ω–µ—á–Ω–æ —É—Ö–æ–∂–µ–Ω–Ω–∞—è, –∫—Ä–∞—Å–∏–≤–∞—è, –Ω–æ –≤—Å–µ —ç—Ç–æ –∞–±—Å–æ–ª—é—Ç–Ω–æ –Ω–µ –Ω—É–∂–Ω–æ, –µ—Å–ª–∏ –≤—ã –µ–¥–µ—Ç–µ –Ω–∞ –∞–∫—Ç–∏–≤–Ω—ã–π –æ—Ç–¥—ã—Ö, —ç–∫—Å–∫—É—Ä—Å–∏–∏ –∏ –ø–æ —Å—É—Ç–∏ —Ç–æ–ª—å–∫–æ –Ω–æ—á—É–µ—Ç–µ –≤ –Ω–æ–º–µ—Ä–µ. –ò –≤ –ª—é–±–æ–º —Å–ª—É—á–∞–µ —ç—Ç–æ –Ω–µ —Å—Ç–æ–∏—Ç —Å–≤–æ–∏—Ö –¥–µ–Ω–µ–≥, –≤–µ–¥—å –º–∞–ª–æ —Ç–æ–≥–æ —á—Ç–æ –∑–∞ –ø—Ä–æ–∂–∏–≤–∞–Ω–∏–µ –±–µ—Ä—É—Ç –ø—Ä–∏–ª–∏—á–Ω–æ, —Ç–∞–∫ –µ—â–µ –∏ –∑–∞ –µ–¥—É —Ü–µ–Ω–Ω–∏–∫ –∫–æ–Ω—Å–∫–∏–π, –¥–∞–∂–µ –ø–æ–ª–æ—Ç–µ–Ω—Ü–µ –≤ –∞—Ä–µ–Ω–¥—É —É –±–∞—Å—Å–µ–π–Ω–∞ 300 —Ä—É–±–ª–µ–π! –ï—Å–ª–∏ –Ω–µ —É—Å–ø–µ–≤–∞–µ—Ç–µ –Ω–∞ –≤–∫–ª—é—á–µ–Ω–Ω—ã–π –≤ —Å—Ç–æ–∏–º–æ—Å—Ç—å –≤ –∑–∞–≤—Ç—Ä–∞–∫ (–æ–Ω —Å 8 –¥–æ 11), –Ω–∞–ø—Ä–∏–º–µ—Ä —ç–∫—Å–∫—É—Ä—Å–∏—è —É –≤–∞—Å –≤ 7:30, —Ç–æ –ª–∞–Ω—á-–±–æ–∫—Å —Å —Å–æ–±–æ–π 700 —Ä—É–±–ª–µ–π, –∑–∞ –±—É—Ç–µ—Ä –∏ —è–π—Ü–æ! –û—Ç–µ–ª—å –±—ã–ª –±—ã 4 –∑–≤–µ–∑–¥—ã, –µ—Å–ª–∏ –±—ã –Ω–µ –±—Ä–∞–ª–∏ —Ç—É—Ç –∑–∞ –≤—Å–µ –¥–æ–ø –ø–ª–∞—Ç—É. –¢—É—Ç –¥–∞–∂–µ –ø–ª–æ—â–∞–¥–∫–∞ –¥–µ—Ç—Å–∫–∞—è –ø–ª–∞—Ç–Ω–∞—è. –í —Ä–µ—Å—Ç–æ—Ä–∞–Ω–µ –¥–æ—Ä–æ–≥–æ, –æ–±—Å–ª—É–∂–∏–≤–∞–Ω–∏–µ –Ω–µ —Å–æ–æ—Ç–≤–µ—Ç—Å—Ç–≤—É–µ—Ç, –∫–∞–∂–¥—ã–π —Ä–∞–∑ –∂–¥–µ—à—å –æ—Ñ–∏—Ü–∏–∞–Ω—Ç–∞ –ø–æ–ª –≤–µ—á–µ—Ä–∞, –¥–∞–∂–µ –µ—Å–ª–∏ –ª—é–¥–µ–π –Ω–µ–º–Ω–æ–≥–æ. –ü–æ–¥–≤–æ–¥—è –∏—Ç–æ–≥, —Å—é–¥–∞ –≤–æ–∑–≤—Ä–∞—â–∞—Ç—å—Å—è –∂–µ–ª–∞–Ω–∏—è –Ω–µ—Ç.",,2,–∏—é–Ω—å 2021 –≥.,–æ—Ç–∑—ã–≤ –∏—é–ª—å 2021,3,Ann V,https://www.tripadvisor.ru/Profile/C554UBannv,0,0,9,3,1,1,,–∏—é–ª—å 2021 –≥.
"–ü–∞—Ä–∫-–æ—Ç–µ–ª—å ""–ê—è"" Aya Park Hotel",https://www.tripadvisor.ru/Hotel_Review-g4677719-d4651287-Reviews-Aya_Park_Hotel-Katun_Altai_Krai_Siberian_District.html,"—É–ª. –ù–∞–≥–æ—Ä–Ω–∞—è, 1, –ö–∞—Ç—É–Ω—å 659635 –†–æ—Å—Å–∏—è",–û—Ç–µ–ª–∏,,–û—Ç–µ–ª–∏,150,–û—Ç–ª–∏—á–Ω–æ,"–ë—ã–ª–∏ –Ω–∞ –ê–ª—Ç–∞–µ 4 —Ä–∞–∑–∞ –∏ –≤—Å–µ–≥–¥–∞ –≤ —Ä–∞–∑–Ω—ã—Ö –æ—Ç–µ–ª—è—Ö –∏–ª–∏ –±–∞–∑–∞—Ö, –Ω–æ —ç—Ç–æ—Ç –æ—Ç–µ–ª—å –Ω–µ —Å—Ä–∞–≤–Ω–∏—Ç—Å—è –Ω–∏ —Å –æ–¥–Ω–∏–º. –í–æ –ø–µ—Ä–≤—ã—Ö, –ø—Ä–∏–≤–µ—Ç–ª–∏–≤—ã–π –ø–µ—Ä—Å–æ–Ω–∞–ª, –≤—Å–µ, –∞–±—Å–æ–ª—é—Ç–Ω–æ –≤—Å–µ, –≥–æ—Ä–Ω–∏—á–Ω—ã–µ, —Å–ø–∞—Å–∞—Ç–µ–ª–∏, –∞–¥–º–∏–Ω–∏—Å—Ç—Ä–∞—Ç–æ—Ä—ã, —Ä–∞–±–æ—Ç–Ω–∏–∫–∏ –∫–∞—Ñ–µ –∏ —Ä–µ—Å—Ç–æ—Ä–∞–Ω–∞. –¢–µ—Ä—Ä–∏—Ç–æ—Ä–∏—è –±–æ–ª—å—à–∞—è, –æ—á–µ–Ω—å –∫—Ä–∞—Å–∏–≤–æ. –ù–∞–º –Ω–µ –ø–æ–≤–µ–∑–ª–æ —Å –ø–æ–≥–æ–¥–æ–π, –Ω–æ –æ—Ç–¥—ã—Ö –∞–±—Å–æ–ª—é—Ç–Ω–æ –Ω–µ –±—ã–ª –∏—Å–ø–æ—Ä—á–µ–Ω. –í –æ—Ç–µ–ª–µ –µ—Å—Ç—å –∫—Ä—ã—Ç—ã–π –±–∞—Å—Å–µ–π–Ω, –µ—Å—Ç—å –±–∞–Ω–∏ —Å –≤—ã—Ö–æ–¥–æ–º –∫ –æ–∑–µ—Ä—É, –∫–∞—Ç–∞–º–∞—Ä–∞–Ω—ã, –ø–∞—Ä–∫ –∞—Ç—Ç—Ä–∞–∫—Ü–∏–æ–Ω–æ–≤, –≤ –æ–±—â–µ–º –µ—Å—Ç—å —á–µ–º –∑–∞–Ω—è—Ç—å—Å—è. –°–Ω–∞—á–∞–ª–∞ —è –¥—É–º–∞–ª–∞, —á—Ç–æ –¥–æ—Ä–æ–≥–æ–≤–∞—Ç–æ —Ç—É–¥–∞ –µ—Ö–∞—Ç—å, –Ω–æ –æ–∫–∞–∑–∞–≤—à–∏—Å—å —Ç–∞–º, —è –ø–æ–Ω—è–ª–∞, —á—Ç–æ —ç—Ç–æ –µ—â—ë –¥–µ—à–µ–≤–æ –æ–Ω–∏ –±–µ—Ä—É—Ç –∑–∞ —Ç–∞–∫–æ–π —Å–µ—Ä–≤–∏—Å. –ü–æ–Ω—Ä–∞–≤–∏–ª–æ—Å—å –≤—Å—ë. –ï–¥–∏–Ω—Å—Ç–≤–µ–Ω–Ω—ã–π –º–∏–Ω—É—Å, —ç—Ç–æ —Ä–∞–±–æ—Ç–∞ –∞–Ω–∏–º–∞—Ç–æ—Ä–æ–≤ —Å –¥–µ—Ç—å–º–∏. –û–Ω–∏ –æ—Ç–ª–∏—á–Ω–æ –≤—ã–ø–æ–ª–Ω—è—é—Ç —Å–≤–æ—é —Ä–∞–±–æ—Ç—É, –Ω–æ –±—ã–ª–æ –±—ã –Ω–µ–ø–ª–æ—Ö–æ –¥–µ–ª–∞—Ç—å –∫–∞–∫–∏–µ —Ç–æ –æ–±—ä—è–≤–ª–µ–Ω–∏—è, –Ω–∞–ø—Ä–∏–º–µ—Ä –æ —Ç–æ–º —á—Ç–æ —Å–µ–≥–æ–¥–Ω—è –≤ 18 –¥–∏—Å–∫–æ—Ç–µ–∫–∞, –∏–ª–∏ –∑–∞—Ä—è–¥–∫–∞ –≤ 11 —É –æ–∑–µ—Ä–∞. –ê —Ç–æ —É –Ω–∞—Å —Ä–µ–±–µ–Ω–æ–∫ –Ω–∏ —Ä–∞–∑—É –Ω–µ –ø–æ–ø–∞–ª –Ω–∏–∫—É–¥–∞, –ø–æ—Ç–æ–º—É —á—Ç–æ —ç–ª–µ–º–µ–Ω—Ç–∞—Ä–Ω–æ –Ω–µ –∑–Ω–∞–ª–∏ –º–µ—Å—Ç–æ –∏ –≤—Ä–µ–º—è –ø—Ä–æ–≤–µ–¥–µ–Ω–∏—è. –ê —Ç–∞–∫ –≤—Å—ë –Ω–∞ 5+",,5,–∏—é–Ω—å 2021 –≥.,–∏—é–Ω—å 2021 –≥.,0,–Ø–Ω–∞,https://www.tripadvisor.ru/Profile/Yana19029393,0,0,1,0,0,1,,–∏—é–Ω—å 2019 –≥.
"–ü–∞—Ä–∫-–æ—Ç–µ–ª—å ""–ê—è"" Aya Park Hotel",https://www.tripadvisor.ru/Hotel_Review-g4677719-d4651287-Reviews-Aya_Park_Hotel-Katun_Altai_Krai_Siberian_District.html,"—É–ª. –ù–∞–≥–æ—Ä–Ω–∞—è, 1, –ö–∞—Ç—É–Ω—å 659635 –†–æ—Å—Å–∏—è",–û—Ç–µ–ª–∏,,–û—Ç–µ–ª–∏,150,–•–æ—Ä–æ—à–∏–π –≤–º–µ—Å—Ç–µ —Å –¥–µ—Ç—å–º–∏,"–û—Ç–µ–ª—å —Ö–æ—Ä–æ—à–∏–π,  –≥–ª–∞–≤–Ω—ã–π –ø–ª—é—Å- —ç—Ç–æ –±–æ–ª—å—à–∞—è —Ç–µ—Ä—Ä–∏—Ç–æ—Ä–∏—è,  –ø–æ –∫–æ—Ç–æ—Ä–æ–π –º–æ–∂–Ω–æ —Å –∫–æ–ª—è—Å–∫–æ–π,  –Ω–∞ —Å–∞–º–æ–∫–∞—Ç–µ –∏ –ø–µ—à–∫–æ–º. –ñ–∏–ª–∏ –≤ –∫–æ—Ä–ø—É—Å–µ –Æ–≥–æ—Å–ª–∞–≤—Å–∫–∏–π,  —Å—Ç–∞–Ω–¥–∞—Ä—Ç —Å –¥–æ–ø.–º–µ—Å—Ç–æ–º,  –º–µ—Å—Ç–∞ –¥–æ—Å—Ç–∞—Ç–æ—á–Ω–æ. –•–æ–ª–æ–¥–∏–ª—å–Ω–∏–∫,  —Ñ–µ–Ω,  —á–∞–π–Ω–∏–∫. –ó–∞–≤—Ç—Ä–∞–∫ –ø–æ –ø—Ä–∏–Ω—Ü–∏–ø—É —à–≤–µ–¥—Å–∫–∏–π —Å—Ç–æ–ª: –≤—ã–±–æ—Ä –æ—Ç–ª–∏—á–Ω—ã–π,  –∏–∑–æ –¥–Ω—è –≤ –¥–µ–Ω—å –æ–¥–∏–Ω–∞–∫–æ–≤—ã–π,–Ω–æ —Å—ã—Ç–Ω—ã–π. –û—Ç–¥–µ–ª—å–Ω–æ —Å–∫–∞–∂—É –æ –ø–∞—Ä–∫–µ –∞—Ç—Ç—Ä–∞–∫—Ü–∏–æ–Ω–æ–≤- —É–¥–æ–≤–æ–ª—å—Å—Ç–≤–∏–µ –¥–ª—è –¥–µ—Ç–µ–π! –ê–Ω–∏–º–∞—Ü–∏—è —Ç–æ–∂–µ —Å–ø–∞—Å–∞–µ—Ç, –µ—Å–ª–∏ —Ä–µ–±—ë–Ω–∫—É —Å–∫—É—á–Ω–æ –ø—Ä–æ—Å—Ç–æ –≥—É–ª—è—Ç—å –ø–æ –ø–ª–æ—â–∞–¥–∏.  –ö–æ–º–∞–Ω–¥–µ –∞–Ω–∏–º–∞—Ç–æ—Ä–æ–≤, —Å–ø–∞—Å–∏–±–æ, —Ä–µ–±—ë–Ω–æ–∫ —Ä–∞–¥–æ–≤–∞–ª—Å—è –º–µ—Ä–æ–ø—Ä–∏—è—Ç–∏—è–º!  –ò–∑ –º–∏–Ω—É—Å–æ–≤: 1)–≤ –¥—É—à–µ–≤–æ–π –∫–∞–±–∏–Ω–∫–µ –ø–ª–µ—Å–µ–Ω—å 2) –¥–æ–ª–≥–∞—è –∑–∞–≥—Ä—É–∑–∫–∞ –¢–í-–∫–∞–Ω–∞–ª–æ–≤ –æ—Å–æ–±–µ–Ω–Ω–æ –≤ –≤–µ—á–µ—Ä–Ω–µ–µ –≤—Ä–µ–º—è (–∑–∞–≥—Ä—É–∑–∫–∞-–∑–∞–≤–∏—Å–∞–Ω–∏–µ-–ø–æ—Ç–µ—Ä—è —Å–∏–≥–Ω–∞–ª–∞)",,4,–∞–ø—Ä–µ–ª—å 2021 –≥.,–º–∞–π 2021 –≥.,1,Natalia,https://www.tripadvisor.ru/Profile/NataliaKudr,0,0,24,24,3,5,"–¢–æ–º—Å–∫, –†–æ—Å—Å–∏—è",–Ω–æ—è–±. 2012 –≥.
"–ü–∞—Ä–∫-–æ—Ç–µ–ª—å ""–ê—è"" Aya Park Hotel",https://www.tripadvisor.ru/Hotel_Review-g4677719-d4651287-Reviews-Aya_Park_Hotel-Katun_Altai_Krai_Siberian_District.html,"—É–ª. –ù–∞–≥–æ—Ä–Ω–∞—è, 1, –ö–∞—Ç—É–Ω—å 659635 –†–æ—Å—Å–∏—è",–û—Ç–µ–ª–∏,,–û—Ç–µ–ª–∏,150,–û—Å–µ–Ω—å –Ω–∞ –ê–ª—Ç–∞–µ –ø—Ä–µ–∫—Ä–∞—Å–Ω–∞,"–ù–æ–º–µ—Ä–∞ —Ö–æ—Ä–æ—à–∏–µ, –±—Ä–∞–ª–∏ —Å –≤–∏–¥–æ–º –Ω–∞ –æ–∑–µ—Ä–æ, —á–∏—Å—Ç–æ, –≤—Å–µ –Ω–µ–æ–±—Ö–æ–¥–∏–º–æ–µ –µ—Å—Ç—å, –ø—Ä–µ–¥–æ—Å—Ç–∞–≤–∏–ª–∏ –î–µ—Ç—Å–∫—É—é –∫—Ä–æ–≤–∞—Ç–∫—É –±–µ—Å–ø–ª–∞—Ç–Ω–æ, –∑–∞–≤—Ç—Ä–∞–∫ —Ö–æ—Ä–æ—à(–ø—Ä–∏–Ω–æ—Å—è—Ç –æ—Ñ–∏—Ü–∏–∞–Ω—Ç—ã). –ù–∞ —Ç–µ—Ä—Ä–∏—Ç–æ—Ä–∏–∏ –î–µ—Ç—Å–∫–∞—è –ø–ª–æ—â–∞–¥–∫–∞, –æ–∑–µ—Ä–æ, –±–∞—Å—Å–µ–π–Ω –æ—Ç–∫—Ä—ã—Ç—ã–π (–±—ã–ª–æ —É–∂–µ –ø—Ä–æ—Ö–ª–∞–¥–Ω–æ –∏ –±–∞—Å—Å–µ–π–Ω —Å–ª–∏–ª–∏), –µ—Å—Ç—å –ª—É–Ω–∞-–ø–∞—Ä–∫. –†–µ—Å—Ç–æ—Ä–∞–Ω –Ω–∞ 4, –¥–æ—Ä–æ–≥–æ–≤–∞—Ç–æ (–ø–æ—á–∞—Ç–æ–∫ –∫—É–∫—É—Ä—É–∑—ã –Ω–∞ –≥—Ä–∏–ª–µ 300‚ÇΩ???).",,5,—è–Ω–≤–∞—Ä—å 2021 –≥.,—è–Ω–≤. 2021 –≥.,0,Lizauha,https://www.tripadvisor.ru/Profile/Lizauha,0,0,146,15,5,16,"–ë–∞—Ä–Ω–∞—É–ª, –†–æ—Å—Å–∏—è",–∞–ø—Ä. 2015 –≥.
