–û—Ä–≥–∞–Ω–∏–∑–∞—Ü–∏—è,–°—Å—ã–ª–∫–∞,–ê–¥—Ä–µ—Å,–†–∞–∑–¥–µ–ª,–ö–∞—Ç–µ–≥–æ—Ä–∏—è,–¢–∏–ø,–û—Ç–∑—ã–≤–æ–≤,–ó–∞–≥–æ–ª–æ–≤–æ–∫,–û—Ç–∑—ã–≤,–¢–µ–≥,–û—Ü–µ–Ω–∫–∞,–î–∞—Ç–∞ –ø–æ—Å–µ—â–µ–Ω–∏—è,–î–∞—Ç–∞ –æ—Ç–∑—ã–≤–∞,–ö–æ–ª–∏—á–µ—Å—Ç–≤–æ –ª–∞–π–∫–æ–≤,–ò–º—è,–ü—Ä–æ—Ñ–∏–ª—å,–ö–æ–ª–∏—á–µ—Å—Ç–≤–æ –ø–æ–¥–ø–∏—Å–æ–∫,–ö–æ–ª–∏—á–µ—Å—Ç–≤–æ –ø–æ–¥–ø–∏—Å—á–∏–∫–æ–≤,–ö–æ–ª–∏—á–µ—Å—Ç–≤–æ –ø—É–±–ª–∏–∫–∞—Ü–∏–π,–ö–æ–ª–∏—á–µ—Å—Ç–≤–æ –±–ª–∞–æ–¥–∞—Ä–Ω–æ—Å—Ç–µ–π,–ö—Ä–∏—Ç–∏–∫ —É—Ä–æ–≤–Ω—è,–ö–æ–ª–∏—á–µ—Å—Ç–≤–æ –ø–æ—Å–µ—â–µ–Ω–Ω—ã—Ö –≥–æ—Ä–æ–¥–æ–≤,–ú–µ—Å—Ç–æ –ø—Ä–æ–∂–∏–≤–∞–Ω–∏—è,–ì–æ–¥ —Ä–µ–≥–∏—Å—Ç—Ä–∞—Ü–∏–∏
"–ü–µ—Ä–º—Å–∫–∏–π –¢–µ–∞—Ç—Ä ""–£ –ú–æ—Å—Ç–∞""",https://www.tripadvisor.ru/Attraction_Review-g298516-d2573373-Reviews-At_The_Bridge_Theater-Perm_Perm_Krai_Volga_District.html,"—É–ª. –ö—É–π–±—ã—à–µ–≤–∞, –¥. 11, –ü–µ—Ä–º—å 614000 –†–æ—Å—Å–∏—è",–†–∞–∑–≤–ª–µ—á–µ–Ω–∏—è,–†–∞–∑–≤–ª–µ—á–µ–Ω–∏—è,–¢–µ–∞—Ç—Ä—ã,303,–ñ–µ–ª–∞–µ—Ç–µ –∏—Å–ø—ã—Ç–∞—Ç—å –±—É—Ä—é —ç–º–æ—Ü–∏–π-–±–µ—Ä–∏—Ç–µ –º–µ—Å—Ç–∞ –≤ –ø–µ—Ä–≤—ã–π —Ä—è–¥!,"–° —Å–∞–º–æ–≥–æ –¥–µ—Ç—Å—Ç–≤–∞ –æ–±–æ–∂–∞—é —Å–ª—É—à–∞—Ç—å –¥–µ—Ä–µ–≤–µ–Ω—Å–∫–∏–µ –±–∞–π–∫–∏ –ø—Ä–æ –≤–µ–¥—å–º,–¥–æ–º–æ–≤—ã—Ö, –≤–æ–¥—è–Ω—ã—Ö –∏ –ø—Ä–æ—á–µ–π –Ω–µ—á–∏—Å—Ç–∏, –∞ –ø–æ—Å–ª–µ ,–≤—Å—è –≤ –ø–æ—Ç—É,–ø–æ—Ç–æ–º—É—á—Ç–æ –∏–∑-–ø–æ–¥ –æ–¥–µ—è–ª–∞ —Å—Ç—Ä–∞—à–Ω–æ –≤—ã–ª–µ–∑—Ç–∏,–¥–æ–ª–≥–æ –Ω–µ –º–æ–≥—É —É—Å–Ω—É—Ç—åüòÅ –ò—Ç–∞–∫,–ª–µ—Ç–Ω—è—è —Ç–µ–ø–ª–∞—è –Ω–æ—á—å, —Ö—É—Ç–æ—Ä,—Å—Ç–∞—Ä–∞—è –¥–µ—Ä–µ–≤—è–Ω–Ω–∞—è —Ü–µ—Ä–∫–æ–≤—å,—Å–≤–µ—á–∏,–ü–∞–Ω–æ—á–∫–∞ –∏ –§–æ–º–∞ –ë—Ä—É—Ç -—Ç–∞–∫–∏–º –º—ã –∑–Ω–∞–µ–º –ø—Ä–æ–∏–∑–≤–µ–¥–µ–Ω–∏–µ –ù.–í.–ì–æ–≥–æ–ª—è ""–í–∏–π"". –õ–∏—á–Ω–æ –º–Ω–µ ,–ø–æ –∫–ª–∞—Å—Å–∏–∫–µ, –µ–≥–æ —Ç–∞–∫–∏–º –∏ —Ö–æ—á–µ—Ç—Å—è –≤–∏–¥–µ—Ç—å –Ω–∞ —Å—Ü–µ–Ω–µ –∏ –≤ –∫–∏–Ω–æ,–±–µ–∑ –≤—Å—è–∫–∏—Ö –Ω–æ–≤—à–µ—Å—Ç–≤.–§–∏–ª—å–º 1967 –ø—Ä–æ–∏–∑–≤–µ–ª –Ω–∞ –º–µ–Ω—è –æ–≥—Ä–æ–º–Ω–æ–µ –≤–ø–µ—á–∞—Ç–ª–µ–Ω–∏–µ –∏ —è –º–æ–≥—É –ø–µ—Ä–µ—Å–º–∞—Ç—Ä–∏–≤–∞—Ç—å –µ–≥–æ –±–µ—Å–∫–æ–Ω–µ—á–Ω–æ–µ –∫–æ–ª–∏—á–µ—Å—Ç–≤–æ —Ä–∞–∑ ,–Ω–∞ —Å–ø–µ–∫—Ç–∞–∫–ª–µ —Ö–æ—Ç–µ–ª–æ—Å—å –æ—â—É—Ç–∏—Ç—å –Ω–µ—á—Ç–æ —Å—Ö–æ–∂–µ–µ,—á—Ç–æ –∏ –ø—Ä–∏ –ø—Ä–æ—Å–º–æ—Ç—Ä–µ –ª—é–±–∏–º–æ–≥–æ ""—É–∂–∞—Å—Ç–∏–∫–∞"". –ë–ª–∞–≥–æ–¥–∞—Ä—è —Å—á–∞—Å—Ç–ª–∏–≤–æ–º—É —Å–ª—É—á–∞—é –º—ã –ø–æ–ø–∞–ª–∏ –Ω–∞ –≥–∞—Å—Ç—Ä–æ–ª–∏ –ø–µ—Ä–º—Å–∫–æ–≥–æ —Å–∞–º–æ–≥–æ –º–∏—Å—Ç–∏—á–µ—Å–∫–æ–≥–æ —Ç–µ–∞—Ç—Ä–∞ ""–£ –º–æ—Å—Ç–∞"" –≤ –º–æ—Å–∫–æ–≤—Å–∫–∏–π ""—Ç–µ–∞—Ç—Ä –õ—É–Ω—ã"".–î–µ–∫–æ—Ä–∞—Ü–∏–∏ –±—ã–ª–∏ —Ö–æ—Ç—å –∏ –º–∏–Ω–∏–º–∞–ª—å–Ω—ã,–Ω–æ —ç—Ç–æ–≥–æ —Ö–≤–∞—Ç–∏–ª–æ –¥–ª—è —Ç–æ–≥–æ,—á—Ç–æ–±—ã –∑—Ä–∏—Ç–µ–ª—å –ø–æ—á—É–≤—Å—Ç–≤–æ–≤–∞–ª —Å–µ–±—è –≥–æ—Å—Ç–µ–º —Ö—É—Ç–æ—Ä–∞,–ø–æ—Ç—Ä–∞–ø–µ–∑–¥–Ω–∏—á–∞–ª –∏ –æ–ø—Ä–æ–∫–∏–Ω—É–ª –∫—Ä—É–∂–µ—á–∫—É –≥–æ—Ä–∏–ª–∫–∏ —Å –º–µ—Å—Ç–Ω—ã–º–∏ –∫–∞–∑–∞–∫–∞–º–∏ ,–∞ –ø—Ä–æ —É—Å—Ç—Ä–∞—à–∞—é—â—É—é —Å—Ü–µ–Ω—É —Å –ø–æ–ª–µ—Ç–æ–º –≥—Ä–æ–±–∞ –∏ –≥–æ–≤–æ—Ä–∏—Ç—å –Ω–µ—á–µ–≥–æ,–ø–µ—Ä–≤—ã–µ —Ä—è–¥—ã ,–¥—É–º–∞–µ—Ç—Å—è –º–Ω–µ,–æ—Å–æ–±–µ–Ω–Ω–æ –≤–ø–µ—á–∞—Ç–ª–∏–ª–∏–ª–∏—Å—å –∑–∞–∫–ª—é—á–∏—Ç–µ–ª—å–Ω–æ–π —Ü–µ—Ä–∫–æ–≤–Ω–æ–π —Å—Ü–µ–Ω–æ–π. –ê–∫—Ç–µ—Ä—ã —Å–ø—Ä–∞–≤–∏–ª–∏—Å—å –æ—Ç–ª–∏—á–Ω–æ —Å–æ —Å–≤–æ–µ–π —Ä–∞–±–æ—Ç–æ–π,—Å—Ü–µ–Ω—ã –ø–æ–ª—É—á–∏–ª–∏—Å—å –∑—Ä–µ–ª–∏—â–Ω—ã–º–∏ –∏ —Å —é–º–æ—Ä–æ–º,–Ω–∞–ø–æ–ª–Ω–µ–Ω–Ω—ã–µ —É–∫—Ä–∞–∏–Ω—Å–∫–∏–º —Ñ–æ–ª—å–∫–ª–æ—Ä–æ–º.–û—á–µ–Ω—å —Å–æ–≤–µ—Ç—É—é —ç—Ç–æ—Ç —Å–ø–µ–∫—Ç–∞–∫–ª—å,–¥–∞ –∏ —Å–∞–º–∞ —É–∂–µ –ø—Ä–∏–≥–ª—è–¥—ã–≤–∞—é –¥—Ä—É–≥–∏–µ –ø—Ä–æ–∏–∑–≤–µ–¥–µ–Ω–∏—è —ç—Ç–æ–≥–æ —Ç–µ–∞—Ç—Ä–∞,–Ω–∞–¥–µ—é—Å—å –≤ –ú–æ—Å–∫–≤–µ –æ–Ω–∏ –±—É–¥—É—Ç –ø–æ—á–∞—â–µ.",,5,,17 –∏—é–Ω—è 2022 –≥.,0,–ú–∞—Ä–∏—è –°,https://www.tripadvisor.ru/Profile/_Z2197RL,0,0,11,0,2,2,,—è–Ω–≤. 2022 –≥.
"–ü–µ—Ä–º—Å–∫–∏–π –¢–µ–∞—Ç—Ä ""–£ –ú–æ—Å—Ç–∞""",https://www.tripadvisor.ru/Attraction_Review-g298516-d2573373-Reviews-At_The_Bridge_Theater-Perm_Perm_Krai_Volga_District.html,"—É–ª. –ö—É–π–±—ã—à–µ–≤–∞, –¥. 11, –ü–µ—Ä–º—å 614000 –†–æ—Å—Å–∏—è",–†–∞–∑–≤–ª–µ—á–µ–Ω–∏—è,–†–∞–∑–≤–ª–µ—á–µ–Ω–∏—è,–¢–µ–∞—Ç—Ä—ã,303,¬´–í–∏–π¬ª –≥–∞—Å—Ç—Ä–æ–ª–∏ –≤ –ú–æ—Å–∫–≤–µ,"–ì–∞—Å—Ç—Ä–æ–ª–∏ –ü–µ—Ä–º—Å–∫–æ–≥–æ —Ç–µ–∞—Ç—Ä–∞ ¬´–£ –ú–æ—Å—Ç–∞¬ª –≤—Å–µ–≥–¥–∞ –±–æ–ª—å—à–æ–µ —Å–æ–±—ã—Ç–∏–µ –≤ —Ç–µ–∞—Ç—Ä–∞–ª—å–Ω–æ–π –∂–∏–∑–Ω–∏ –ú–æ—Å–∫–≤—ã. –û—Å–æ–±–æ–π –ø–æ–ø—É–ª—è—Ä–Ω–æ—Å—Ç—å—é —É —Å—Ç–æ–ª–∏—á–Ω–æ–π –ø—É–±–ª–∏–∫–∏ –ø–æ–ª—å–∑—É–µ—Ç—Å—è ¬´–í–∏–π¬ª, –±–∏–ª–µ—Ç—ã –Ω–∞ –Ω–µ–≥–æ —Ä–∞–∑–ª–µ—Ç–∞—é—Ç—Å—è –∫–∞–∫ –≥–æ—Ä—è—á–∏–µ –ø–∏—Ä–æ–∂–∫–∏.  –ù–∞—á–∏—Ç–∞–≤—à–∏—Å—å –≤–æ—Å—Ç–æ—Ä–∂–µ–Ω–Ω—ã—Ö –æ—Ç–∑—ã–≤–æ–≤ –∏ –æ–±–µ—â–∞–Ω–∏–π —á—Ç–æ –±—É–¥–µ—Ç –Ω—É –æ—á–µ–Ω—å —Å—Ç—Ä–∞—à–Ω–æ, —è —Ä–µ—à–∏–ª–∞ —á—Ç–æ –ø—Ä–æ—Å—Ç–æ –æ–±—è–∑–∞–Ω–∞ —É–≤–∏–¥–µ—Ç—å ¬´–í–∏–π¬ª —Å–∞–º–æ–≥–æ –º–∏—Å—Ç–∏—á–µ—Å–∫–æ–≥–æ –¢–µ–∞—Ç—Ä–∞.  –ü–µ—Ä–µ–¥ –Ω–∞—á–∞–ª–æ–º —Å–ø–µ–∫—Ç–∞–∫–ª—è –°–µ—Ä–≥–µ–π –§–µ–¥–æ—Ç–æ–≤, —Ö—É–¥–æ–∂–µ—Å—Ç–≤–µ–Ω–Ω—ã–π —Ä—É–∫–æ–≤–æ–¥–∏—Ç–µ–ª—å —Ç–µ–∞—Ç—Ä–∞, —Ä–∞—Å—Å–∫–∞–∑–∞–ª –∑—Ä–∏—Ç–µ–ª—è–º –æ —Ç–æ–º, —á—Ç–æ —Å–ø–µ–∫—Ç–∞–∫–ª—å –∫–∞–∂–¥—ã–π —Ä–∞–∑ –ø–æ–ª—É—á–∞–µ—Ç—Å—è —Ä–∞–∑–Ω—ã–º: –∫–æ–≥–¥–∞-—Ç–æ —Ñ–∏–ª–æ—Å–æ—Ñ—Å–∫–∏–º, –∫–æ–≥–¥–∞-—Ç–æ –∂—É—Ç–∫–æ —Å—Ç—Ä–∞—à–Ω—ã–º –∏ –º–∏—Å—Ç–∏—á–µ—Å–∫–∏–º –∏ –∑–∞–≤–∏—Å–∏—Ç —ç—Ç–æ –ø–æ –±–æ–ª—å—à–µ–π —á–∞—Å—Ç–∏ –æ—Ç –∑—Ä–∏—Ç–µ–ª–µ–π, –æ—Ç –∞—Ç–º–æ—Å—Ñ–µ—Ä—ã —Ü–∞—Ä—è—â–µ–π –≤ –∑–∞–ª–µ –≤–æ –≤—Ä–µ–º—è –ø–æ–∫–∞–∑–∞. –í–∏–¥–∏–º–æ, –º–Ω–µ —Å —ç—Ç–æ–π –∞—Ç–º–æ—Å—Ñ–µ—Ä–æ–π –Ω–µ –ø–æ–≤–µ–∑–ª–æ –∏ –æ–±–µ—â–∞–Ω–Ω–æ–≥–æ —É–∂–∞—Å–∞ —è –Ω–µ –∏—Å–ø—ã—Ç–∞–ª–∞.  –ë—ã–ª–∞ –ü–∞–Ω–Ω–æ—á–∫–∞, –ª–µ—Ç–∞—é—â–∞—è –≤ –≥—Ä–æ–±—É, –±—ã–ª–∞ –Ω–µ—á–∏—Å—Ç—å –≤ –≤–∏–¥–µ —É–ø—ã—Ä–µ–π –∏ –≤—É—Ä–¥–∞–ª–∞–∫–æ–≤, –±—ã–ª –¥–∞–∂–µ –í–∏–π, –∫–æ—Ç–æ—Ä–æ–º—É –ø–æ–¥–Ω–∏–º–∞–ª–∏ –≤–µ–∫–∏, –¥–∞ –∏ ¬´–æ—Å—Ç—Ä—ã—Ö¬ª –º–æ–º–µ–Ω—Ç–æ–≤ –±—ã–ª–æ –Ω–µ –º–∞–ª–æ, –Ω–æ –≤–æ—Ç —Å—Ç—Ä–∞—à–Ω–æ –º–Ω–µ –ø–æ—á–µ–º—É-—Ç–æ –Ω–µ –±—ã–ª–æ. –í–æ–∑–º–æ–∂–Ω–æ, –æ–∂–∏–¥–∞–µ–º—ã–π —ç—Ñ—Ñ–µ–∫—Ç –±—ã–ª –±—ã –ø–æ–ª—É—á–µ–Ω –Ω–∞ –±–ª–∏–∂–Ω–∏—Ö —Ä—è–¥–∞—Ö –ø–∞—Ä—Ç–µ—Ä–∞, –Ω–æ —è –±—ã–ª–∞ –Ω–∞ –Ω–µ–¥–æ—Å—è–≥–∞–µ–º—ã—Ö –¥–ª—è –Ω–µ—á–∏—Å—Ç–∏ –≤—ã—Å–æ—Ç–∞—Ö - –Ω–∞ –±–∞–ª–∫–æ–Ω–µ.  –ü–µ—Ä–º—Å–∫–∏–π ¬´–í–∏–π¬ª - —ç—Ç–æ —Å–∞–º–∞—è —á—Ç–æ –Ω–∏ –Ω–∞ –µ—Å—Ç—å –∫–ª–∞—Å—Å–∏—á–µ—Å–∫–∞—è –ø–æ—Å—Ç–∞–Ω–æ–≤–∫–∞ –º–∞–∫—Å–∏–º–∞–ª—å–Ω–æ –ø—Ä–∏–±–ª–∏–∂–µ–Ω–Ω–∞—è –∫ –æ—Ä–∏–≥–∏–Ω–∞–ª—É. –í–µ—Å—å –∫–æ–ª–æ—Ä–∏—Ç —É–∫—Ä–∞–∏–Ω—Å–∫–æ–≥–æ —Ö—É—Ç–æ—Ä–∞, —Å–æ—á–Ω–æ –∏ –∫—Ä–∞—Å–æ—á–Ω–æ –æ–ø–∏—Å–∞–Ω–Ω—ã–π –ì–æ–≥–æ–ª–µ–º, –ø—Ä–µ–¥—Å—Ç–∞—ë—Ç –ø–µ—Ä–µ–¥ –∑—Ä–∏—Ç–µ–ª—è–º–∏ –≤–æ –≤—Å–µ–π –∫—Ä–∞—Å–µ. –ù–µ –º–æ–≥—É —Å–∫–∞–∑–∞—Ç—å, —á—Ç–æ –ø–æ—Å—Ç–∞–Ω–æ–≤–∫–∞ –∏–∑–æ–±–∏–ª—É–µ—Ç –ø—ã—à–Ω—ã–º–∏ –¥–µ–∫–æ—Ä–∞—Ü–∏—è–º–∏, –Ω–æ –≤–∫—É–ø–µ —Å –Ω–∞—Ä–æ–¥–Ω—ã–º–∏ –∫–æ—Å—Ç—é–º–∞–º–∏ –∏—Ö –≤–ø–æ–ª–Ω–µ —Ö–≤–∞—Ç–∞–µ—Ç –¥–ª—è —Å–æ–∑–¥–∞–Ω–∏—è –Ω—É–∂–Ω–æ–π –∞—Ç–º–æ—Å—Ñ–µ—Ä—ã. –†–µ–∞–ª–∏—Å—Ç–∏—á–Ω–æ—Å—Ç–∏ –∫–∞—Ä—Ç–∏–Ω–µ –¥–æ–±–∞–≤–ª—è—é—Ç –∑–≤—É–∫–æ–≤—ã–µ —ç—Ñ—Ñ–µ–∫—Ç—ã: —Ç—É—Ç –≤–∞–º –∏ –≤–æ–π —Å–æ–±–∞–∫, –∏ –∫—É–¥–∞—Ö—Ç–∞–Ω—å–µ –∫—É—Ä–æ—á–µ–∫ –∏, –∫–æ–Ω–µ—á–Ω–æ, —Ç–µ —Å–∞–º—ã–µ, –ø—É–≥–∞—é—â–∏–µ –≤—Å—é –Ω–µ—á–∏—Å—Ç—å, –∫—Ä–∏–∫–∏ –ø–µ—Ç—É—Ö–∞. –¢–∞–∫ –∂–µ –Ω–µ–≤–æ–∑–º–æ–∂–Ω–æ –Ω–µ –æ—Ç–º–µ—Ç–∏—Ç—å —Å–≤–µ—Ç–æ–≤–æ–µ –æ—Ñ–æ—Ä–º–ª–µ–Ω–∏–µ. –û—Å–æ–±–µ–Ω–Ω–æ –∫—Ä–∞—Å–∏–≤—ã —Å—Ü–µ–Ω—ã –≤ —Ü–µ—Ä–∫–≤–∏ —Å –æ—Å–≤–µ—â–∞–µ–º—ã–º —Å–≤–µ—á–∞–º–∏ –∏–∫–æ–Ω–æ—Å—Ç–∞—Å–æ–º.  –ò–Ω—Ç–µ—Ä–µ—Å–Ω–∞—è —Å—Ü–µ–Ω–æ–≥—Ä–∞—Ñ–∏—è, –±–ª–µ—Å—Ç—è—â–∞—è –∏–≥—Ä–∞ –∞–∫—Ç–µ—Ä–æ–≤ –∏ –Ω–µ–ø–æ–≤—Ç–æ—Ä–∏–º—ã–π –≥–æ–≥–æ–ª–µ–≤—Å–∫–∏–π —è–∑—ã–∫ –¥–µ–ª–∞—é—Ç —ç—Ç—É –ø–æ—Å—Ç–∞–Ω–æ–≤–∫—É –∏–Ω—Ç–µ—Ä–µ—Å–Ω–æ–π –∏ —É–≤–ª–µ–∫–∞—Ç–µ–ª—å–Ω–æ–π. –ù–∞ –º–æ–π –≤–∑–≥–ª—è–¥, –ü–µ—Ä–º—Å–∫–∏–π ¬´–í–∏–π¬ª –ø—Ä–µ–∫—Ä–∞—Å–Ω—ã–π –≤–∞—Ä–∏–∞–Ω—Ç –¥–ª—è –∑–Ω–∞–∫–æ–º—Å—Ç–≤–∞ —à–∫–æ–ª—å–Ω–∏–∫–æ–≤ —Å –∑–æ–ª–æ—Ç–æ–π –∫–ª–∞—Å—Å–∏–∫–æ–π, –≥–ª–∞–≤–Ω–æ–µ —Å—É–º–µ—Ç—å –¥–æ–±—ã—Ç—å –±–∏–ª–µ—Ç—ã.",,4,,15 –∏—é–Ω—è 2022 –≥.,1,Ninel Z,https://www.tripadvisor.ru/Profile/727ninelz,0,0,28,9,3,3,"–ú–æ—Å–∫–≤–∞, –†–æ—Å—Å–∏—è",—Å–µ–Ω—Ç. 2018 –≥.
"–ü–µ—Ä–º—Å–∫–∏–π –¢–µ–∞—Ç—Ä ""–£ –ú–æ—Å—Ç–∞""",https://www.tripadvisor.ru/Attraction_Review-g298516-d2573373-Reviews-At_The_Bridge_Theater-Perm_Perm_Krai_Volga_District.html,"—É–ª. –ö—É–π–±—ã—à–µ–≤–∞, –¥. 11, –ü–µ—Ä–º—å 614000 –†–æ—Å—Å–∏—è",–†–∞–∑–≤–ª–µ—á–µ–Ω–∏—è,–†–∞–∑–≤–ª–µ—á–µ–Ω–∏—è,–¢–µ–∞—Ç—Ä—ã,303,–°–ø–µ–∫—Ç–∞–∫–ª—å –≤ –¥–≤—É—Ö –¥–µ–π—Å—Ç–≤–∏—è—Ö –≤ –∂–∞–Ω—Ä–µ —Ç—Ä–∏–ª–ª–µ—Ä - –±–ª–µ—Å—Ç—è—â–µ,"¬´–û—Ç–∫—Ä–æ–π—Ç–µ –º–Ω–µ –≤–µ–∫–∏¬ª –ó–Ω–∞—é-–∑–Ω–∞—é, –≤—Å–µ –≤ –∫—É—Ä—Å–µ, –æ—Ç –∫—É–¥–∞ —ç—Ç–∞ —Ñ—Ä–∞–∑–∞.  ¬´–í–∏–π¬ª –ì–æ–≥–æ–ª—è.  –£–≤–µ—Ä–µ–Ω–∞, –∫–∞–∂–¥—ã–π –∑–Ω–∞–µ—Ç —ç—Ç–æ –ø—Ä–æ–∏–∑–≤–µ–¥–µ–Ω–∏–µ –ù–∏–∫–æ–ª–∞—è –ì–æ–≥–æ–ª—è –∏ —Å—é–∂–µ—Ç –Ω–µ –Ω—É–∂–¥–∞–µ—Ç—Å—è –≤ –æ–∑–≤—É—á–∏–≤–∞–Ω–∏–∏. –ê –≤–æ—Ç —Ç–æ, –∫–∞–∫ –µ–≥–æ –ø–æ—Å—Ç–∞–≤–∏–ª —Ç–∞–ª–∞–Ω—Ç–ª–∏–≤—ã–π –°–µ—Ä–≥–µ–π –§–µ–¥–æ—Ç–æ–≤ - –æ–± —ç—Ç–æ–º –æ–±—è–∑–∞—Ç–µ–ª—å–Ω–æ —Ö–æ—á–µ—Ç—Å—è —Ä–∞—Å—Å–∫–∞–∑–∞—Ç—å.  –ü–µ—Ä–º—Å–∫–∏–π —Ç–µ–∞—Ç—Ä ""–£ –ú–æ—Å—Ç–∞"" –Ω–∞ —Å—Ü–µ–Ω–µ –ú–æ—Å–∫–æ–≤—Å–∫–æ–≥–æ —Ç–µ–∞—Ç—Ä–∞ –õ—É–Ω—ã –ø—Ä–µ–¥—Å—Ç–∞–≤–∏–ª –º–æ—Å–∫–æ–≤—Å–∫–æ–º—É –∑—Ä–∏—Ç–µ–ª—é —ç—Ç—É –ø–æ—Å—Ç–∞–Ω–æ–≤–∫—É - —Å–ø–µ–∫—Ç–∞–∫–ª—å –≤ –¥–≤—É—Ö –¥–µ–π—Å—Ç–≤–∏—è—Ö –≤ –∂–∞–Ω—Ä–µ —Ç—Ä–∏–ª–ª–µ—Ä - –±–ª–µ—Å—Ç—è—â–µ.  –Ø –±—ã–ª–∞ –≥–æ—Ç–æ–≤–∞, —á—Ç–æ –¥–æ–ª–∂–Ω–æ –±—ã—Ç—å —Å—Ç—Ä–∞—à–Ω–æ. –ò –∫–æ–Ω–µ—á–Ω–æ, —è –∑–Ω–∞–ª–∞ –ø—Ä–∏–º–µ—Ä–Ω–æ –≤—Å–µ —Ç–æ, —á—Ç–æ –±—É–¥–µ—Ç –∂–¥–∞—Ç—å –º–µ–Ω—è –Ω–∞ –ø—Ä–æ—Ç—è–∂–µ–Ω–∏–∏ –¥–≤—É—Ö —Å –ª–∏—à–Ω–∏–º —á–∞—Å–æ–≤: —É–∫—Ä–∞–∏–Ω—Å–∫–∏–π —Ö—É—Ç–æ—Ä, –æ—Ç–ª–∏—á–Ω—ã–π —é–º–æ—Ä, –Ω—É –∏ –∫–æ–Ω–µ—á–Ω–æ –∂–µ –Ω–µ—á–∏—Å—Ç–∞—è —Å–∏–ª–∞ –ø—Ä–µ–¥—Å—Ç–∞–Ω–µ—Ç –≤–æ –≤—Å–µ–π —Å–≤–æ–µ–π —É–∂–∞—Å–∞—é—â–µ–π –∫—Ä–∞—Å–æ—Ç–µ.  –¢–æ, –∫–∞–∫ –ª–µ—Ç–∞–ª –≥—Ä–æ–± –ø–æ —Å—Ü–µ–Ω–µ —è —Ä–∞—Å—Å–∫–∞–∑—ã–≤–∞—Ç—å –Ω–µ –±—É–¥—É, –Ω–æ –≤ —ç—Ç–∏ –º–æ–º–µ–Ω—Ç—ã —É –º–µ–Ω—è –±–µ–∂–∞–ª–∏ –º—É—Ä–∞—à–∫–∏ –ø–æ –∫–æ–∂–µ‚Ä¶  –û—á–µ–Ω—å –ø–æ–Ω—Ä–∞–≤–∏–ª–∏—Å—å –∫–æ—Å—Ç—é–º—ã –≥–µ—Ä–æ–µ–≤. –î–∞, –º–æ–∂–µ—Ç –≤ –Ω–∏—Ö –Ω–µ—Ç –Ω–∏—á–µ–≥–æ –æ—Å–æ–±–µ–Ω–Ω–æ–≥–æ, –Ω–æ —è —Ä–æ–¥–∏–ª–∞—Å—å –∏ –≤—ã—Ä–æ—Å–ª–∞ –≤ –£–∫—Ä–∞–∏–Ω–µ –∏ –º–Ω–µ –±–ª–∏–∑–∫–∏ –≤—ã—à–∏–≤–∞–Ω–∫–∏. –ê —à—É—Ç–æ—á–∫–∏ –•–æ–º—ã, –∫–æ—Ç–æ—Ä—ã–µ –±—ã–ª–∏ –≤–æ–∫—Ä—É–≥ —É–∑–æ—Ä–∞ –∏ —Ç–∫–∞–Ω–∏ –æ–¥–µ–∂–¥—ã ¬´–≥–∞—Ä–Ω–æ–π –¥–∏–≤—á–∏–Ω—ã¬ª –≤–µ—Å–µ–ª–∏–ª–∏ –≤–µ—Å—å –∑–∞–ª - –º—ã —Ö–æ—Ö–æ—Ç–∞–ª–∏!  –ò–Ω—Ç–µ—Ä–µ—Å–Ω–æ, —á—Ç–æ –¥–ª—è —Å–æ–∑–¥–∞–Ω–∏—è —ç—Ç–æ–≥–æ —Å–ø–µ–∫—Ç–∞–∫–ª—è –æ–±—Ä–∞—â–∞–ª–∏—Å—å –∫ –Ω–∞—É—á–Ω–æ–º—É –∫–æ–Ω—Å—É–ª—å—Ç–∞–Ω—Ç—É, –∫–∞–Ω–¥–∏–¥–∞—Ç—É –∏—Å—Ç–æ—Ä–∏—á–µ—Å–∫–∏—Ö –Ω–∞—É–∫. –î—É–º–∞—é, —ç—Ç–æ –¥–æ–±–∞–≤–∏–ª–æ –ø–æ—Å—Ç–∞–Ω–æ–≤–∫–µ –±–æ–ª—å—à–µ–π –≥–ª—É–±–∏–Ω—ã.",,5,,15 –∏—é–Ω—è 2022 –≥.,0,–ê–Ω–∞—Å—Ç–∞—Å–∏—è,https://www.tripadvisor.ru/Profile/AnastasiyaStar,0,0,7,6,2,2,"–ú–æ—Å–∫–≤–∞, –†–æ—Å—Å–∏—è",–¥–µ–∫. 2020 –≥.
"–ü–µ—Ä–º—Å–∫–∏–π –¢–µ–∞—Ç—Ä ""–£ –ú–æ—Å—Ç–∞""",https://www.tripadvisor.ru/Attraction_Review-g298516-d2573373-Reviews-At_The_Bridge_Theater-Perm_Perm_Krai_Volga_District.html,"—É–ª. –ö—É–π–±—ã—à–µ–≤–∞, –¥. 11, –ü–µ—Ä–º—å 614000 –†–æ—Å—Å–∏—è",–†–∞–∑–≤–ª–µ—á–µ–Ω–∏—è,–†–∞–∑–≤–ª–µ—á–µ–Ω–∏—è,–¢–µ–∞—Ç—Ä—ã,303,–ì–∞—Å—Ç—Ä–æ–ª–∏ –≤ –ú–æ—Å–∫–≤–µ,"–í –ú–æ—Å–∫–≤—É –Ω–∞ –¥–≤–∞ –¥–Ω—è —Å –≥–∞—Å—Ç—Ä–æ–ª—è–º–∏ –ø—Ä–∏–µ—Ö–∞–ª —Ç–µ–∞—Ç—Ä –∏–∑ –ü–µ—Ä–º–∏ ""–£ –ú–æ—Å—Ç–∞"". –í –∑–∞–ª–µ –∞–Ω—à–ª–∞–≥! –í—Å–µ –±–∏–ª–µ—Ç—ã –ø—Ä–æ–¥–∞–Ω—ã. –ò –Ω–µ—Å–ø—Ä–æ—Å—Ç–∞, –≤–µ–¥—å —Ç–µ–∞—Ç—Ä ‚Äì —Ç—Ä–∏–∂–¥—ã –ù–æ–º–∏–Ω–∞–Ω—Ç –∏ –õ–∞—É—Ä–µ–∞—Ç –ù–∞—Ü–∏–æ–Ω–∞–ª—å–Ω–æ–π –ø—Ä–µ–º–∏–∏ ¬´–ó–æ–ª–æ—Ç–∞—è –º–∞—Å–∫–∞¬ª, –∞ —Ç–∞–∫ –∂–µ –õ–∞—É—Ä–µ–∞—Ç –ø—Ä–µ–º–∏–∏ ¬´–ó–≤–µ–∑–¥–∞ –¢–µ–∞—Ç—Ä–∞–ª–∞¬ª –≤ –Ω–æ–º–∏–Ω–∞—Ü–∏–∏ ¬´–õ—É—á—à–∏–π —Ä–µ–≥–∏–æ–Ω–∞–ª—å–Ω—ã–π —Ç–µ–∞—Ç—Ä –†–æ—Å—Å–∏–∏¬ª. –ü–æ —Ä–µ–π—Ç–∏–Ω–≥—É –∂—É—Ä–Ω–∞–ª–∞ FORBES ""–£ –ú–æ—Å—Ç–∞"" –≤—Ö–æ–¥–∏—Ç –≤ –¥–µ—Å—è—Ç–∫—É –ª—É—á—à–∏—Ö —Ç–µ–∞—Ç—Ä–æ–≤ –†–æ—Å—Å–∏–∏ üëç. –°—Ç–æ–∏—Ç –µ–≥–æ —É–≤–∏–¥–µ—Ç—å, –Ω–µ –ø—Ä–∞–≤–¥–∞ –ª–∏?!  ""–≠–Ω–µ—Ä–≥–∏—á–Ω—ã–µ –ª—é–¥–∏"" - –ø—å–µ—Å–∞ –í–∞—Å–∏–ª–∏—è –®—É–∫—à–∏–Ω–∞ –Ω–∞–ø–∏—Å–∞–Ω–Ω–∞—è —Å–ø–µ—Ü–∏–∞–ª—å–Ω–æ –¥–ª—è —Ç–µ–∞—Ç—Ä–∞ –≤ 1970-—Ö –≥–≥. –ì–æ–≤–æ—Ä—è—Ç, –ø—Ä–∏ –µ–µ —Å–æ–∑–¥–∞–Ω–∏–∏ –∞–≤—Ç–æ—Ä –¥–µ—Ä–∂–∞–ª –≤ —É–º–µ –≥–æ–≥–æ–ª–µ–≤—Å–∫–æ–≥–æ ¬´–†–µ–≤–∏–∑–æ—Ä–∞¬ª: —Å—Ç–∞—Ä—ã–µ –ø–µ—Ä—Å–æ–Ω–∞–∂–∏, —Ç–æ–ª—å–∫–æ —ç–ø–æ—Ö–∞ –¥—Ä—É–≥–∞—è.  –ì–ª–∞–≤–Ω—ã–µ –≥–µ—Ä–æ–∏ –∫–æ–º–µ–¥–∏–∏ ‚Äî —ç—Ç–æ —ç–Ω–µ—Ä–≥–∏—á–Ω—ã–µ –¥–µ–ª–æ–≤—ã–µ –ª—é–¥–∏, –∫–æ—Ç–æ—Ä—ã–µ —É–º–µ—é—Ç –±–æ–≥–∞—Ç–æ –∂–∏—Ç—å –≤ –¥–µ—Ñ–∏—Ü–∏—Ç–Ω–æ–º –°–æ–≤–µ—Ç—Å–∫–æ–º –°–æ—é–∑–µ. –ö–∞–∫ –æ–Ω–∏ —ç—Ç–æ –¥–µ–ª–∞—é—Ç? –ü–æ–¥–≤–æ—Ä–æ–≤—ã–≤–∞—é—Ç –Ω–µ–º–Ω–æ–≥–æ, –∞ –µ—â—ë —Å–ø–µ–∫—É–ª–∏—Ä—É—é—Ç, –±–ª–∞–≥–æ –¥–æ–ª–∂–Ω–æ—Å—Ç—å –≥–ª–∞–≤–Ω–æ–≥–æ –≥–µ—Ä–æ—è –ê—Ä–∏—Å—Ç–∞—Ä—Ö–∞ –ü–µ—Ç—Ä–æ–≤–∏—á–∞ - –∑–∞–≤–µ–¥—É—é—â–µ–≥–æ –º–∞–≥–∞–∑–∏–Ω–æ–º –ø–æ–∑–≤–æ–ª—è–µ—Ç —ç—Ç–æ –¥–µ–ª–∞—Ç—å. –í –µ–≥–æ –∫–æ–æ–ø–µ—Ä–∞—Ç–∏–≤–Ω–æ–π –∫–≤–∞—Ä—Ç–∏—Ä–µ –µ—Å—Ç—å –≤—Å—ë - –∏ —Ä–æ—Å–∫–æ—à–Ω—ã–π –º–µ–±–µ–ª—å–Ω—ã–π –≥–∞—Ä–Ω–∏—Ç—É—Ä, –∏ —Ö—Ä—É—Å—Ç–∞–ª—å–Ω–∞—è –ª—é—Å—Ç—Ä–∞, –∏ –º–∞–≥–Ω–∏—Ç–æ—Ñ–æ–Ω ""Sony"", –∏ —à—É–±–∞ —É –∂–µ–Ω—ã. –í–æ—Ç —Ç–æ–ª—å–∫–æ –∂–µ–Ω–∞ –Ω–µ –¥–æ–≤–æ–ª—å–Ω–∞: –æ–Ω–∞ —É—Å—Ç–∞–ª–∞ –Ω–µ —Ç–æ–ª—å–∫–æ –æ—Ç –µ–∂–µ–¥–Ω–µ–≤–Ω—ã—Ö –ø–æ–ø–æ–µ–∫ –º—É–∂–∞ —Å –¥—Ä—É–∑—å—è–º–∏-–ø–æ–¥–µ–ª—å–Ω–∏–∫–∞–º–∏, –Ω–æ –∏ –Ω–∞—à–ª–∞ –≤ –µ–≥–æ –∫–∞—Ä–º–∞–Ω–µ –ª—é–±–æ–≤–Ω—É—é –∑–∞–ø–∏—Å–∫—É üò±.  –ñ–µ–ª–∞—è –æ—Ç–æ–º—Å—Ç–∏—Ç—å –í–µ—Ä–∞ –°–µ—Ä–≥–µ–µ–≤–Ω–∞ —É–≥—Ä–æ–∂–∞–µ—Ç –º—É–∂—É –æ—Ç–Ω–µ—Å—Ç–∏ –≤ –ø—Ä–æ–∫—É—Ä–∞—Ç—É—Ä—É –¥–æ–∫–ª–∞–¥–Ω—É—é –∑–∞–ø–∏—Å–∫—É –Ω–∞ –Ω–µ–≥–æ –∏ –µ–≥–æ —Å–æ–±—É—Ç—ã–ª—å–Ω–∏–∫–æ–≤. –ü—ã—Ç–∞—è—Å—å —Å–ø–∞—Å—Ç–∏—Å—å –æ—Ç —Ç—é—Ä—å–º—ã –¥—Ä—É–∑—å—è –∫–∞–∂–¥—ã–π –ø–æ-—Å–≤–æ–µ–º—É —É–≥–æ–≤–∞—Ä–∏–≤–∞—é—Ç –æ–±–∏–∂–µ–Ω–Ω—É—é –∂–µ–Ω—â–∏–Ω—É —ç—Ç–æ–≥–æ –Ω–µ –¥–µ–ª–∞—Ç—å...  –§–∏–Ω–∞–ª –∏—Å—Ç–æ—Ä–∏–∏ —Å–æ–≤–µ—Ä—à–µ–Ω–Ω–æ –Ω–µ –ø—Ä–µ–¥—Å–∫–∞–∑—É–µ–º—ã–π. –í–æ –≤—Å—è–∫–æ–º —Å–ª—É—á–∞–µ —è —Ç–∞–∫–æ–≥–æ —Ç–æ—á–Ω–æ –Ω–µ –æ–∂–∏–¥–∞–ª–∞. –ò —ç—Ç–æ —Ç–æ, —á—Ç–æ –¥–µ–ª–∞–µ—Ç –ø—Ä–æ—Å–º–æ—Ç—Ä –ø—å–µ—Å—ã –µ—â—ë –±–æ–ª–µ–µ –ø—Ä–∏—è—Ç–Ω—ã–º üòâ.",,4,,24 –º–∞—Ä—Ç–∞ 2022 –≥.,0,–ê–ª–∏—Å–∞,https://www.tripadvisor.ru/Profile/Iisusha84,0,0,82,6,4,2,,–∏—é–ª—å 2019 –≥.
"–ü–µ—Ä–º—Å–∫–∏–π –¢–µ–∞—Ç—Ä ""–£ –ú–æ—Å—Ç–∞""",https://www.tripadvisor.ru/Attraction_Review-g298516-d2573373-Reviews-At_The_Bridge_Theater-Perm_Perm_Krai_Volga_District.html,"—É–ª. –ö—É–π–±—ã—à–µ–≤–∞, –¥. 11, –ü–µ—Ä–º—å 614000 –†–æ—Å—Å–∏—è",–†–∞–∑–≤–ª–µ—á–µ–Ω–∏—è,–†–∞–∑–≤–ª–µ—á–µ–Ω–∏—è,–¢–µ–∞—Ç—Ä—ã,303,–õ—é–±–∏–º—ã–π —Ç–µ–∞—Ç—Ä,"–û—á–µ–Ω—å –ª—é–±–ª—é —Å–ø–µ–∫—Ç–∞–∫–ª–∏ –≤ —Ç–µ–∞—Ç—Ä–µ –£ –º–æ—Å—Ç–∞. –°–º–æ—Ç—Ä–µ–ª–∞ –ø–æ—á—Ç–∏ –≤—Å–µ —Å–ø–µ–∫—Ç–∞–∫–ª–∏. –ê–∫—Ç—ë—Ä—Å–∫–∞—è –∏–≥—Ä–∞ –Ω–∞ –≤—ã—Å–æ—Ç–µ. –û–±–æ–∂–∞—é –ú–∞–∫–¥–æ–Ω–æ—Ö–∞-–µ–≥–æ —Å–ø–µ–∫—Ç–∞–∫–ª–∏ –æ—Å—Ç–∞–≤–ª—è—é—Ç —á—É–≤—Å—Ç–≤–æ ""–Ω–µ–¥–æ—Ç–∞–Ω—Ü–æ–≤–∞–Ω–Ω–æ—Å—Ç–∏"", –∫–æ—Ç–æ—Ä–æ–µ –¥–∞—ë—Ç –≤–æ–ª—é –≤–æ–æ–±—Ä–∞–∂–µ–Ω–∏—é.",,5,,17 –∏—é–ª—è 2021 –≥.,0,–¢–∞—Ç—å—è–Ω–∞ –ö,https://www.tripadvisor.ru/Profile/E3650HD_,1,0,83,23,4,4,"–ü–µ—Ä–º—å, –†–æ—Å—Å–∏—è",–∞–ø—Ä. 2014 –≥.
"–ü–µ—Ä–º—Å–∫–∏–π –¢–µ–∞—Ç—Ä ""–£ –ú–æ—Å—Ç–∞""",https://www.tripadvisor.ru/Attraction_Review-g298516-d2573373-Reviews-At_The_Bridge_Theater-Perm_Perm_Krai_Volga_District.html,"—É–ª. –ö—É–π–±—ã—à–µ–≤–∞, –¥. 11, –ü–µ—Ä–º—å 614000 –†–æ—Å—Å–∏—è",–†–∞–∑–≤–ª–µ—á–µ–Ω–∏—è,–†–∞–∑–≤–ª–µ—á–µ–Ω–∏—è,–¢–µ–∞—Ç—Ä—ã,303,–ü–µ—Ä–≤–æ–µ –∑–Ω–∞–∫–æ–º—Å—Ç–≤–æ,"–ú–æ–µ –∑–Ω–∞–∫–æ–º—Å—Ç–≤–æ —Å —Ç–µ–∞—Ç—Ä–æ–º ¬´–£ –ú–æ—Å—Ç–∞¬ª –Ω–∞—á–∞–ª–æ—Å—å —Å –ø–æ—Å—Ç–∞–Ω–æ–≤–∫–∏ –ø–æ –ø—Ä–æ–∏–∑–≤–µ–¥–µ–Ω–∏—é –ú–∞—Ä—Ç–∏–Ω–∞ –ú–∞–∫–î–æ–Ω–∞—Ö–∞ ¬´–ë–µ–∑—Ä—É–∫–∏–π –∏–∑ –°–ø–æ–∫—ç–Ω–∞¬ª. –û–∫–∞–∑—ã–≤–∞–µ—Ç—Å—è, –∏–º–µ–Ω–Ω–æ —Ç–µ–∞—Ç—Ä ¬´–£ –ú–æ—Å—Ç–∞¬ª —è–≤–ª—è–µ—Ç—Å—è –ø–µ—Ä–≤–æ–æ—Ç–∫—Ä—ã–≤–∞—Ç–µ–ª–µ–º –∏—Ä–ª–∞–Ω–¥—Å–∫–æ–≥–æ –¥—Ä–∞–º–∞—Ç—É—Ä–≥–∞ –ú–∞–∫–î–æ–Ω–∞—Ö–∞! –ù–∞ —Å—Ü–µ–Ω–µ —Ç–µ–∞—Ç—Ä–∞ –ø–æ—Å—Ç–∞–≤–ª–µ–Ω–Ω–æ –∞–∂ 8 –µ–≥–æ –ø—å–µ—Å! –û–± —ç—Ç–æ–º –∑—Ä–∏—Ç–µ–ª—è–º —Ä–∞—Å—Å–∫–∞–∑–∞–ª —Å–∞–º —Ö—É–¥—Ä—É–∫ —Ç–µ–∞—Ç—Ä–∞ –°–µ—Ä–≥–µ–π –§–µ–¥–æ—Ç–æ–≤ –ø–µ—Ä–µ–¥ –Ω–∞—á–∞–ª–æ–º —Å–ø–µ–∫—Ç–∞–∫–ª—è.  –° –∏—Å—Ç–æ—Ä–∏–µ–π –ø—Ä–æ –ë–µ–∑—Ä—É–∫–æ–≥–æ —è —É–∂–µ –∑–Ω–∞–∫–æ–º–∞ –∏ –ø–æ —ç—Ç–æ–º—É –∫ —Ç—Ä–µ—à—É —Ç–≤–æ—Ä–∏–≤—à–µ–º—É—Å—è –Ω–∞ —Å—Ü–µ–Ω–µ —è –±—ã–ª–∞ –≥–æ—Ç–æ–≤–∞. –ù—É –∞ –∫–∞–∫ –µ—â—ë —ç—Ç–æ –Ω–∞–∑–≤–∞—Ç—å? –ì–æ—Å—Ç–∏–Ω–∏—á–Ω—ã–π –Ω–æ–º–µ—Ä, –ø–∞—Ä–æ—á–∫–∞ –Ω–µ–Ω–æ—Ä–º–∞–ª—å–Ω—ã—Ö –Ω–∞—Ä–∫–æ—Ç–æ—Ä–≥–æ–≤—Ü–µ–≤, –ë–µ–∑—Ä—É–∫–∏–π –º–∞–Ω—å—è–∫, –±–µ–∑–±–∞—à–µ–Ω–Ω—ã–π –ø–æ—Ä—Ç—å–µ –ø–æ–¥ –∫–∞–π—Ñ–æ–º –∏ —á–µ–º–æ–¥–∞–Ω, –ø–æ–ª–Ω—ã–π –æ—Ç—Ä–µ–∑–∞–Ω–Ω—ã—Ö —Ä—É–∫...  ¬´–ë–µ–∑—Ä—É–∫–∏–π –∏–∑ –°–ø–æ–∫—ç–Ω–∞¬ª - —ç—Ç–æ –¥–µ—Ä–∑–∫–∞—è –∞–º–µ—Ä–∏–∫–∞–Ω—Å–∫–∞—è –∏—Å—Ç–æ—Ä–∏—è —Å —á—ë—Ä–Ω—ã–º —é–º–æ—Ä–æ–º –∏ –µ—Å–ª–∏ –≤—ã –Ω–µ –≥–æ—Ç–æ–≤—ã —Ç–∞–∫–æ–µ –≤–æ—Å–ø—Ä–∏–Ω–∏–º–∞—Ç—å, —Ç–æ –ª—É—á—à–µ –≤—ã–±—Ä–∞—Ç—å –¥–ª—è –ø—Ä–æ—Å–º–æ—Ç—Ä–∞ —á—Ç–æ-—Ç–æ –¥—Ä—É–≥–æ–µ.  –ê–∫—Ç–µ—Ä—ã –ø—Ä–µ–∫—Ä–∞—Å–Ω–æ –≤–∂–∏–ª–∏—Å—å –≤ –æ–±—Ä–∞–∑—ã —Å–≤–æ–∏—Ö –≥–µ—Ä–æ–µ–≤. –ö–∞–∂–¥—ã–π –∏–∑ –Ω–∏—Ö —è—Ä–æ–∫ –∏ –∏–Ω—Ç–µ—Ä–µ—Å–µ–Ω. –û—Å–æ–±–µ–Ω–Ω–æ –ø–æ–Ω—Ä–∞–≤–∏–ª—Å—è —Å—É–º–∞—Å—à–µ–¥—à–∏–π –ø–æ—Ä—Ç—å–µ –ú–∞—Ä–≤–∏–Ω –≤ –∏—Å–ø–æ–ª–Ω–µ–Ω–∏–∏ –°–µ—Ä–≥–µ—è –ú–µ–ª—å–Ω–∏–∫–æ–≤–∞.  –ú–æ–≥—É —Å–º–µ–ª–æ —Å–∫–∞–∑–∞—Ç—å —á—Ç–æ ¬´–ë–µ–∑—Ä—É–∫–∏–π –∏–∑ –°–ø–æ–∫—ç–Ω–∞¬ª –°–µ—Ä–≥–µ—è –§–µ–¥–æ—Ç–æ–≤–∞ - —ç—Ç–æ –æ—á–µ–Ω—å –∫–∞—á–µ—Å—Ç–≤–µ–Ω–Ω–∞—è —Ç–µ–∞—Ç—Ä–∞–ª—å–Ω–∞—è –ø–æ—Å—Ç–∞–Ω–æ–≤–∫–∞ –≤ –∫–ª–∞—Å—Å–∏—á–µ—Å–∫–æ–º —Å—Ç–∏–ª–µ —Å —Ö–æ—Ä–æ—à–∏–º–∏ –¥–µ–∫–æ—Ä–∞—Ü–∏—è–º–∏, –∏–Ω—Ç–µ—Ä–µ—Å–Ω—ã–º–∏ —Ä–µ–∂–∏—Å—Å–µ—Ä—Å–∫–∏–º–∏ —Ä–µ—à–µ–Ω–∏—è–º–∏, —Ç–∞–∫–∏–º–∏ –∫–∞–∫ –≤—ã—Ö–æ–¥–æ–º –≥–µ—Ä–æ–µ–≤ –∏–∑ –≥–æ—Å—Ç–∏–Ω–∏—á–Ω–æ–≥–æ –Ω–æ–º–µ—Ä–∞ —á–µ—Ä–µ–∑ –æ–∫–Ω–æ (—Å–º–æ—Ç—Ä–µ–ª–æ—Å—å –æ—á–µ–Ω—å –∫—Ä—É—Ç–æ, –æ—Å–æ–±–µ–Ω–Ω–æ —Å –ø—Ä–∏—Å—É—Ç—Å—Ç–≤–∏–µ–º —à—É–º–∞ —É–ª–∏—Ü—ã) –∏ –±–ª–µ—Å—Ç—è—â–µ–π –∞–∫—Ç–µ—Ä—Å–∫–æ–π –∏–≥—Ä–æ–π.  –ù–æ... –≥–æ–¥–∞ –¥–≤–∞ –Ω–∞–∑–∞–¥, —è —Å–º–æ—Ç—Ä–µ–ª–∞ –≤ –¶–î–† –ø–æ—Å—Ç–∞–Ω–æ–≤–∫—É –í–ª–∞–¥–∏–º–∏—Ä–∞ –ü–∞–Ω–∫–æ–≤–∞ –ø–æ —Ç–æ–π –∂–µ –ø—å–µ—Å–µ –∏ –≤–ø–µ—á–∞—Ç–ª–∏–ª–∞ –æ–Ω–∞ –º–µ–Ω—è –≥–æ—Ä–∞–∑–¥–æ –±–æ–ª—å—à–µ. –ò –¥–µ–ª–æ —Ç—É—Ç –≤–æ–≤—Å–µ –Ω–µ –≤ –∫–∞—á–µ—Å—Ç–≤–µ —Ä–∞–±–æ—Ç—ã, –∞ –ø—Ä–æ—Å—Ç–æ –≤ —Ç–æ–º —á—Ç–æ –ü–∞–Ω–∫–æ–≤—Å–∫–∞—è SaunDrama –º–Ω–µ –≥–æ—Ä–∞–∑–¥–æ –±–ª–∏–∂–µ –ø–æ –¥—É—Ö—É. –°–ø–µ–∫—Ç–∞–∫–ª–∏ —Å –º—É–∑—ã–∫–∞–ª—å–Ω—ã–º –æ—Ñ–æ—Ä–º–ª–µ–Ω–∏–µ–º –º–Ω–µ –≤–æ—Å–ø—Ä–∏–Ω–∏–º–∞—Ç—å –ª–µ–≥—á–µ –∏ –∏–Ω—Ç–µ—Ä–µ—Å–Ω–µ–µ. –ú–µ–Ω—è —Ç–∞–∫ –≤–ø–µ—á–∞—Ç–ª–∏–ª–∏ Spokan Girls —Å –∏—Ö –∏—Ä–ª–∞–Ω–¥—Å–∫–∏–º–∏ –Ω–∞–ø–µ–≤–∞–º–∏ (–∫–æ—Ç–æ—Ä—ã–µ –∫–∞–∫ –Ω–µ–ª—å–∑—è –∫—Å—Ç–∞—Ç–∏ –ø—Ä–∏—à–ª–∏—Å—å –≤ –∏—Å—Ç–æ—Ä–∏–∏ —Å –ë–µ–∑—Ä—É–∫–∏–º) —á—Ç–æ —è –≤—Å–ø–æ–º–∏–Ω–∞—é –∏—Ö –¥–æ —Å–∏—Ö –ø–æ—Ä.  –û–¥–Ω–∞–∫–æ, —è –±–µ–∑—É–º–Ω–æ —Ö–æ—á—É –ø—Ä–æ–¥–æ–ª–∂–∏—Ç—å –∑–Ω–∞–∫–æ–º—Å—Ç–≤–æ —Å —Å–∞–º—ã–º –º–∏—Å—Ç–∏—á–µ—Å–∫–∏–º —Ç–µ–∞—Ç—Ä–æ–º. –¢–µ–ø–µ—Ä—å —è —Ç–æ—á–Ω–æ –∑–Ω–∞—é —á—Ç–æ —Ö–æ—á—É –≤–∏–¥–µ—Ç—å –≤ –ø–æ—Å—Ç–∞–Ω–æ–≤–∫–µ –§–µ–¥–æ—Ç–æ–≤–∞ –ì–æ–≥–æ–ª—è –∏ –ë—É–ª–≥–∞–∫–æ–≤–∞. –û—á–µ–Ω—å –Ω–∞–¥–µ—é—Å—å —á—Ç–æ –≤ –Ω–æ–≤–æ–º —Ç–µ–∞—Ç—Ä–∞–ª—å–Ω–æ–º —Å–µ–∑–æ–Ω–µ —É –º–µ–Ω—è –±—É–¥–µ—Ç —Ç–∞–∫–∞—è –≤–æ–∑–º–æ–∂–Ω–æ—Å—Ç—å!",,5,,13 –∏—é–Ω—è 2021 –≥.,0,Ninel Z,https://www.tripadvisor.ru/Profile/727ninelz,0,0,28,9,3,3,"–ú–æ—Å–∫–≤–∞, –†–æ—Å—Å–∏—è",—Å–µ–Ω—Ç. 2018 –≥.
"–ü–µ—Ä–º—Å–∫–∏–π –¢–µ–∞—Ç—Ä ""–£ –ú–æ—Å—Ç–∞""",https://www.tripadvisor.ru/Attraction_Review-g298516-d2573373-Reviews-At_The_Bridge_Theater-Perm_Perm_Krai_Volga_District.html,"—É–ª. –ö—É–π–±—ã—à–µ–≤–∞, –¥. 11, –ü–µ—Ä–º—å 614000 –†–æ—Å—Å–∏—è",–†–∞–∑–≤–ª–µ—á–µ–Ω–∏—è,–†–∞–∑–≤–ª–µ—á–µ–Ω–∏—è,–¢–µ–∞—Ç—Ä—ã,303,–ü—Ä–µ–∫—Ä–∞—Å–Ω—ã–π —Å–ø–µ–∫—Ç–∞–∫–ª—å,"–°–ø–µ–∫—Ç–∞–∫–ª—å ""–ö—Ä–∞—Å–∞–≤–∏—Ü–∞ –∏–∑ –õ–∏–Ω—ç–Ω–∞"" –ü–µ—Ä–º—Å–∫–∏–π —Ç–µ–∞—Ç—Ä ""–£ –º–æ—Å—Ç–∞""  –û –∂–∏–∑–Ω–∏ –ø—Ä–µ—Å—Ç–∞—Ä–µ–ª–æ–π –º–∞—Ç–µ—Ä–∏ –∏ –≤–∑—Ä–æ—Å–ª–æ–π –¥–æ—á–µ—Ä–∏ –≤ –∏—Ä–ª–∞–Ω–¥—Å–∫–æ–π –≥–ª—É–±–∏–Ω–∫–µ...  –ü—å–µ—Å—ã —É –ú–∞—Ä—Ç–∏–Ω–∞ –ú–∞–∫–¥–æ–Ω–∞—Ö–∞ - –∫–æ–º–µ–¥–∏–∏. –ò —Ç—ã —Ä–µ–∞–ª—å–Ω–æ —Å–º–µ—ë—à—å—Å—è –ø–æ—Å—Ç–æ—è–Ω–Ω–æ. –ù–æ –∏ –≥–æ—Ä—å–∫–æ–µ –ø–æ—Å–ª–µ–≤–∫—É—Å–∏–µ –¥–æ –∫–æ–º–∞ –≤ –≥–æ—Ä–ª–µ.. –ü–µ—Ä–µ–ø–∞–ª–∫–∏ –º–∞—Ç–µ—Ä–∏ –∏ –¥–æ—á–µ—Ä–∏ - —ç—Ç–æ –∂ –ø—Ä–æ—Å—Ç–æ —Ü–∏—Ç–∏—Ä–æ–≤–∞—Ç—å –±–µ—Å–∫–æ–Ω–µ—á–Ω–æ! –ù–æ –≤–µ–¥—å –¥–æ—á—å –≤—Å—ë —Ä–∞–≤–Ω–æ –ª—é–±–∏—Ç –º–∞—Ç—å - –ø–µ—á–µ–Ω—å–∫–∏ –ª—é–±–∏–º—ã–µ –ø—Ä–∏–Ω–µ—Å–µ—Ç, –∏ –¥–∞–∂–µ —Å–≤–æ–∏ –∫—Ä–µ–ø–∫–∏–µ –≤—ã—Ä–∞–∂–µ–Ω—å–∏—Ü–∞ –≤ –∞–¥—Ä–µ—Å –º–∞—Ç–µ—Ä–∏ –ø—Ä–æ–∏–∑–Ω–æ—Å–∏—Ç –±–µ–∑ –∑–ª–æ–±—ã, –∞ –∏–Ω–æ–π —Ä–∞–∑, –¥–∞–∂–µ –æ–±–Ω—è–≤. –ò–±–æ –∫–∞–∫–∏–º –±—ã –Ω–∏ –±—ã–ª–∞ —Ç–∞ –ø—Å–∏—Ö–æ–ª–æ–≥–∏—á–µ—Å–∫–∏–º —Ç–∏—Ä–∞–Ω–æ–º, —Ä–æ–¥–Ω–µ–µ –µ—ë –Ω–µ—Ç.  –ù–æ –∏ –±–æ–ª—å–Ω–µ–µ –≤—Å–µ–≥–æ –±—å—é—Ç –∏–º–µ–Ω–Ω–æ —Å–∞–º—ã–µ –±–ª–∏–∑–∫–∏–µ. –í—Å–ø–ª—ã–≤–∞–µ—Ç –ø—Å–∏—Ö—É—à–∫–∞, –Ω–æ –µ—â—ë –≤–æ–ø—Ä–æ—Å, –∫—Ç–æ –∑–¥–µ—Å—å –ø—Å–∏—Ö, –∞ –∫—Ç–æ –Ω–æ—Ä–º–∞–ª—å–Ω—ã–π. –ò –º–µ—á—Ç—ã —Å–±–µ–∂–∞—Ç—å, —Å–±–µ–∂–∞—Ç—å —Ç—É–¥–∞, –∑–∞ –º–æ—Ä—è-–æ–∫–µ–∞–Ω—ã! –•–æ—Ç—å —Ç–∞–º –∏ –Ω–µ –∂–¥—ë—Ç –Ω–∏–∫—Ç–æ... –£ –ú–∞–∫–¥–æ–Ω–∞—Ö–∞ –ø–æ—Å—Ç–æ—è–Ω–Ω–æ —ç—Ç–æ —Å—Ç—Ä–µ–º–ª–µ–Ω–∏–µ —Å–±–µ—á—å —Ç—É–¥–∞, –≥–¥–µ –Ω–∞—Å –Ω–µ—Ç, –Ω–æ –∏ –ø—Ä–∏ —ç—Ç–æ–º –æ—Ç—á–∞—è–Ω–Ω–∞—è –Ω–µ–≤–æ–∑–º–æ–∂–Ω–æ—Å—Ç—å —ç—Ç–æ —Å–¥–µ–ª–∞—Ç—å... –î–∞, —Å–ø–æ–π–ª–µ—Ä, –Ω–æ –∏ –∫—Ä–∞—Å–∞–≤–∏—Ü–∞ –∏–∑ –õ–∏–Ω—ç–Ω–∞ –æ—Å—Ç–∞–Ω–µ—Ç—Å—è –∑–¥–µ—Å—å.  –°–ø–µ–∫—Ç–∞–∫–ª—å —É–∂–µ –≤–∏–¥–µ–ª–∞ –≤ –∑–∞–ø–∏—Å–∏, –Ω–æ —à–ª–∞ –Ω–∞—Å–ª–∞–¥–∏—Ç—å—Å—è –∏–≥—Ä–æ–π –∞–∫—Ç–µ—Ä–æ–≤. –ü—Ä–µ–∂–¥–µ –≤—Å–µ–≥–æ —Å–∞–º–æ–π –∫—Ä–∞—Å–∞–≤–∏—Ü—ã –ú–∞—Ä–∏–Ω—ã –®–∏–ª–æ–≤–æ–π. –ö–∞–∫–æ–π –∂–µ –∑–∞–º–µ—á–∞—Ç–µ–ª—å–Ω—ã–π –æ–±—Ä–∞–∑ - —Å–µ—Å—Ç—Ä–∞ –ë–ª–∞–Ω—à –î—é–±—É–∞ - —è–≤–Ω–æ –≤ –ø—Å–∏—Ö—É—à–∫–µ –æ–Ω–∏ –±—ã–ª–∏ –±—ã –≤ –æ–¥–Ω–æ–º –æ—Ç–¥–µ–ª–µ–Ω–∏–∏. –Ø—Ä–∫–∞—è, —ç—Ñ—Ñ–µ–∫—Ç–Ω–∞—è, –æ—Å—Ç—Ä–æ—É–º–Ω–∞—è, –Ω–æ –¥–æ –æ—Ç—á–∞—è–Ω—å—è –Ω–µ—Å—á–∞—Å—Ç–Ω–∞—è –∏ –æ–¥–∏–Ω–æ–∫–∞—è. –ò –∫–æ–≥–¥–∞ –ø–æ—è–≤–ª—è—é—Ç—Å—è —Ö–æ—Ç—å –∫–∞–∫–∏–µ-—Ç–æ –æ—Ç–±–ª–µ—Å–∫–∏ –≤–æ–∑–º–æ–∂–Ω–æ—Å—Ç–∏ —Å—á–∞—Å—Ç–ª–∏–≤—ã—Ö –º–≥–Ω–æ–≤–µ–Ω–∏–π, –∏–º–µ–Ω–Ω–æ –º–∞—Ç—å –∫–æ—Ä—è–≤—ã–º–∏ —Ä—É—á–æ–Ω–∫–∞–º–∏ —Å –¥–µ—Ç—Å–∫–æ–π –ø–∞–∫–æ—Å—Ç–ª–∏–≤–æ—Å—Ç—å—é —É–±–∏–≤–∞–µ—Ç –≤—Å—ë –Ω–∞–ø—Ä–æ—á—å. –ê —Ç–∞–º —Ç–æ–Ω–∫–∞—è –¥—É—à–∞, –∂–∞–∂–¥—É—â–∞—è –ª—é–±–∏—Ç—å... –î–∞ —Ç–æ–ª—å–∫–æ –≤ —ç—Ç–æ–º –º–∏—Ä–µ –≤—ã–∂–∏–≤–∞—é—Ç —Ç–µ, –∫—Ç–æ —É–º–µ–µ—Ç –ø–æ–∫–∞–∑–∞—Ç—å, –∫—Ç–æ –∑–¥–µ—Å—å –≥–ª–∞–≤–Ω—ã–π! –ê –∫–æ–≥–¥–∞ –º–∞—Ç—å –±–æ–ª—å—à–µ –ø–æ—Ö–æ–∂–∞ –Ω–∞ —à–∫–æ–¥–ª–∏–≤–æ–≥–æ –∏ –¥–æ –∂—É—Ç–∏ —É–ø—ë—Ä—Ç–æ–≥–æ —Ä–µ–±—ë–Ω–∫–∞, –∏ –ø–æ-—Ö–æ—Ä–æ—à–µ–º—É –¥–æ–≥–æ–≤–æ—Ä–∏—Ç—å—Å—è —Å –Ω–µ–π –Ω–µ–≤–æ–∑–º–æ–∂–Ω–æ, —Ç–æ –∏–Ω–æ–π —Ä–∞–∑ –∫–∞–∂–µ—Ç—Å—è, —á—Ç–æ –ú–æ—Ä–∏–Ω –ø–µ—Ä–µ–≥–∏–±–∞–µ—Ç –ø–∞–ª–∫—É. –ù–æ –∑–∞ —É–±–∏—Ç–æ–≥–æ —Ü—ã–ø–ª–µ–Ω–∫–∞ –æ–Ω–∞ –Ω–∞–∫–∞–∑—ã–≤–∞–µ—Ç –º–∞–ª—å—á–∏—à–µ–∫, –∏ —Ç–µ –¥–µ—Å—è—Ç–∏–ª–µ—Ç–∏–µ —É–∂–µ –∫–∞–∫ –Ω–µ –º–æ–≥—É—Ç –æ—Å–æ–∑–Ω–∞—Ç—å - –ó–ê –ß–¢–û?!! –ò –ø—Ä–∏ —ç—Ç–æ–º —Å—Ç—Ä–µ–º–ª–µ–Ω–∏–µ, —á—Ç–æ–±—ã –µ—ë —Ä–∞–Ω–∏–º–æ—Å—Ç—å –Ω–∏–∫—Ç–æ –Ω–µ —É–≤–∏–¥–µ–ª, –≤–∫–ª—é—á–∞—è –º–∞—Ç—å. –ò–±–æ –µ—Å–ª–∏ —Ç–∞ —É–≤–∏–¥–∏—Ç —Å–ª–∞–±–∏–Ω—É, —Ç–æ —Ç–æ—Ç—á–∞—Å –ø–æ–π–¥—ë—Ç –≤ –Ω–∞—Å—Ç—É–ø–ª–µ–Ω–∏–µ. –ú–æ—Ä–∏–Ω –∏ –ø—Ä–∏—Å–æ—á–∏–Ω—è–µ—Ç –º–Ω–æ–≥–æ–µ, —Ç–æ–ª—å–∫–æ –± –Ω–∏–∫—Ç–æ –Ω–µ —É–≤–∏–¥–µ–ª (–∏ –ø—Ä–µ–∂–¥–µ –≤—Å–µ–≥–æ –º–∞—Ç—å), –∫–∞–∫ –µ–π –≥–æ—Ä—å–∫–æ. –•–æ—Ç—è.. –ù–µ —Ñ–∞–∫—Ç, —á—Ç–æ –æ–Ω–∞ —Å–∞–º–∞ –Ω–µ –≤–µ—Ä–∏—Ç –≤ —Å–≤–æ–∏ –∂–µ –Ω–µ–±—ã–ª–∏—Ü—ã. –í–æ–∑–º–æ–∂–Ω–æ, –∏ –æ–Ω–∞ —Å–∞–º–∞ —É–∂–µ –ø—É—Ç–∞–µ—Ç —Ä–µ–∞–ª—å–Ω–æ—Å—Ç—å –∏ –≤—ã–º—ã—Å–µ–ª.. –î–∞ –∫–∞–∫ —Ç—É—Ç –Ω–µ —Å–æ–π—Ç–∏ —Å —É–º–∞? –®–∏–∫–∞—Ä–Ω—ã–π –º–Ω–æ–≥–æ–≥—Ä–∞–Ω–Ω—ã–π –æ–±—Ä–∞–∑, —à–∏–∫–∞—Ä–Ω–æ —Å—ã–≥—Ä–∞–Ω–Ω—ã–π.  –ù–æ —ç—Ç–æ –¥—É—ç—Ç. –ë–µ–∑ –¥–æ—Å—Ç–æ–π–Ω–æ–≥–æ –∞–∫—Ç–µ—Ä—Å–∫–æ–≥–æ —Å–ø–∞—Ä—Ä–∏–Ω–≥–∞ –∫—Ä–∞—Å–æ—Ç—ã –± –Ω–µ –≤—ã—à–ª–æ. –í —Ä–æ–ª–∏ –º–∞–º—ã –∑–∞–º–µ—á–∞—Ç–µ–ª—å–Ω–∞—è –†–µ–≥–∏–Ω–∞ –®–Ω–∏–≥–∏—Ä—å. –≠—Ç–æ –∂ –Ω–∞–¥–æ —Ç–∞–∫—É—é –ø—Ä–æ—Ç–∏–≤–Ω–µ–π—à—É—é —Å—Ç–∞—Ä—É—à–∫—É –∏–∑–æ–±—Ä–∞–∑–∏—Ç—å? –ù–æ –≤ –∫–∞–∫–æ–π-—Ç–æ –º–µ—Ä–µ –¥–∞–∂–µ –º–æ–∂–Ω–æ –µ—ë –æ–ø—Ä–∞–≤–¥–∞—Ç—å - –æ–Ω–∞ –±–æ–∏—Ç—Å—è –æ—Å—Ç–∞—Ç—å—Å—è –æ–¥–Ω–æ–π, –±–µ—Å–ø–æ–º–æ—â–Ω–æ–π. –ï—Å–ª–∏ —É–π–¥—ë—Ç –ú–æ—Ä–∏–Ω, —Ç–æ —á—Ç–æ —Å—Ç–∞–Ω–µ—Ç —Å –Ω–µ–π —Å–∞–º–æ–π? –í –∫–∞–∫–æ–π-—Ç–æ –º–µ—Ä–µ –Ω–µ–æ—Ç–ø—É—Å–∫–∞–Ω–∏–µ –æ—Ç —Å–µ–±—è –¥–æ—á–µ—Ä–∏ –µ—Å—Ç—å –ø—Ä—è–º–∞—è –±–æ—Ä—å–±–∞ –∑–∞ –≤—ã–∂–∏–≤–∞–Ω–∏–µ. –î–∞ –∏ –º—ã –∂–µ –Ω–µ –∑–Ω–∞–µ–º, —á—Ç–æ –±—ã–ª–æ –≤ –µ—ë –∂–∏–∑–Ω–∏, –ø—Ä–µ–∂–¥–µ —á–µ–º –æ–Ω–∞ —Å—Ç–∞–ª–∞ —Ç–∞–∫–æ–π. –ò –≤–µ–¥—å –Ω–µ —Ñ–∞–∫—Ç, —á—Ç–æ –ú–æ—Ä–∏–Ω –Ω–µ –∑–∞–∫–æ–Ω—á–∏—Ç, –∫–∞–∫ –æ–Ω–∞ (–∫–æ–Ω—Ü–æ–≤–∫–∞ –¥–∞—ë—Ç –æ—á–µ–Ω—å –∂–∏—Ä–Ω—ã–π –Ω–∞–º—ë–∫ –Ω–∞ —Ç–æ). –ó–∞–±–∞–≤–Ω–æ, –∫—Å—Ç–∞—Ç–∏, –ø—Ä–æ —Ç–æ–ø–æ—Ä –∏ —Å—Ç–∞—Ä—É—à–∫—É —Ç—É—Ç —É—Å–ª—ã—à–∞—Ç—å - –¥–æ—Å—Ç–æ–µ–≤—â–∏–Ω–∞ –ø—Ä–µ—Ç –∏ –≤ –∏—Ä–ª–∞–Ω–¥—â–∏–Ω–µ!  –Ø—Ä–∫–∏–π –≤–µ–ª–∏–∫–æ–≤–æ–∑—Ä–∞—Å—Ç–Ω—ã–π –ø–∞—Ü–∞–Ω - –ø–æ—á—Ç–æ–≤—ã–π –≥–æ–ª—É–±—å –í–∞—Å–∏–ª–∏–π –°–∫–∏–¥–∞–Ω–æ–≤. –ò —Ö–æ—Ä–æ—à–∏–π –∂–µ —Å –≤–∏–¥—É –º–∞–ª—å—á–∏–∫.... –ù–æ –≤—Å—ë-—Ç–∞–∫–∏ —Å–∫–≤–æ–∑–∏—Ç –Ω–µ–¥–∞–ª—ë–∫–æ—Å—Ç—å, –Ω–µ–∫–æ—Ç–æ—Ä–∞—è –Ω–µ–¥–æ—Ä–∞–∑–≤–∏—Ç–æ—Å—Ç—å...  –•–æ—Ä–æ—à–∏–π –∏ —É—á–∞—Å—Ç–ª–∏–≤—ã–π –≥–µ—Ä–æ–π –í–ª–∞–¥–∏–º–∏—Ä–∞ –ò–ª—å–∏–Ω–∞. –•–æ—á–µ—Ç—Å—è, —á—Ç–æ–± —Ö–æ—Ç—å —É –µ–≥–æ –≥–µ—Ä–æ—è —Å–ª–æ–∂–∏–ª–æ—Å—å...",,5,,7 –∏—é–Ω—è 2021 –≥.,0,Tatyana K,https://www.tripadvisor.ru/Profile/TatyanaK775,0,0,23,7,3,6,,—Å–µ–Ω—Ç. 2013 –≥.
"–ü–µ—Ä–º—Å–∫–∏–π –¢–µ–∞—Ç—Ä ""–£ –ú–æ—Å—Ç–∞""",https://www.tripadvisor.ru/Attraction_Review-g298516-d2573373-Reviews-At_The_Bridge_Theater-Perm_Perm_Krai_Volga_District.html,"—É–ª. –ö—É–π–±—ã—à–µ–≤–∞, –¥. 11, –ü–µ—Ä–º—å 614000 –†–æ—Å—Å–∏—è",–†–∞–∑–≤–ª–µ—á–µ–Ω–∏—è,–†–∞–∑–≤–ª–µ—á–µ–Ω–∏—è,–¢–µ–∞—Ç—Ä—ã,303,–Æ–Ω–æ–Ω–∞ –∏ –ê–≤–æ—Å—å,"–•–æ–¥–∏–ª–∏ –Ω–∞ –Æ–Ω–æ–Ω–∞ –∏ –ê–≤–æ—Å—å. –î–æ —ç—Ç–æ–≥–æ –≤ 2000 —Ö–æ–¥–∏–ª –≤ –õ–µ–Ω–∫–æ–º–µ —Å –ö–∞—Ä–∞—á–µ–Ω—Ü–æ–≤—ã–º, –∂–µ–Ω–∞ –±—ã–ª–∞ –≤ –ö—Ä–∞—Å–Ω–æ—è—Ä—Å–∫–µ –Ω–∞ –¥—Ä—É–≥–æ–π –ø–æ—Å—Ç–∞–Ω–æ–≤–∫–µ. –¢—É—Ç –Ω–µ —Ö–≤–∞—Ç–∏–ª–æ —ç–Ω–µ—Ä–≥–∏–∏, –ø–æ—Å—Ç–∞–Ω–æ–≤–∫–∞ –∫–∞—á–µ—Å—Ç–≤–µ–Ω–Ω–∞—è –Ω–æ –ª–µ–≥–∫–∞—è, –∏ –≤ –ø–µ—Ä–≤–æ–º –∞–∫—Ç–µ –∑–≤—É–∫–æ–æ–ø–µ—Ä–∞—Ç–æ—Ä –ª–∞–∂–∞–ª - —Ñ–æ–Ω–∏–ª –∑–≤—É–∫. –ü–µ—Ä–≤–∞—è –ø–µ—Å–Ω—è —Ä–∞–∑–æ—á–∞—Ä–æ–≤–∞–ª–∞. –í—Ç–æ—Ä–æ–π –∞–∫—Ç –≤—ã—Ç—è–Ω—É–ª. –ê —Å–∞–º —Ç–µ–∞—Ç—Ä –æ—á–µ–Ω—å –∞—Ç–º–æ—Å—Ñ–µ—Ä–Ω—ã–π.",,4,,15 –º–∞—è 2021 –≥.,1,Dmitry S,https://www.tripadvisor.ru/Profile/737dmitrys,1,0,112,93,5,46,"–ú–æ—Å–∫–≤–∞, –†–æ—Å—Å–∏—è",–∏—é–Ω—å 2014 –≥.
–ü–µ—Ä–º—Å–∫–∞—è –≥–æ—Å—É–¥–∞—Ä—Å—Ç–≤–µ–Ω–Ω–∞—è —Ö—É–¥–æ–∂–µ—Å—Ç–≤–µ–Ω–Ω–∞—è –≥–∞–ª–µ—Ä–µ—è,https://www.tripadvisor.ru/Attraction_Review-g298516-d2331995-Reviews-Perm_State_Art_Gallery-Perm_Perm_Krai_Volga_District.html,"–ö–æ–º—Å–æ–º–æ–ª—å—Å–∫–∏–π –ø—Ä–æ—Å–ø–µ–∫—Ç, –¥. 4, –ü–µ—Ä–º—å 614045 –†–æ—Å—Å–∏—è",–†–∞–∑–≤–ª–µ—á–µ–Ω–∏—è,–†–∞–∑–≤–ª–µ—á–µ–Ω–∏—è,–ú—É–∑–µ–∏ –∏—Å–∫—É—Å—Å—Ç–≤,275,üëçüëçüëç,–ó–∞–º–µ—á–∞—Ç–µ–ª—å–Ω–æ–µ –º–µ—Å—Ç–æ! –í—Å–µ —Ä–∞—Å–ø–æ–ª–æ–∂–µ–Ω–æ –æ—á–µ–Ω—å –ø–æ–Ω—è—Ç–Ω–æ. –°–º–æ—Ç—Ä–∏—Ç–µ–ª–∏ –∑–∞–ª–æ–≤ –Ω–∞–ø—Ä–∞–≤–ª—è—é—Ç. –ê –¥–ª—è –¥–µ—Ç–µ–π –¥–∞–∂–µ –ø—Ä–µ–¥—É—Å–º–æ—Ç—Ä–µ–Ω—ã –∏–Ω—Ç–µ—Ä–µ—Å–Ω—ã–µ –ø–æ—è—Å–Ω–µ–Ω–∏—è –∏ –∏–Ω—Ç–µ—Ä–∞–∫—Ç–∏–≤—ã.,,5,,2 –∞–≤–≥—É—Å—Ç–∞ 2022 –≥.,0,ann_aisuru,https://www.tripadvisor.ru/Profile/ann_aisuru,1,0,104,4,5,8,"–ï–∫–∞—Ç–µ—Ä–∏–Ω–±—É—Ä–≥, –†–æ—Å—Å–∏—è",—Å–µ–Ω—Ç. 2016 –≥.
–ü–µ—Ä–º—Å–∫–∞—è –≥–æ—Å—É–¥–∞—Ä—Å—Ç–≤–µ–Ω–Ω–∞—è —Ö—É–¥–æ–∂–µ—Å—Ç–≤–µ–Ω–Ω–∞—è –≥–∞–ª–µ—Ä–µ—è,https://www.tripadvisor.ru/Attraction_Review-g298516-d2331995-Reviews-Perm_State_Art_Gallery-Perm_Perm_Krai_Volga_District.html,"–ö–æ–º—Å–æ–º–æ–ª—å—Å–∫–∏–π –ø—Ä–æ—Å–ø–µ–∫—Ç, –¥. 4, –ü–µ—Ä–º—å 614045 –†–æ—Å—Å–∏—è",–†–∞–∑–≤–ª–µ—á–µ–Ω–∏—è,–†–∞–∑–≤–ª–µ—á–µ–Ω–∏—è,–ú—É–∑–µ–∏ –∏—Å–∫—É—Å—Å—Ç–≤,275,–ü–æ—Ç—Ä—è—Å–∞—é—â–∞—è –∫–æ–ª–ª–µ–∫—Ü–∏—è —Ä—É—Å—Å–∫–æ–≥–æ –∏—Å–∫—É—Å—Å—Ç–≤–∞,"–û—á–µ–Ω—å –±–æ–≥–∞—Ç–∞—è –∫–æ–ª–ª–µ–∫—Ü–∏—è —Ä—É—Å—Å–∫–æ–≥–æ –∏—Å–∫—É—Å—Å—Ç–≤–∞, –®–∏—à–∫–∏–Ω, –°–∞–≤—Ä–∞—Å–æ–≤ ,–°—É—Ä–∏–∫–æ–≤ , –õ–µ–≤–∏—Ç–∞–Ω. –ò –¥—Ä—É–≥–∏–µ. –û—á–µ–Ω—å –¥–æ—Å—Ç–æ–π–Ω—ã–µ –ø–æ–ª–æ—Ç–Ω–∞ –î—É–±–æ–≤—Å–∫–æ–≥–æ –∏ –ö—É–∏–Ω–¥–∂–∏. –ú–Ω–æ–≥–æ –ê–π–≤–∞–∑–æ–≤—Å–∫–æ–≥–æ. –ó–∞—Ä—É–±–µ–∂–Ω–æ–µ –∏—Å–∫—É—Å—Å—Ç–≤–æ —Å–ª–∞–±–æ–≤–∞—Ç–æ, –Ω–∞ —Ç—Ä–µ—Ç—å–µ–º —ç—Ç–∞–∂–µ –¥–µ—Ä–µ–≤—è–Ω–Ω–æ–µ –∏—Å–∫—É—Å—Å—Ç–≤–æ –ü–µ—Ä–º—Å–∫–æ–≥–æ –∫—Ä–∞—è",,4,,18 –º–∞—è 2022 –≥.,0,GARRY V,https://www.tripadvisor.ru/Profile/379garryv,4,0,2 304,1 334,6,864,"–ú–æ—Å–∫–≤–∞, –†–æ—Å—Å–∏—è",–æ–∫—Ç. 2013 –≥.
–ü–µ—Ä–º—Å–∫–∞—è –≥–æ—Å—É–¥–∞—Ä—Å—Ç–≤–µ–Ω–Ω–∞—è —Ö—É–¥–æ–∂–µ—Å—Ç–≤–µ–Ω–Ω–∞—è –≥–∞–ª–µ—Ä–µ—è,https://www.tripadvisor.ru/Attraction_Review-g298516-d2331995-Reviews-Perm_State_Art_Gallery-Perm_Perm_Krai_Volga_District.html,"–ö–æ–º—Å–æ–º–æ–ª—å—Å–∫–∏–π –ø—Ä–æ—Å–ø–µ–∫—Ç, –¥. 4, –ü–µ—Ä–º—å 614045 –†–æ—Å—Å–∏—è",–†–∞–∑–≤–ª–µ—á–µ–Ω–∏—è,–†–∞–∑–≤–ª–µ—á–µ–Ω–∏—è,–ú—É–∑–µ–∏ –∏—Å–∫—É—Å—Å—Ç–≤,275,–ü–µ—Ä–º—Å–∫–∞—è –¥–µ—Ä–µ–≤—è–Ω–Ω–∞—è —Å–∫—É–ª—å–ø—Ç—É—Ä–∞ - –∂–µ–º—á—É–∂–∏–Ω–∞ –∫–æ–ª–ª–µ–∫—Ü–∏–∏,"–ü–µ—Ä–º—Å–∫–∞—è –¥–µ—Ä–µ–≤—è–Ω–Ω–∞—è —Å–∫—É–ª—å–ø—Ç—É—Ä–∞ - –∂–µ–º—á—É–∂–∏–Ω–∞ –∫–æ–ª–ª–µ–∫—Ü–∏–∏ –ï—â–µ –≤ –∫–æ–ª–ª–µ–∫—Ü–∏–∏ –º—É–∑–µ—è –µ—Å—Ç—å ""—Å—Ç—Ä–æ–≥–∞–Ω–æ–≤—Å–∫–∞—è"" –∏–∫–æ–Ω–∞, –Ω–æ –æ–Ω–∞, –∫ —Å–æ–∂–∞–ª–µ—é, –Ω–µ –≤—ã—Å—Ç–∞–≤–ª–µ–Ω–∞ –≤ –ø–æ—Å—Ç–æ—è–Ω–Ω–æ–π —ç–∫—Å–ø–æ–∑–∏—Ü–∏–∏. –¢–æ–ª—å–∫–æ –≤—ã—Å—Ç–∞–≤–∫–∏.",,5,,9 —è–Ω–≤–∞—Ä—è 2022 –≥.,0,StasyM25,https://www.tripadvisor.ru/Profile/StasyM25,0,0,10,4,2,4,"–†–æ—Å—Ç–æ–≤-–Ω–∞-–î–æ–Ω—É, –†–æ—Å—Å–∏—è",–∞–≤–≥. 2017 –≥.
–ü–µ—Ä–º—Å–∫–∞—è –≥–æ—Å—É–¥–∞—Ä—Å—Ç–≤–µ–Ω–Ω–∞—è —Ö—É–¥–æ–∂–µ—Å—Ç–≤–µ–Ω–Ω–∞—è –≥–∞–ª–µ—Ä–µ—è,https://www.tripadvisor.ru/Attraction_Review-g298516-d2331995-Reviews-Perm_State_Art_Gallery-Perm_Perm_Krai_Volga_District.html,"–ö–æ–º—Å–æ–º–æ–ª—å—Å–∫–∏–π –ø—Ä–æ—Å–ø–µ–∫—Ç, –¥. 4, –ü–µ—Ä–º—å 614045 –†–æ—Å—Å–∏—è",–†–∞–∑–≤–ª–µ—á–µ–Ω–∏—è,–†–∞–∑–≤–ª–µ—á–µ–Ω–∏—è,–ú—É–∑–µ–∏ –∏—Å–∫—É—Å—Å—Ç–≤,275,"–•—É–¥–æ–∂–µ—Å—Ç–≤–µ–Ω–Ω–∞—è –≥–∞–ª–µ—Ä–µ—è, –∫–æ—Ç–æ—Ä—É—é —Å—Ç–æ–∏—Ç –ø–æ—Å–µ—Ç–∏—Ç—å","–ù–µ–æ–∂–∏–¥–∞–Ω–Ω–æ –æ—Ç–ª–∏—á–Ω–∞—è –∫–æ–ª–ª–µ–∫—Ü–∏—è! –õ–µ–≤–∏—Ç–∞–Ω, –ö–æ—Ä–æ–≤–∏–Ω, –ê–π–≤–∞–∑–æ–≤—Å–∫–∏–π! –û—á–µ–Ω—å —Ä–µ–∫–æ–º–µ–Ω–¥—É—é. –°–∞–º–æ –∑–¥–∞–Ω–∏–µ , —ç—Ç–æ –æ—Ç–¥–µ–ª—å–Ω–æ–µ —É–¥–æ–≤–æ–ª—å—Å—Ç–≤–∏–µ! –¢–æ–ª—å–∫–æ —Ä—é–∫–∑–∞–∫–∏ –ª–∏–±–æ —Å–¥–∞–≤–∞–π—Ç–µ –≤ –≥–∞—Ä–¥–µ—Ä–æ–±, –ª–∏–±–æ –Ω–æ—Å–∏—Ç–µ —Å–ø–µ—Ä–µ–¥–∏, –∏–Ω–∞—á–µ –ø–æ–∫–æ—è –≤–∞–º —Ç–µ—Ç–µ–Ω—å–∫–∏ –Ω–µ –¥–∞–¥—É—Ç.",,5,,6 —è–Ω–≤–∞—Ä—è 2022 –≥.,0,–û–∫—Å–∞–Ω–∞ –ò,https://www.tripadvisor.ru/Profile/_M7078ZT,0,0,26,9,3,8,,–º–∞—Ä—Ç 2015 –≥.
–ü–µ—Ä–º—Å–∫–∞—è –≥–æ—Å—É–¥–∞—Ä—Å—Ç–≤–µ–Ω–Ω–∞—è —Ö—É–¥–æ–∂–µ—Å—Ç–≤–µ–Ω–Ω–∞—è –≥–∞–ª–µ—Ä–µ—è,https://www.tripadvisor.ru/Attraction_Review-g298516-d2331995-Reviews-Perm_State_Art_Gallery-Perm_Perm_Krai_Volga_District.html,"–ö–æ–º—Å–æ–º–æ–ª—å—Å–∫–∏–π –ø—Ä–æ—Å–ø–µ–∫—Ç, –¥. 4, –ü–µ—Ä–º—å 614045 –†–æ—Å—Å–∏—è",–†–∞–∑–≤–ª–µ—á–µ–Ω–∏—è,–†–∞–∑–≤–ª–µ—á–µ–Ω–∏—è,–ú—É–∑–µ–∏ –∏—Å–∫—É—Å—Å—Ç–≤,275,–ü–æ—Ç—Ä—è—Å–∞—é—â–µ!,"–ü–æ—Ç—Ä—è—Å–∞—é—â–∏–π –º—É–∑–µ–π! –û—á–µ–Ω—å –∏–Ω—Ç–µ—Ä–µ—Å–Ω—ã–µ —ç–∫—Å–ø–æ–∑–∏—Ü–∏–∏, –Ω–∏—á–µ–≥–æ –ª–∏—à–Ω–µ–≥–æ. –û—á–µ–Ω—å –∏–Ω—Ç–µ—Ä–µ—Å–Ω–æ –∏ –≤–∑—Ä–æ—Å–ª—ã–º –∏ –¥–µ—Ç—è–º. –û—Å–º–æ—Ç—Ä 3—Ö —ç—Ç–∞–∂–µ–π –∑–∞–Ω–∏–º–∞–µ—Ç –Ω–µ–º–Ω–æ–≥–æ –≤—Ä–µ–º–µ–Ω–∏ –∏ –Ω–µ –≤—ã–ø–∏–≤–∞–µ—Ç –≤—Å–µ —Å–∏–ª—ã, –∞ –ø–æ—Å–ª–µ –æ—Å–º–æ—Ç—Ä–∞ –Ω–∞ –¥—É—à–µ —Ö–æ—Ä–æ—à–æ –∏ —Å–≤–µ—Ç–ª–æ. –î–µ—Ç—è–º –¥–æ 18 –ª–µ—Ç –±–µ—Å–ø–ª–∞—Ç–Ω–æ. –í–∑—Ä–æ—Å–ª—ã–π –±–∏–ª–µ—Ç —Å—Ç–æ–∏—Ç 150 —Ä—É–±–ª–µ–π. –¢–∞–∫–∞—è —Ü–µ–Ω–∞ - –ø–æ–¥–∞—Ä–æ–∫ –Ω–∞–º –≤—Å–µ–º. –û–±—è–∑–∞—Ç–µ–ª—å–Ω–æ —Å—Ö–æ–¥–∏—Ç–µ –∏ –ø–æ–ª—É—á–∏—Ç–µ —É–¥–æ–≤–æ–ª—å—Å—Ç–≤–∏–µ.",,5,,12 –∞–≤–≥—É—Å—Ç–∞ 2021 –≥.,0,–Æ–ª–µ–Ω—å–∫–∞,https://www.tripadvisor.ru/Profile/ykirichenko,0,0,29,14,3,11,"–î–æ–ª–≥–æ–ø—Ä—É–¥–Ω—ã–π, –†–æ—Å—Å–∏—è",—Å–µ–Ω—Ç. 2015 –≥.
–ü–µ—Ä–º—Å–∫–∞—è –≥–æ—Å—É–¥–∞—Ä—Å—Ç–≤–µ–Ω–Ω–∞—è —Ö—É–¥–æ–∂–µ—Å—Ç–≤–µ–Ω–Ω–∞—è –≥–∞–ª–µ—Ä–µ—è,https://www.tripadvisor.ru/Attraction_Review-g298516-d2331995-Reviews-Perm_State_Art_Gallery-Perm_Perm_Krai_Volga_District.html,"–ö–æ–º—Å–æ–º–æ–ª—å—Å–∫–∏–π –ø—Ä–æ—Å–ø–µ–∫—Ç, –¥. 4, –ü–µ—Ä–º—å 614045 –†–æ—Å—Å–∏—è",–†–∞–∑–≤–ª–µ—á–µ–Ω–∏—è,–†–∞–∑–≤–ª–µ—á–µ–Ω–∏—è,–ú—É–∑–µ–∏ –∏—Å–∫—É—Å—Å—Ç–≤,275,–û—Ç–ª–∏—á–Ω—ã–π –º—É–∑–µ–π,"–ü—Ä–∏–∑–Ω–∞—é—Å—å —á–µ—Å—Ç–Ω–æ , –Ω–µ –æ–∂–∏–¥–∞–ª –æ—Ç —ç—Ç–æ–≥–æ –º—É–∑–µ—è —á–µ–≥–æ-—Ç–æ –≤—ã–¥–∞—é—â–µ–≥–æ—Å—è. –í—ã–¥–µ–ª–∏–ª –Ω–∞ –ø—Ä–æ—Å–º–æ—Ç—Ä –ø–æ–ª—á–∞—Å–∞. –í –∏—Ç–æ–≥–µ –∑–∞–≤–∏—Å —Ç–∞–º –Ω–∞ 2 —á–∞—Å–∞. –ú—É–∑–µ–π –Ω–∞—Ö–æ–¥–∏—Ç—Å—è –≤ –∑–¥–∞–Ω–∏–∏ —Ü–µ—Ä–∫–≤–∏. –í –∑–∞–ª–∞—Ö –∏–Ω–æ–≥–¥–∞ —Å–ø–µ—Ü–∏–∞–ª—å–Ω–æ –æ—Å—Ç–∞–≤–ª–µ–Ω–Ω—ã–µ –±–µ–∑ —Ä–µ–º–æ–Ω—Ç–∞ —Ñ—Ä–µ—Å–∫–∏. –í —ç–∫—Å–ø–æ–∑–∏—Ü–∏–∏ –º—É–∑–µ—è –ø—Ä–µ–¥—Å—Ç–∞–≤–ª–µ–Ω—ã –ø–æ–ª–æ—Ç–Ω–∞ –∫–∞–∫ —Ä—É—Å—Å–∫–∏—Ö, —Ç–∞–∫ –∏ –∏–Ω–æ—Å—Ç—Ä–∞–Ω–Ω—ã—Ö –∂–∏–≤–æ–ø–∏—Å—Ü–µ–≤. –ù–∞ —Ç—Ä–µ—Ç—å–µ–º —ç—Ç–∞–∂–µ –º—É–∑–µ—è –ø—Ä–µ–¥—Å—Ç–∞–≤–ª–µ–Ω–∞ –¥–µ—Ä–µ–≤—è–Ω–Ω–∞—è —Ä–µ–∑–Ω–∞—è —Å–∫—É–ª—å–ø—Ç—É—Ä–∞ –Ω–∞ —Ä–µ–ª–∏–≥–∏–æ–∑–Ω—ã–µ —Ç–µ–º—ã. –í–∏—à–µ–Ω–∫–æ–π –Ω–∞ —Ç–æ—Ä—Ç–µ —è–≤–ª—è–µ—Ç—Å—è –¥–æ–≤–æ–ª—å–Ω–æ —Ö–æ—Ä–æ—à–æ —Å–æ—Ö—Ä–∞–Ω–∏–≤—à–µ–π—Å—è –∞–ª—Ç–∞—Ä—å.",,5,,19 –º–∞—Ä—Ç–∞ 2021 –≥.,3,–ê–π—Ä–∞—Ç,https://www.tripadvisor.ru/Profile/Airattka,0,0,287,52,6,9,"–ö–∞–∑–∞–Ω—å, –†–æ—Å—Å–∏—è",–∞–≤–≥. 2019 –≥.
–ü–µ—Ä–º—Å–∫–∞—è –≥–æ—Å—É–¥–∞—Ä—Å—Ç–≤–µ–Ω–Ω–∞—è —Ö—É–¥–æ–∂–µ—Å—Ç–≤–µ–Ω–Ω–∞—è –≥–∞–ª–µ—Ä–µ—è,https://www.tripadvisor.ru/Attraction_Review-g298516-d2331995-Reviews-Perm_State_Art_Gallery-Perm_Perm_Krai_Volga_District.html,"–ö–æ–º—Å–æ–º–æ–ª—å—Å–∫–∏–π –ø—Ä–æ—Å–ø–µ–∫—Ç, –¥. 4, –ü–µ—Ä–º—å 614045 –†–æ—Å—Å–∏—è",–†–∞–∑–≤–ª–µ—á–µ–Ω–∏—è,–†–∞–∑–≤–ª–µ—á–µ–Ω–∏—è,–ú—É–∑–µ–∏ –∏—Å–∫—É—Å—Å—Ç–≤,275,–ü–æ—Ç—Ä—è—Å–∞—é—â–∞—è –∫–æ–ª–ª–µ–∫—Ü–∏—è,"–ù–µ–æ–∂–∏–¥–∞–Ω–Ω–æ –±–æ–≥–∞—Ç–∞—è –∏ –∏–Ω—Ç–µ—Ä–µ—Å–Ω–∞—è –∫–æ–ª–ª–µ–∫—Ü–∏—è. –î–µ—Ä–µ–≤—è–Ω–Ω—ã–µ —Ñ–∏–≥—É—Ä—ã –Ω–∞ –±–∏–±–ª–µ–π—Å–∫—É—é —Ç–µ–º—É, —Å–≤–µ–∑—ë–Ω–Ω—ã–µ –∏–∑ —Ö—Ä–∞–º–æ–≤ –ü–µ—Ä–º—Å–∫–æ–≥–æ –∫—Ä–∞—è, –ø—Ä–æ—Å—Ç–æ –ø–æ—Ç—Ä—è—Å–∞—é—â–∏–µ. –£–Ω–∏–∫–∞–ª—å–Ω–∞—è –∫–æ–ª–ª–µ–∫—Ü–∏—è.",,5,,27 —Ñ–µ–≤—Ä–∞–ª—è 2021 –≥.,0,DMA,https://www.tripadvisor.ru/Profile/madim332019,0,0,3,1,1,1,"–ú–æ—Å–∫–≤–∞, –†–æ—Å—Å–∏—è",–Ω–æ—è–±. 2017 –≥.
–ü–µ—Ä–º—Å–∫–∞—è –≥–æ—Å—É–¥–∞—Ä—Å—Ç–≤–µ–Ω–Ω–∞—è —Ö—É–¥–æ–∂–µ—Å—Ç–≤–µ–Ω–Ω–∞—è –≥–∞–ª–µ—Ä–µ—è,https://www.tripadvisor.ru/Attraction_Review-g298516-d2331995-Reviews-Perm_State_Art_Gallery-Perm_Perm_Krai_Volga_District.html,"–ö–æ–º—Å–æ–º–æ–ª—å—Å–∫–∏–π –ø—Ä–æ—Å–ø–µ–∫—Ç, –¥. 4, –ü–µ—Ä–º—å 614045 –†–æ—Å—Å–∏—è",–†–∞–∑–≤–ª–µ—á–µ–Ω–∏—è,–†–∞–∑–≤–ª–µ—á–µ–Ω–∏—è,–ú—É–∑–µ–∏ –∏—Å–∫—É—Å—Å—Ç–≤,275,–î–æ—Å—Ç–æ–π–Ω–∞—è —Ö—É–¥–æ–∂–µ—Å—Ç–≤–µ–Ω–Ω–∞—è –≥–∞–ª–µ—Ä–µ—è,"–ù–µ–±–æ–ª—å—à–∞—è, –Ω–æ –æ—á–µ–Ω—å –∫—Ä–∞—Å–∏–≤–∞—è —Ö—É–¥–æ–∂–µ—Å—Ç–≤–µ–Ω–Ω–∞—è –≥–∞–ª–µ—Ä–µ—è, –≥–¥–µ –ø—Ä–µ–¥—Å—Ç–∞–≤–ª–µ–Ω—ã —Ä–∞–±–æ—Ç—ã –≤–µ–ª–∏—á–∞–π—à–∏—Ö –º–∞—Å—Ç–µ—Ä–æ–≤. –ü—Ä–æ–≤–æ–¥—è—Ç—Å—è –º–∞—Å—Ç–µ—Ä-–∫–ª–∞—Å—Å—ã –ø–æ –∫–æ–ø–∏—Ä–æ–≤–∞–Ω–∏—é —Ä–∞–±–æ—Ç (–≤ –∞–≤–≥—É—Å—Ç–µ 2020 –≥. –æ–Ω–∏ –ø—Ä–æ—Ö–æ–¥–∏–ª–∏ –ø–æ —á–µ—Ç–≤–µ—Ä–≥–∞–º). –ú—É–∑–µ–π –Ω–∞—Ö–æ–¥–∏—Ç—Å—è –≤ –∑–¥–∞–Ω–∏–∏ —Ö—Ä–∞–º–æ–≤–æ–≥–æ –∫–æ–º–ø–ª–µ–∫—Å–∞, —Å–æ—Ö—Ä–∞–Ω–µ–Ω –æ—á–µ–Ω—å –∫—Ä–∞—Å–∏–≤—ã–π –∏–∫–æ–Ω–æ—Å—Ç–∞—Å.",,5,,7 –∞–≤–≥—É—Å—Ç–∞ 2020 –≥.,0,–ê–ª–∏—Å–∞ –ö,https://www.tripadvisor.ru/Profile/M179UN_,0,0,3,2,1,1,,–∞–≤–≥. 2020 –≥.
–ü–µ—Ä–º—Å–∫–∞—è –≥–æ—Å—É–¥–∞—Ä—Å—Ç–≤–µ–Ω–Ω–∞—è —Ö—É–¥–æ–∂–µ—Å—Ç–≤–µ–Ω–Ω–∞—è –≥–∞–ª–µ—Ä–µ—è,https://www.tripadvisor.ru/Attraction_Review-g298516-d2331995-Reviews-Perm_State_Art_Gallery-Perm_Perm_Krai_Volga_District.html,"–ö–æ–º—Å–æ–º–æ–ª—å—Å–∫–∏–π –ø—Ä–æ—Å–ø–µ–∫—Ç, –¥. 4, –ü–µ—Ä–º—å 614045 –†–æ—Å—Å–∏—è",–†–∞–∑–≤–ª–µ—á–µ–Ω–∏—è,–†–∞–∑–≤–ª–µ—á–µ–Ω–∏—è,–ú—É–∑–µ–∏ –∏—Å–∫—É—Å—Å—Ç–≤,275,–°–ø–∞—Å–æ-–ü—Ä–µ–æ–±—Ä–∞–∂–µ–Ω—Å–∫–∏–π –∫–∞—Ñ–µ–¥—Ä–∞–ª—å–Ω—ã–π —Å–æ–±–æ—Ä: –≤–æ–∑—Ä–æ–∂–¥–µ–Ω–∏–µ –≥–ª–∞–≤–Ω–æ–≥–æ —Å–∞–∫—Ä–∞–ª–∞ –ü–µ—Ä–º–∏,"–ë—ã–≤—à–∏–π –ö–∞—Ñ–µ–¥—Ä–∞–ª—å–Ω—ã–π —Å–æ–±–æ—Ä –°–ø–∞—Å–æ-–ü—Ä–µ–±—Ä–∞–∂–µ–Ω—Å–∫–æ–≥–æ –º–æ–Ω–∞—Å—Ç—ã—Ä—è ‚Äì —Ü–µ–Ω—Ç—Ä–∞–ª—å–Ω–æ–µ —Å–æ–æ—Ä—É–∂–µ–Ω–∏–µ –º–æ–Ω–∞—Å—Ç—ã—Ä—Å–∫–æ–≥–æ –∞–Ω—Å–∞–º–±–ª—è ‚Äì –≥–æ—Ä–¥–æ –≤—ã—Å–∏—Ç—Å—è –Ω–∞ –≤—ã—Å–æ–∫–æ–º –º–µ—Å—Ç–µ –Ω–∞–¥ –±–µ—Ä–µ–≥–æ–º –ö–∞–º—ã. –ö–∞–∫ –Ω–∏ —Å—Ç—Ä–∞–Ω–Ω–æ —ç—Ç–æ –ø—Ä–æ–∑–≤—É—á–∏—Ç, –Ω–æ –∏–º—è –∞–≤—Ç–æ—Ä–∞ –ø—Ä–æ–µ–∫—Ç–∞ —ç—Ç–æ–≥–æ –≤–µ—Å—å–º–∞ –ø—Ä–∏–≤–ª–µ–∫–∞—Ç–µ–ª—å–Ω–æ–≥–æ –º–æ–Ω—É–º–µ–Ω—Ç–∞–ª—å–Ω–æ–≥–æ —Å–æ–æ—Ä—É–∂–µ–Ω–∏—è –¥–æ –Ω–∞—à–µ–≥–æ –≤—Ä–µ–º–µ–Ω–∏ –Ω–µ –¥–æ—à–ª–æ. –í ¬´–¥–µ–±—Ä—è—Ö¬ª –≤—Å–µ–∑–Ω–∞–π–∫–∏-–Ω—ç—Ç–∞ —è –≤—Å—Ç—Ä–µ—á–∞–ª —Ä–∞–∑–ª–∏—á–Ω—ã–µ –º–Ω–µ–Ω–∏—è –ø–æ —ç—Ç–æ–º—É –ø–æ–≤–æ–¥—É. –í —á–∞—Å—Ç–Ω–æ—Å—Ç–∏, –Ω–µ–∫–æ—Ç–æ—Ä—ã–µ –∏—Å—Å–ª–µ–¥–æ–≤–∞—Ç–µ–ª–∏ –ø–æ–ª–∞–≥–∞—é—Ç, —á—Ç–æ –∏–º (–∞–≤—Ç–æ—Ä–æ–º –ø—Ä–æ–µ–∫—Ç–∞) –º–æ–≥ –±—ã—Ç—å –∫—Ç–æ-—Ç–æ –∏–∑ –ø—Ä–µ–¥—Å—Ç–∞–≤–∏—Ç–µ–ª–µ–π –º–∞—Å—Ç–µ—Ä—Å–∫–æ–π –ú–∞—Ç–≤–µ—è –§—ë–¥–æ—Ä–æ–≤–∏—á–∞ –ö–∞–∑–∞–∫–æ–≤–∞, —Ä—É—Å—Å–∫–æ–≥–æ –∞—Ä—Ö–∏—Ç–µ–∫—Ç–æ—Ä–∞, –æ–¥–Ω–æ–≥–æ –∏–∑ –∫—Ä—É–ø–Ω–µ–π—à–∏—Ö –ø—Ä–µ–¥—Å—Ç–∞–≤–∏—Ç–µ–ª–µ–π —Ä—É—Å—Å–∫–æ–π –ø—Å–µ–≤–¥–æ–≥–æ—Ç–∏–∫–∏, –≤ –≥–æ–¥—ã –ø—Ä–∞–≤–ª–µ–Ω–∏—è –ï–∫–∞—Ç–µ—Ä–∏–Ω—ã II –ø–µ—Ä–µ—Å—Ç—Ä–æ–∏–≤—à–µ–≥–æ —Ü–µ–Ω—Ç—Ä –ú–æ—Å–∫–≤—ã –≤ –ø–∞–ª–ª–∞–¥–∏–∞–Ω—Å–∫–æ–º —Å—Ç–∏–ª–µ. –í —Ç–æ –∂–µ –≤—Ä–µ–º—è –º–Ω–µ –≤–µ—Å—å–º–∞ –∏–Ω—Ç–µ—Ä–µ—Å–Ω–æ–π –ø–æ–∫–∞–∑–∞–ª–∞—Å—å –≤–µ—Ä—Å–∏—è –≤–æ–∑–º–æ–∂–Ω–æ–≥–æ –∞–≤—Ç–æ—Ä—Å—Ç–≤–∞ –ø—Ä–æ–µ–∫—Ç–∞ —Å–µ–≥–æ –±—ã–≤—à–µ–≥–æ —Å–∞–∫—Ä–∞–ª–∞ —Ä–æ—Å—Å–∏–π—Å–∫–æ–≥–æ –∞—Ä—Ö–∏—Ç–µ–∫—Ç–æ—Ä–∞ –Ω–µ–º–µ—Ü–∫–æ–≥–æ –ø—Ä–æ–∏—Å—Ö–æ–∂–¥–µ–Ω–∏—è –ì–æ—Ç–ª–∏–±–∞ –•—Ä–∏—Å—Ç–∏–∞–Ω–∞ –ü–∞—É–ª—å—Å–µ–Ω–∞ (–ø—Ä–∞–≤–¥–∞, –ø–æ—Å–ª–µ–¥–Ω–∏–π —Ä–∞–±–æ—Ç–∞–ª, –≤ –æ—Å–Ω–æ–≤–Ω–æ–º, –≤ –°–∞–Ω–∫—Ç-–ü–µ—Ç–µ—Ä–±—É—Ä–≥–µ). –ß—Ç–æ –¥–æ –∏—Å—Ç–æ—Ä–∏–∏ —Å–æ–±–æ—Ä–∞ ‚Äì –æ–Ω–∞ –≤–µ—Å—å–º–∞ –∏–Ω—Ç–µ—Ä–µ—Å–Ω–∞ –∏ –∑–∞–Ω–∏–º–∞—Ç–µ–ª—å–Ω–∞. –ú–æ–Ω–∞—Å—Ç—ã—Ä—Å–∫–∏–π –∫–æ–º–ø–ª–µ–∫—Å –°–ø–∞—Å–æ-–ü—Ä–µ–æ–±—Ä–∞–∂–µ–Ω—Å–∫–æ–≥–æ –º–æ–Ω–∞—Å—Ç—ã—Ä—è, –æ—Å–Ω–æ–≤–∞–Ω–Ω—ã–π –ø—Ä–µ–¥—Å—Ç–∞–≤–∏—Ç–µ–ª—è–º–∏ —Ä–æ–¥–∞ —Ä—É—Å—Å–∫–∏—Ö –ø–æ–º–µ—â–∏–∫–æ–≤ –∏ –ø—Ä–æ–º—ã—à–ª–µ–Ω–Ω–∏–∫–æ–≤ –°—Ç—Ä–æ–≥–∞–Ω–æ–≤—ã—Ö –≤ —Å–µ–ª–µ –ü—ã—Å–∫–æ—Ä–µ –µ—â—ë –≤ –∑–∞–º—à–µ–ª–æ–º 1560 –≥–æ–¥—É –∏ –ø–µ—Ä–µ–±–∞–∑–∏—Ä–æ–≤–∞–Ω–Ω—ã–π –≤ –ü–µ—Ä–º—å –≤ –∫–æ–Ω—Ü–µ XVIII –≤–µ–∫–∞, –Ω–∞—á–∏–Ω–∞–ª—Å—è —Å —é–≥–æ-–∑–∞–ø–∞–¥–Ω–æ–≥–æ –∂–∏–ª–æ–≥–æ –∫–æ—Ä–ø—É—Å–∞ –º–æ–Ω–∞—Å—Ç—ã—Ä—è, –≤ –∫–æ—Ç–æ—Ä–æ–º —Ä–∞—Å–ø–æ–ª–∞–≥–∞–ª–∞—Å—å –∫–µ–ª–µ–π–Ω–∞—è —Ü–µ—Ä–∫–æ–≤—å –≤–æ –∏–º—è –°–≤—è—Ç–æ–≥–æ –°—Ç–µ—Ñ–∞–Ω–∞. –í 1798 –≥–æ–¥—É –±—ã–ª –∑–∞–ª–æ–∂–µ–Ω –±–æ–ª—å—à–æ–π –ª–µ—Ç–Ω–∏–π –∫–∞—Ñ–µ–¥—Ä–∞–ª—å–Ω—ã–π —Å–æ–±–æ—Ä –≤–æ –∏–º—è –ü—Ä–µ–æ–±—Ä–∞–∂–µ–Ω–∏—è –ì–æ—Å–ø–æ–¥–Ω—è, –æ–∫–æ–Ω—á–µ–Ω–Ω—ã–π —Å—Ç—Ä–æ–∏—Ç–µ–ª—å—Å—Ç–≤–æ–º –∏ –æ—Å–≤—è—â—ë–Ω–Ω—ã–π –≤ 1819 –≥–æ–¥—É. –í 1820 –≥–æ–¥—É –±—ã–ª–∞ –∑–∞–≤–µ—Ä—à–µ–Ω–∞ –ø–æ—Å—Ç—Ä–æ–π–∫–∞ –∑–∏–º–Ω–µ–≥–æ —Å–æ–±–æ—Ä–∞, –æ—Å–≤—è—â—ë–Ω–Ω–æ–≥–æ –≤ —á–µ—Å—Ç—å —É–ø–æ–º—è–Ω—É—Ç–æ–≥–æ —Å–≤—è—Ç–æ–≥–æ (–∫–µ–ª–µ–π–Ω—É—é –∂–µ —á–∞—Å–æ–≤–Ω—é –ø–µ—Ä–µ–∏–º–µ–Ω–æ–≤–∞—Ç—å –≤ –ö—Ä–µ—Å—Ç–æ–≤–æ-–ú–∏—Ç—Ä–æ—Ñ–∞–Ω–æ–≤—Å–∫—É—é). 67-–º–µ—Ç—Ä–æ–≤–∞—è –∫—Ä–∞—Å–∞–≤–∞-–∫–æ–ª–æ–∫–æ–ª—å–Ω—è –°–ø–∞—Å–æ-–ü—Ä–µ–æ–±—Ä–∞–∂–µ–Ω—Å–∫–æ–≥–æ —Å–æ–±–æ—Ä–∞, –∫ –ø—Ä–æ–µ–∫—Ç–∏—Ä–æ–≤–∞–Ω–∏—é –∫–æ—Ç–æ—Ä–æ–π, –ø–æ —Ä–∞–∑–Ω–æ—Ä–µ—á–∏–≤—ã–º –¥–∞–Ω–Ω—ã–º –≤—Å—ë —Ç–æ–≥–æ –∂–µ —É–º–Ω—ã—à–∞-–Ω—ç—Ç–∞, ¬´–ø—Ä–∏–ª–æ–∂–∏–ª–∏ —Ä—É–∫—É¬ª —Ç–æ –ª–∏ –ü–µ—Ä–º—Å–∫–∏–π –ì—É–±–µ—Ä–Ω—Å–∫–∏–π –∞—Ä—Ö–∏—Ç–µ–∫—Ç–æ—Ä –ü—ë—Ç—Ä –¢–∏–º–æ—Ñ–µ–µ–≤–∏—á –í–∞—Å–∏–ª—å–µ–≤, —Ç–æ –ª–∏ –Ω–∞—Ö–æ–¥–∏–≤—à–∏–π—Å—è –≤ —Ç–æ—Ç –ø–µ—Ä–∏–æ–¥ –≤ –ü–µ—Ä–º–∏ –≤ —Å—Å—ã–ª–∫–µ –ø–∏—Ç–µ—Ä—Å–∫–∏–π –∞—Ä—Ö–∏—Ç–µ–∫—Ç–æ—Ä –ü—ë—Ç—Ä –ò–≤–∞–Ω–æ–≤–∏—á –¢–∞–º–∞–Ω—Å–∫–∏–π, —Ç–æ –ª–∏ —Ç–∞–π–Ω—ã–π —Å–æ–≤–µ—Ç–Ω–∏–∫, –∞–∫–∞–¥–µ–º–∏–∫ –∞—Ä—Ö–∏—Ç–µ–∫—Ç—É—Ä—ã –ò–º–ø–µ—Ä–∞—Ç–æ—Ä—Å–∫–æ–π –ê–∫–∞–¥–µ–º–∏–∏ —Ö—É–¥–æ–∂–µ—Å—Ç–≤ –ò–≤–∞–Ω –ò–≤–∞–Ω–æ–≤–∏—á –°–≤–∏—è–∑–µ–≤, –≤–æ–∑–≤–æ–¥–∏–ª–∞—Å—å –ø–æ—á—Ç–∏ –ø–æ–ª—Ç–æ—Ä–∞ –¥–µ—Å—è—Ç–∫–∞ –ª–µ—Ç –∏ —Ç–æ–ª—å–∫–æ –≤ 1831 –≥–æ–¥—É –Ω–∞ –Ω–µ—ë –±—ã–ª–∏ –ø–æ–¥–Ω—è—Ç—ã 11 —Å—Ç–∞—Ä–∏–Ω–Ω—ã—Ö –∫–æ–ª–æ–∫–æ–ª–æ–≤ –±—ã–≤—à–µ–≥–æ –ü—ã—Å–∫–æ—Ä—Å–∫–æ–≥–æ –º–æ–Ω–∞—Å—Ç—ã—Ä—è (—Ö–æ—Ç—è, —Ñ–∞–∫—Ç–∏—á–µ—Å–∫–∏, —Å—Ç—Ä–æ–π–∫–∞ –±—ã–ª–∞ –∑–∞–≤–µ—Ä—à–µ–Ω–∞ —Ç–æ–ª—å–∫–æ –≥–æ–¥ —Å–ø—É—Å—Ç—è). –ö –∫–æ–Ω—Ü—É XIX –≤–µ–∫–∞ —Å–∞–∫—Ä–∞–ª —É–∂–µ –Ω–µ –º–æ–≥ —É–º–µ—Å—Ç–∏—Ç—å –≤—Å–µ—Ö —Å—Ç—Ä–∞–∂–¥—É—â–∏—Ö –ø–æ–æ–±—â–∞—Ç—å—Å—è —Å –í—Å–µ–≤—ã—à–Ω–∏–º, –ø–æ—ç—Ç–æ–º—É –±—ã–ª–∞ –ø—Ä–æ–≤–µ–¥–µ–Ω–∞ –µ–≥–æ –º–∞—Å—à—Ç–∞–±–Ω–∞—è —Ä–µ–∫–æ–Ω—Å—Ç—Ä—É–∫—Ü–∏—è (–≤ —Å—Ç–æ—Ä–æ–Ω—É —É–≤–µ–ª–∏—á–µ–Ω–∏—è –ø–æ–º–µ—â–µ–Ω–∏–π): –∑–¥–∞–Ω–∏–µ —Ä–∞—Å—à–∏—Ä–∏–ª–∏ –±–æ–∫–æ–≤—ã–º–∏ –ø—Ä–∏—Å—Ç—Ä–æ—è–º–∏, –≤ –∫–æ—Ç–æ—Ä—ã—Ö —É—Å—Ç—Ä–æ–∏–ª–∏ –¥–≤–∞ –ø—Ä–∏–¥–µ–ª–∞, —É–≤–µ–Ω—á–∞–Ω–Ω—ã–µ –≥–ª–∞–≤–∫–∞–º–∏ —Å –ª—É–∫–æ–≤–∏—á–Ω—ã–º–∏ –∑–∞–≤–µ—Ä—à–µ–Ω–∏—è–º–∏. –ü—Ä–∞–≤—ã–π –ø—Ä–∏–¥–µ–ª –æ—Å–≤—è—Ç–∏–ª–∏ –≤ —á–µ—Å—Ç—å —Å–≤—è—Ç–æ–≥–æ –ò–æ–∞–Ω–Ω–∞ –ü—Ä–µ–¥—Ç–µ—á–∏, –ª–µ–≤—ã–π ‚Äì –≤–æ –∏–º—è —Å–≤—è—Ç–∏—Ç–µ–ª—è –î–º–∏—Ç—Ä–∏—è –†–æ—Å—Ç–æ–≤—Å–∫–æ–≥–æ, —á—É–¥–æ—Ç–≤–æ—Ä—Ü–∞. –ü–æ–º–∏–º–æ —ç—Ç–æ–≥–æ, –∑–∞ –ø—Ä–∞–≤—ã–º –∫–ª–∏—Ä–æ—Å–æ–º –æ—Å–≤—è—Ç–∏–ª–∏ –ø—Ä–∏–¥–µ–ª –≤ —á–µ—Å—Ç—å –ü–æ–∫—Ä–æ–≤–∞ –ü—Ä–µ—Å–≤—è—Ç–æ–π –ë–æ–≥–æ—Ä–æ–¥–∏—Ü—ã. –í —Ä–µ–∑—É–ª—å—Ç–∞—Ç–µ –≤—Å–µ—Ö —ç—Ç–∏—Ö –∏–Ω–Ω–æ–≤–∞—Ü–∏–π —Å–æ–±–æ—Ä —Å—Ç–∞–ª –ø—è—Ç–∏–ø—Ä–µ—Å—Ç–æ–ª—å–Ω—ã–º. –í 1907 –≥–æ–¥—É —Å–∞–∫—Ä–∞–ª ¬´–Ω–∞–∫—Ä—ã–ª–∞¬ª –æ—á–µ—Ä–µ–¥–Ω–∞—è –≤–æ–ª–Ω–∞ –ø–µ—Ä–µ—Å—Ç—Ä–æ–µ–∫: —É–≤–µ–ª–∏—á–µ–Ω–æ –ª–µ–≤–æ–µ –∫—Ä—ã–ª–æ –∫–æ–ª–æ–∫–æ–ª—å–Ω–∏, –∫–æ—Ç–æ—Ä–æ–µ –ø–æ –¥–ª–∏–Ω–µ —Å—Ç–∞–ª–æ —Ä–∞–≤–Ω—ã–º –ø—Ä–∞–≤–æ–π –ø–µ—Ä–µ—Ö–æ–¥–Ω–æ–π –≥–∞–ª–µ—Ä–µ–µ, –≤–µ–¥—É—â–µ–π –≤ –ê—Ä—Ö–∏–µ—Ä–µ–π—Å–∫–∏–π –¥–æ–º, –≤ —Å–≤—è–∑–∏ —Å —á–µ–º –æ–±–∞ –∫—Ä—ã–ª–∞ –ø–æ–ª—É—á–∏–ª–∏ –æ–¥–∏–Ω–∞–∫–æ–≤–æ–µ –æ–¥–Ω–æ—ç—Ç–∞–∂–Ω–æ–µ –æ–∫–æ–Ω–Ω–æ–µ —á–ª–µ–Ω–µ–Ω–∏–µ. –í –∏—Ç–æ–≥–µ –°–ø–∞—Å–æ-–ü—Ä–µ–æ–±—Ä–∞–∂–µ–Ω—Å–∫–∏–π –∫—Ä–∞—Å–∞–≤–µ—Ü-—Å–æ–±–æ—Ä —Å—Ç–∞–ª —Å–∏–º–≤–æ–ª–æ–º –ü–µ—Ä–º–∏ –∏ —Ä–µ–∞–ª—å–Ω—ã–º —É–∫—Ä–∞—à–µ–Ω–∏–µ–º –∞—Ä—Ö–∏—Ç–µ–∫—Ç—É—Ä–Ω–æ–≥–æ –æ–±–ª–∏–∫–∞ –≥—É–±–µ—Ä–Ω—Å–∫–æ–π —Å—Ç–æ–ª–∏—Ü—ã. –ï—Å–ª–∏ –≥–æ–≤–æ—Ä–∏—Ç—å –æ–± –∞—Ä—Ö–∏—Ç–µ–∫—Ç—É—Ä–Ω–æ–º —Å—Ç–∏–ª–µ —Å–∞–∫—Ä–∞–ª–∞, —Ç–æ —è —Å–æ —Å–≤–æ–∏–º–∏ –¥–∞–ª—ë–∫–∏–º–∏ –æ—Ç –ø—Ä–æ—Ñ–µ—Å—Å–∏–æ–Ω–∞–ª–∏–∑–º–∞ –ø–æ–∑–Ω–∞–Ω–∏—è–º–∏ –≤ –æ–±–ª–∞—Å—Ç–∏ —Å–∞–∫—Ä–∞–ª—å–Ω–æ–≥–æ –∑–æ–¥—á–µ—Å—Ç–≤–∞ —Ä–∏—Å–∫–Ω—É –ø—Ä–µ–¥–ø–æ–ª–æ–∂–∏—Ç—å, —á—Ç–æ –æ–Ω ‚Äì —Å—Ç–∏–ª—å ‚Äì –ø—Ä–∏—à—ë–ª—Å—è –Ω–∞ —Ä–∞—Å—Ü–≤–µ—Ç –∫–ª–∞—Å—Å–∏—Ü–∏–∑–º–∞, —á—Ç–æ, –≤ –∏—Ç–æ–≥–µ, –∏ –Ω–∞—à–ª–æ —Å–≤–æ—ë –æ—Ç—Ä–∞–∂–µ–Ω–∏–µ –≤ –æ–±–ª–∏–∫–µ —Ö—Ä–∞–º–∞. –•–æ—Ç—è –Ω–µ–ª—å–∑—è –Ω–µ —Å–æ–≥–ª–∞—Å–∏—Ç—å—Å—è —Å –º–Ω–µ–Ω–∏–µ–º –±–æ–ª–µ–µ —Å–≤–µ–¥—É—â–∏—Ö, –ø–æ–ª–∞–≥–∞—é—â–∏—Ö, —á—Ç–æ –≤ –æ–±–ª–∏–∫–µ –°–ø–∞—Å–æ-–ü—Ä–µ–æ–±—Ä–∞–∂–µ–Ω—Å–∫–æ–≥–æ —Å–æ–±–æ—Ä–∞ ¬´–ø—Ä–æ—Å–∫–∞–ª—å–∑—ã–≤–∞—é—Ç¬ª –∏ —Å–ø–µ—Ü–∏—Ñ–∏—á–µ—Å–∫–∏–µ —á–µ—Ä—Ç—ã –∞—Ä—Ö–∏—Ç–µ–∫—Ç—É—Ä—ã –£—Ä–∞–ª—å—Å–∫–æ–≥–æ —Ä–µ–≥–∏–æ–Ω–∞: –º–æ—â–Ω—ã–µ —Å—Ç–µ–Ω—ã –∏–∑ –∫–∏—Ä–ø–∏—á–∞ (—Ç–æ–ª—â–∏–Ω–∞ –¥–æ—Ö–æ–¥–∏—Ç –¥–æ 2 –º–µ—Ç—Ä–æ–≤!!!), –º–µ—Ç–∞–ª–ª–∏—á–µ—Å–∫–∏–µ —Ä–µ—à—ë—Ç–∫–∏ –≤ –æ–∫–Ω–∞—Ö, —á—É–≥—É–Ω–Ω—ã–µ –¥–≤–µ—Ä–∏ –∏ –ø–æ–ª—ã. –í —Å–æ–≤–µ—Ç—Å–∫–æ–µ –≤—Ä–µ–º—è –ü–µ—Ä–º—Å–∫–∏–π –∫–∞—Ñ–µ–¥—Ä–∞–ª—å–Ω—ã–π —Å–æ–±–æ—Ä –ø–æ—Å—Ç–∏–≥–ª–∞ –ø–µ—á–∞–ª—å–Ω–∞—è —É—á–∞—Å—Ç—å –±–æ–ª—å—à–∏–Ω—Å—Ç–≤–∞ —Ä–æ—Å—Å–∏–π—Å–∫–∏—Ö —Å–∞–∫—Ä–∞–ª–æ–≤ ‚Äì —Å–ø—É—Å—Ç—è —Ä–æ–≤–Ω–æ –≤–µ–∫ –ø–æ—Å–ª–µ –æ—Å–≤—è—â–µ–Ω–∏—è (–≤ 1932 –≥–æ–¥—É) —Ö—Ä–∞–º –±—ã–ª –∑–∞–∫—Ä—ã—Ç –∏ –≤ –Ω—ë–º —Ä–∞–∑–º–µ—Å—Ç–∏–ª–∞—Å—å –ü–µ—Ä–º—Å–∫–∞—è –≥–æ—Å—É–¥–∞—Ä—Å—Ç–≤–µ–Ω–Ω–∞—è —Ö—É–¥–æ–∂–µ—Å—Ç–≤–µ–Ω–Ω–∞—è –≥–∞–ª–µ—Ä–µ—è. –í–æ—Å—Å—Ç–∞–Ω–æ–≤–ª–µ–Ω–∏–µ —É–¥–∏–≤–∏—Ç–µ–ª—å–Ω–æ–≥–æ –ø–æ –≤–µ–ª–∏—á–µ—Å—Ç–≤–µ–Ω–Ω–æ—Å—Ç–∏ –∫—É–ª—å—Ç–æ–≤–æ–≥–æ —Å–æ–æ—Ä—É–∂–µ–Ω–∏—è, —Å—É–¥—è –ø–æ —É–≤–∏–¥–µ–Ω–Ω—ã–º –≤–æ–∫—Ä—É–≥ —Å—Ç—Ä–æ–∏—Ç–µ–ª—å–Ω—ã–º –ª–µ—Å–∞–º, –ø—Ä–æ–¥–æ–ª–∂–∞–µ—Ç—Å—è...",,5,,20 –º–∞—Ä—Ç–∞ 2020 –≥.,34,investigator64,https://www.tripadvisor.ru/Profile/investigator64,1 964,1 155,28 809,157 871,6,310,"–ò–≤–∞–Ω–æ–≤–æ, –†–æ—Å—Å–∏—è",–∞–ø—Ä. 2015 –≥.
