–¶–µ–Ω—Ç—Ä–∞–ª—å–Ω–∞—è,https://www.tripadvisor.ru/Restaurant_Review-g737147-d6186044-Reviews-Tsentralnaya-Barnaul_Altai_Krai_Siberian_District.html,"–õ–µ–Ω–∏–Ω–∞ –ø—Ä–æ—Å–ø–µ–∫—Ç, 57, –ë–∞—Ä–Ω–∞—É–ª 656049 –†–æ—Å—Å–∏—è",–†–µ—Å—Ç–æ—Ä–∞–Ω—ã,,–†–µ—Å—Ç–æ—Ä–∞–Ω—ã,91,:),"–ü–æ—Å–µ—Ç–∏–ª–∞ –≤–∞—à–µ –∫–∞—Ñ–µ –ø–æ —Ä–µ–∫–æ–º–µ–Ω–¥–∞—Ü–∏–∏, –∑–∞–∫–∞–∑–∞–Ω–Ω–æ–µ –±–ª—é–¥–æ –ø–æ–Ω—Ä–∞–≤–∏–ª–æ—Å—å. –î–ª—è –ø–æ—Å–µ—â–µ–Ω–∏—è –∫–∞—Ñ–µ —Ç—Ä–µ–±—É–µ—Ç—Å—è qr-–∫–æ–¥. –ò–Ω—Ç–µ—Ä—å–µ—Ä: 7 –∏–∑ 10 –ö—É—Ö–Ω—è: —Å–ª–æ–∂–Ω–æ –æ—Ü–µ–Ω–∏—Ç—å –∑–∞ —Ä–∞–∑–æ–≤–æ–µ –ø–æ—Å–µ—â–µ–Ω–∏–µ, 8 –∏–∑ 10. –û–±—Å–ª—É–∂–∏–≤–∞–Ω–∏–µ: 10 –∏–∑ 10. –ú–µ—Å—Ç–æ–ø–æ–ª–æ–∂–µ–Ω–∏–µ: —Å—É–¥—è –ø–æ –Ω–∞–∑–≤–∞–Ω–∏—é, —Ü–µ–Ω—Ç—Ä–æ–≤–æ–π —Ü–µ–Ω—Ç—Ä 10 –∏–∑ 10.",,5,—Ñ–µ–≤—Ä–∞–ª—å 2022 –≥.,26 —Ñ–µ–≤—Ä–∞–ª—è 2022 –≥.,0,margobiz,https://www.tripadvisor.ru/Profile/margobiz,1,0,130,55,5,15,"–ö–∞–Ω—Å–∫, –†–æ—Å—Å–∏—è",—è–Ω–≤. 2018 –≥.
–¶–µ–Ω—Ç—Ä–∞–ª—å–Ω–∞—è,https://www.tripadvisor.ru/Restaurant_Review-g737147-d6186044-Reviews-Tsentralnaya-Barnaul_Altai_Krai_Siberian_District.html,"–õ–µ–Ω–∏–Ω–∞ –ø—Ä–æ—Å–ø–µ–∫—Ç, 57, –ë–∞—Ä–Ω–∞—É–ª 656049 –†–æ—Å—Å–∏—è",–†–µ—Å—Ç–æ—Ä–∞–Ω—ã,,–†–µ—Å—Ç–æ—Ä–∞–Ω—ã,91,üî•,"–ö—É—Ö–Ω—è –∏ –∏–Ω—Ç–µ—Ä—å–µ—Ä –Ω–∞ –≤—ã—Å–æ—Ç–µ! –≠—Ç–æ —Ç–æ –º–µ—Å—Ç–æ –≥–¥–µ –≤—Å—Ç—Ä–µ—á–∞—é—Ç—Å—è –≤—Å–µ —Å–æ—Ü–∏–∞–ª—å–Ω—ã–µ —Å–ª–æ–∏. –û—á–µ–Ω—å –∫–∞—á–µ—Å—Ç–≤–µ–Ω–Ω–∞—è –º–µ–±–µ–ª—å, –∫–ª–∏–µ–Ω—Ç–æ–æ—Ä–∏–µ–Ω—Ç–∏—Ä–æ–≤–∞–Ω–Ω—ã–π –ø–µ—Ä—Å–æ–Ω–∞–ª, –¥–µ—Å–µ—Ä—Ç—ã —Å—É–ø–µ—Ä!",,5,–º–∞–π 2021 –≥.,8 –º–∞—è 2021 –≥.,,–ï–≤–≥–µ–Ω–∏–π –®,https://www.tripadvisor.ru/Profile/_X7223KM,0,0,1,0,0,1,,–º–∞–π 2021 –≥.
–¶–µ–Ω—Ç—Ä–∞–ª—å–Ω–∞—è,https://www.tripadvisor.ru/Restaurant_Review-g737147-d6186044-Reviews-Tsentralnaya-Barnaul_Altai_Krai_Siberian_District.html,"–õ–µ–Ω–∏–Ω–∞ –ø—Ä–æ—Å–ø–µ–∫—Ç, 57, –ë–∞—Ä–Ω–∞—É–ª 656049 –†–æ—Å—Å–∏—è",–†–µ—Å—Ç–æ—Ä–∞–Ω—ã,,–†–µ—Å—Ç–æ—Ä–∞–Ω—ã,91,"–ü–ª–æ—Ö–æ–π —Å–µ—Ä–≤–∏—Å, –≤–∫—É—Å–Ω–∞—è –µ–¥–∞","–ë—ã–ª–∏ –¥–≤–∞–∂–¥—ã –≤ –∫–∞—Ñ–µ —Å —Å—É–ø—Ä—É–≥–æ–π. –ö –µ–¥–µ —Ç–æ–ª—å–∫–æ –æ–¥–Ω–æ –∑–∞–º–µ—á–∞–Ω–∏–µ. –ü–æ–∫–µ —Å –º–∞–π–æ–Ω–µ–∑–æ–º - —ç—Ç–æ –Ω–µ –Ω–æ—Ä–º–∞–ª—å–Ω–æ. –ò –æ—Ñ–∏—Ü–∏–∞–Ω—Ç–∫–∞ –Ω–µ –ø—Ä–µ–¥—É–ø—Ä–µ–¥–∏–ª–∞ –æ–± —ç—Ç–æ–º –∏ –Ω–µ —Å—Ç–∞–ª–∞ –≤—ã—á–∏—Ç–∞—Ç—å —ç—Ç–æ –±–ª—é–¥–æ –∏–∑ —Å—á—ë—Ç–∞ –ù–∞ –≤—Ç–æ—Ä–æ–π –¥–µ–Ω—å –±—ã–ª–æ —Å–∏–ª—å–Ω–æ —Ö—É–∂–µ. –î—Ä—É–≥–∞—è –æ—Ñ–∏—Ü–∏–∞–Ω—Ç–∫–∞ 1. –Ω–µ –∑–∞–ø–æ–º–Ω–∏–ª–∞ –∑–∞–∫–∞–∑ –∏ —è –µ—â—ë –¥–æ–ø–æ–ª–Ω–∏—Ç–µ–ª—å–Ω–æ 10 –º–∏–Ω –∂–¥–∞–ª –ø–∞—Å—Ç—É 2. –∞–±—Å–æ–ª—é—Ç–Ω–æ –Ω–µ –∑–Ω–∞–µ—Ç –º–µ–Ω—é –Ω–∞ —Ç–µ–º—É, —á—Ç–æ —Å–æ–¥–µ—Ä–∂–∏—Ç—Å—è –≤ –±–ª—é–¥–µ, –∫–∞–∫–æ–µ —Å–ø–µ—Ü–∏–∞–ª—å–Ω–æ–µ –ø–∏–≤–æ –≤ –º–µ–Ω—é –∏ –¥—Ä. –ò—Ç–æ–≥–æ. –°–µ—Ä–≤–∏—Å = 2.5. –ö—É—Ö–Ω—è = 4.5",,3,–∞–≤–≥—É—Å—Ç 2020 –≥.,30 –∞–≤–≥—É—Å—Ç–∞ 2020 –≥.,0,210ilyam,https://www.tripadvisor.ru/Profile/210ilyam,0,0,3,0,1,3,"–ö–∞–ª–∏–Ω–∏–Ω–≥—Ä–∞–¥, –†–æ—Å—Å–∏—è",–Ω–æ—è–±. 2016 –≥.
–¶–µ–Ω—Ç—Ä–∞–ª—å–Ω–∞—è,https://www.tripadvisor.ru/Restaurant_Review-g737147-d6186044-Reviews-Tsentralnaya-Barnaul_Altai_Krai_Siberian_District.html,"–õ–µ–Ω–∏–Ω–∞ –ø—Ä–æ—Å–ø–µ–∫—Ç, 57, –ë–∞—Ä–Ω–∞—É–ª 656049 –†–æ—Å—Å–∏—è",–†–µ—Å—Ç–æ—Ä–∞–Ω—ã,,–†–µ—Å—Ç–æ—Ä–∞–Ω—ã,91,–û—Ç–ª–∏—á–Ω–æ–µ –∫–∞—Ñ–µ,–û—á–µ–Ω—å –≤–∫—É—Å–Ω–∞—è –µ–¥–∞. –ü—Ä–µ–∫—Ä–∞—Å–Ω–∞—è –ø–æ–¥–∞—á–∞ –∏ —Ü–µ–Ω—ã —Å—Ä–µ–¥–Ω–∏–µ. –û–±—ã—á–Ω–æ –±—ã–≤–∞—é –Ω–∞ –∑–∞–≤—Ç—Ä–∞–∫–∞—Ö. –û—á–µ–Ω—å —Å–æ–≤–µ—Ç—É—é. –ö–æ—Ñ–µ –Ω–µ —Å–∞–º—ã–π –ª—É—á—à–∏–π –Ω–∞ 4 –∏–∑ 5.,,5,—Ñ–µ–≤—Ä–∞–ª—å 2020 –≥.,18 —Ñ–µ–≤—Ä–∞–ª—è 2020 –≥.,0,polovinochka,https://www.tripadvisor.ru/Profile/polovinochka,5,0,945,185,6,39,"–ë–∞—Ä–Ω–∞—É–ª, –†–æ—Å—Å–∏—è",–∏—é–ª—å 2016 –≥.
–¶–µ–Ω—Ç—Ä–∞–ª—å–Ω–∞—è,https://www.tripadvisor.ru/Restaurant_Review-g737147-d6186044-Reviews-Tsentralnaya-Barnaul_Altai_Krai_Siberian_District.html,"–õ–µ–Ω–∏–Ω–∞ –ø—Ä–æ—Å–ø–µ–∫—Ç, 57, –ë–∞—Ä–Ω–∞—É–ª 656049 –†–æ—Å—Å–∏—è",–†–µ—Å—Ç–æ—Ä–∞–Ω—ã,,–†–µ—Å—Ç–æ—Ä–∞–Ω—ã,91,–û—á–µ–Ω—å –≤–∫—É—Å–Ω–æ–µ –º–µ—Å—Ç–æ,"–ü—Ä–∏—Å–æ–µ–¥–∏–Ω—è—é—Å—å –∫–æ –≤—Å–µ–º –ø–æ–ª–æ–∂–∏—Ç–µ–ª—å–Ω—ã–º –æ—Ç–∑—ã–≤–∞–º, –¥–µ–π—Å—Ç–≤–∏—Ç–µ–ª—å–Ω–æ –æ—á–µ–Ω—å —Ö–æ—Ä–æ—à–µ–µ –∏ –≤–∫—É—Å–Ω–æ–µ –º–µ—Å—Ç–æ! –†–µ–∫–æ–º–µ–Ω–¥—É—é!",,5,—Ñ–µ–≤—Ä–∞–ª—å 2020 –≥.,12 —Ñ–µ–≤—Ä–∞–ª—è 2020 –≥.,1  ,N6596SC_,https://www.tripadvisor.ru/Profile/N6596SC_,0,0,18,12,3,10,"–ú–æ—Å–∫–≤–∞, –†–æ—Å—Å–∏—è",–º–∞—Ä—Ç 2015 –≥.
–¶–µ–Ω—Ç—Ä–∞–ª—å–Ω–∞—è,https://www.tripadvisor.ru/Restaurant_Review-g737147-d6186044-Reviews-Tsentralnaya-Barnaul_Altai_Krai_Siberian_District.html,"–õ–µ–Ω–∏–Ω–∞ –ø—Ä–æ—Å–ø–µ–∫—Ç, 57, –ë–∞—Ä–Ω–∞—É–ª 656049 –†–æ—Å—Å–∏—è",–†–µ—Å—Ç–æ—Ä–∞–Ω—ã,,–†–µ—Å—Ç–æ—Ä–∞–Ω—ã,91,–°–∞–º–∞—è –ª—É—á—à–∞—è –∫–æ—Ñ–µ–π–Ω—è –≤ –≥–æ—Ä–æ–¥–µ!,"–°–∞–º–æ–µ –ª—é–±–∏–º–æ–µ –º–µ—Å—Ç–æ –Ω–∞—à–µ–π —Å–µ–º—å–∏ –≤ –≥–æ—Ä–æ–¥–µ, –∑–¥–µ—Å—å –º–æ–∂–Ω–æ –ø–æ–∑–∞–≤—Ç—Ä–∞–∫–∞—Ç—å, –ø–æ–æ–±–µ–¥–∞—Ç—å –∏ –≤–∫—É—Å–Ω–æ –ø–æ—É–∂–∏–Ω–∞—Ç—å! –û—Ç–ª–∏—á–Ω–æ–µ –≤—Ä–µ–º—è —Ä–∞–±–æ—Ç—ã —Å 7—á.—É—Ç—Ä–∞! –ö–æ—Ñ–µ–π–Ω—è –≤—Å–µ–≥–¥–∞ –ø–æ–ª–Ω–∞ –Ω–∞—Ä–æ–¥—É, —ç—Ç–æ –≥–æ–≤–æ—Ä–∏—Ç –æ –º–Ω–æ–≥–æ–º! –û—á–µ–Ω—å —Å–æ–≤–µ—Ç—É—é –¥–ª—è –ø–æ—Å–µ—â–µ–Ω–∏—è, –∑–¥–µ—Å—å –≥–æ—Ç–æ–≤—è—Ç —Å–∞–º—ã–µ –≤–∫—É—Å–Ω—ã–µ —Å—ã—Ä–Ω–∏–∫–∏ –∏ –≤–∞—Ä—è—Ç –ø–æ—Ç—Ä—è—Å–∞—é—â–∏–π –∫–æ—Ñ–µ!",,5,—è–Ω–≤–∞—Ä—å 2020 –≥.,6 —Ñ–µ–≤—Ä–∞–ª—è 2020 –≥.,,–ê–Ω–Ω–∞ –î,https://www.tripadvisor.ru/Profile/Annnnuuuta,0,0,62,8,4,15,"–ë–∞—Ä–Ω–∞—É–ª, –†–æ—Å—Å–∏—è",–º–∞—Ä—Ç 2015 –≥.
–¶–µ–Ω—Ç—Ä–∞–ª—å–Ω–∞—è,https://www.tripadvisor.ru/Restaurant_Review-g737147-d6186044-Reviews-Tsentralnaya-Barnaul_Altai_Krai_Siberian_District.html,"–õ–µ–Ω–∏–Ω–∞ –ø—Ä–æ—Å–ø–µ–∫—Ç, 57, –ë–∞—Ä–Ω–∞—É–ª 656049 –†–æ—Å—Å–∏—è",–†–µ—Å—Ç–æ—Ä–∞–Ω—ã,,–†–µ—Å—Ç–æ—Ä–∞–Ω—ã,91,–û–¥–Ω–æ –∏–∑ –ª—É—á—à–∏—Ö –º–µ—Å—Ç –≤ –ë–∞—Ä–Ω–∞—É–ª–µ,"–ë—ã–ª–∞ –ø–æ —Ä–∞–±–æ—Ç–µ –≤ –≥–æ—Ä–æ–¥–µ, –∏—Å–∫–∞–ª–∞ —Ö–æ—Ä–æ—à–µ–µ –º–µ—Å—Ç–æ –¥–ª—è –≤—Å—Ç—Ä–µ—á–∏. –ë—ã–ª–∞ –ø—Ä–∏—è—Ç–Ω–æ —É–¥–∏–≤–ª–µ–Ω–∞. –ù–∞—á–Ω–µ–º —Å–æ –≤—Ö–æ–¥–∞. –ß–µ—Ö–æ–ª –Ω–∞ —Ä—É—á–∫–µ –≤—Ö–æ–¥–Ω–æ–π –¥–≤–µ—Ä–∏, —ç—Ç–æ –µ—Å—Ç—å —É –¥—Ä—É–≥–∏—Ö —Ç–æ–∂–µ, –Ω–æ –≤–ø–µ—Ä–≤—ã–µ —è —Å —ç—Ç–∏–º —Å—Ç–æ–ª–∫–Ω—É–ª–∞—Å—å —É –Ω–∏—Ö. –î–∞–∂–µ –±–µ–∑ –ø–µ—Ä—á–∞—Ç–æ–∫ –∑–∏–º–æ–π —Å–ø–æ–∫–æ–π–Ω–æ –æ—Ç–∫—Ä—ã–≤–∞—Ç—å –º–æ–∂–Ω–æ –¥–≤–µ—Ä—å, –æ–±–º–æ—Ä–æ–∂–µ–Ω–∏—è –Ω–µ –±—É–¥–µ—Ç) –ö—Ä–∞—Å–∏–≤—ã–π –∏–Ω—Ç–µ—Ä—å–µ—Ä, –ø—Ä–∏ —ç—Ç–æ–º –Ω–∏—á–µ–≥–æ –Ω–µ–æ–±—ã—á–Ω–æ–≥–æ. –ß–∏—Å—Ç–æ, —É—é—Ç–Ω–æ, —Ç–µ–ø–ª—ã–µ —Ç–æ–Ω–∞, –º–Ω–æ–≥–æ –∫–æ—Ä–∏—á–Ω–µ–≤–æ–≥–æ —Ü–≤–µ—Ç–∞, —Å–≤–µ—Ç–ª–æ. –ü—Ä–∏—è—Ç–Ω—ã–π –ø–µ—Ä—Å–æ–Ω–∞–ª, –≤—Å–µ–≥–¥–∞ –æ—Ç–≤–µ—á–∞—é—Ç –Ω–∞ —Ç–µ–ª–µ—Ñ–æ–Ω, –∫–æ–≥–¥–∞ –∑–≤–æ–Ω–∏—à—å, –Ω–∏–∫—Ç–æ –Ω–µ –≥—Ä—É–±–∏—Ç, –ø—Ä–∏–≤–µ—Ç–ª–∏–≤—ã–µ –∏ –º–∏–ª—ã–µ. –ï–¥–∞. –õ—é–¥–µ–π –∏–∑ –±–æ–ª—å—à–∏—Ö –≥–æ—Ä–æ–¥–æ–≤ —Å–ª–æ–∂–Ω–æ —É–¥–∏–≤–∏—Ç—å, –Ω–æ –º–æ–∏ –≥–æ—Å—Ç–∏ –±—ã–ª–∏ –≤ –≤–æ—Å—Ç–æ—Ä–≥–µ. –≠—Ç–æ –º–µ—Å—Ç–æ –≥–¥–µ –∫–∞—Ä—Ç–∏–Ω–∫–∞ –≤ –º–µ–Ω—é –ø–æ–ª–Ω–æ—Å—Ç—å—é —Å–æ–æ—Ç–≤–µ—Ç—Å—Ç–≤—É–µ—Ç –≥–æ—Ç–æ–≤–æ–º—É –±–ª—é–¥—É. –î–∞, —Ü–µ–Ω–∞ –¥–æ—Ä–æ–∂–µ –æ–±—ã—á–Ω—ã—Ö –∫–∞—Ñ–µ, –Ω–æ –∫–∞—á–µ—Å—Ç–≤–æ –∏ –æ–±—ä–µ–º –ø–æ–ª–Ω–æ—Å—Ç—å—é —Å–µ–±—è –æ–ø—Ä–∞–≤–¥—ã–≤–∞—é—Ç. –í–∫—É—Å–Ω–æ, –∫—Ä–∞—Å–∏–≤–æ, –∏–¥–µ–∞–ª—å–Ω–æ. –î–µ–ª–∞–ª–∞ –∑–∞–∫–∞–∑ –Ω–∞ –∑–∞–≤—Ç—Ä–∞–∫, –Ω–∞—Å –∂–¥–∞–ª —Å—Ç–æ–ª, –µ–¥–∞ –ø–æ–¥–∞–Ω–∞ –≤ —É–∫–∞–∑–∞–Ω–Ω–æ–µ –≤—Ä–µ–º—è, –Ω–∏–∫–∞–∫–∏—Ö –∑–∞–¥–µ—Ä–∂–µ–∫ –ø–æ –≤—Ä–µ–º–µ–Ω–∏ –∏–ª–∏ –æ—Ç–∫–ª–æ–Ω–µ–Ω–∏–π. –°–ø–∞—Å–∏–±–æ —Ä—É–∫–æ–≤–æ–¥—Å—Ç–≤—É, —á—Ç–æ —Å–æ–∑–¥–∞–ª–∏ —Ç–∞–∫–æ–µ –º–µ—Å—Ç–æ. –û—Ç–¥–µ–ª—å–Ω–∞—è –±–ª–∞–≥–æ–¥–∞—Ä–Ω–æ—Å—Ç—å —Å–æ—Ç—Ä—É–¥–Ω–∏–∫–∞–º! –í—ã —Å–æ–∑–¥–∞–µ—Ç–µ –∞—Ç–º–æ—Å—Ñ–µ—Ä—É —ç—Ç–æ–≥–æ –º–µ—Å—Ç–∞!",,5,–Ω–æ—è–±—Ä—å 2019 –≥.,27 –Ω–æ—è–±—Ä—è 2019 –≥.,0,LeilaRuslanovna,https://www.tripadvisor.ru/Profile/LeilaRuslanovna,0,0,12,12,2,5,,–∏—é–ª—å 2019 –≥.
–¶–µ–Ω—Ç—Ä–∞–ª—å–Ω–∞—è,https://www.tripadvisor.ru/Restaurant_Review-g737147-d6186044-Reviews-Tsentralnaya-Barnaul_Altai_Krai_Siberian_District.html,"–õ–µ–Ω–∏–Ω–∞ –ø—Ä–æ—Å–ø–µ–∫—Ç, 57, –ë–∞—Ä–Ω–∞—É–ª 656049 –†–æ—Å—Å–∏—è",–†–µ—Å—Ç–æ—Ä–∞–Ω—ã,,–†–µ—Å—Ç–æ—Ä–∞–Ω—ã,91,–í–∫—É—Å–Ω–æ–µ –º–µ–Ω—é –∏ –∫–æ—Ñ–µ,"–ó–∞–º–µ—á–∞—Ç–µ–ª—å–Ω–æ–µ –∑–∞–≤–µ–¥–µ–Ω–∏–µ –≤ —Å–∞–º–æ–º —Ü–µ–Ω—Ç—Ä–µ –≥–æ—Ä–æ–¥–∞! –†–∞–¥—É–µ—Ç –Ω–æ–≤–æ–µ –º–µ–Ω—é —Å —Ä–∞–∑–Ω–æ–æ–±—Ä–∞–∑–∏–µ–º –∑–∞–≤—Ç—Ä–∞–∫–æ–≤, –º—è—Å–Ω—ã—Ö –±–ª—é–¥ –∏ –∑–∞–∫—É—Å–æ–∫! –û—á–µ–Ω—å —Ç—ë–ø–ª–∞—è –∏ —É—é—Ç–Ω–∞—è –∞—Ç–º–æ—Å—Ñ–µ—Ä–∞! –ï–¥–∏–Ω—Å—Ç–≤–µ–Ω–Ω—ã–π –º–∏–Ω—É—Å-–ø–æ—á–µ–º—É –≤ 21 –≤–µ–∫–µ –ø—Ä–æ—Å—å–±–∞ –ø—Ä–∏–Ω–µ—Å—Ç–∏ —Å—Ç–∞–∫–∞–Ω –æ–±—ã—á–Ω–æ–π —Ñ–∏–ª—å—Ç—Ä–æ–≤–∞–Ω–Ω–æ–π –≤–æ–¥—ã –≤—ã–∑—ã–≤–∞–µ—Ç —Ç–∞–∫–æ–µ –Ω–µ–¥–æ—É–º–µ–Ω–∏–µ? –ù–µ—É–∂–µ–ª–∏ –≤ –∑–∞–≤–µ–¥–µ–Ω–∏–∏ —Ç–∞–∫–æ–≥–æ —É—Ä–æ–≤–Ω—è —ç—Ç–æ —Ç–∞–∫ –ø—Ä–æ–±–ª–µ–º–∞—Ç–∏—á–Ω–æ? –î–∞–∂–µ –≤ –¥–æ—Ä–æ–≥–∏—Ö —Å—Ç–æ–ª–∏—á–Ω—ã—Ö —Ä–µ—Å—Ç–æ—Ä–∞–Ω–∞—Ö —ç—Ç–æ –≤–æ—Å–ø—Ä–∏–Ω–∏–º–∞–µ—Ç—Å—è –Ω–æ—Ä–º–∞–ª—å–Ω–æ –∏ –µ—Å—Ç–µ—Å—Ç–≤–µ–Ω–Ω–æ! ‚Äç‚ôÄÔ∏è –ü—Ä–æ—Å—å–±–∞ –ø—Ä–∏–Ω—è—Ç—å –∫ –≤–Ω–∏–º–∞–Ω–∏—é!",,5,–Ω–æ—è–±—Ä—å 2019 –≥.,6 –Ω–æ—è–±—Ä—è 2019 –≥.,0,pl-anastasia,https://www.tripadvisor.ru/Profile/pl-anastasia,0,0,14,5,3,7,,—Ñ–µ–≤—Ä. 2018 –≥.
–¶–µ–Ω—Ç—Ä–∞–ª—å–Ω–∞—è,https://www.tripadvisor.ru/Restaurant_Review-g737147-d6186044-Reviews-Tsentralnaya-Barnaul_Altai_Krai_Siberian_District.html,"–õ–µ–Ω–∏–Ω–∞ –ø—Ä–æ—Å–ø–µ–∫—Ç, 57, –ë–∞—Ä–Ω–∞—É–ª 656049 –†–æ—Å—Å–∏—è",–†–µ—Å—Ç–æ—Ä–∞–Ω—ã,,–†–µ—Å—Ç–æ—Ä–∞–Ω—ã,91,–í–∫—É—Å–Ω–µ–π—à–∞—è –∫–æ—Ñ–µ–π–Ω—è.,"–ú–∏–ª—ã–π –∏–Ω—Ç–µ—Ä—å–µ—Ä , —á–∏—Å—Ç–æ—Ç–∞ , –ø–æ—Ä—è–¥–æ–∫ , –±—ã—Å—Ç—Ä–æ–µ –æ–±—Å–ª—É–∂–∏–≤–∞–Ω–∏–µ . –ê—Å—Å–æ—Ä—Ç–∏–º–µ–Ω—Ç –º–µ–Ω—é –∑–∞–º–µ—á–∞—Ç–µ–ª—å–Ω—ã–π , –∏—Å–ø–æ–ª–Ω–µ–Ω–∏–µ —é–ª.–¥ –∏ –≤–∫—É—Å –Ω–∞ –ø—è—Ç—å. –û—á–µ–Ω—å –≤–∫—É—Å–Ω—ã–µ –¥–µ—Å–µ—Ä—Ç—ã. –ù–æ—Ä–º–∞–ª—å–Ω—ã–µ —Ü–µ–Ω—ã . –ï—Å—Ç—å –Ω–µ–±–æ–ª—å—à–æ–π –º–∏–Ω—É—Å , –≤—Å–µ–≥–¥–∞ –Ω–µ—Ç –º–µ—Å—Ç ), –Ω–æ –¥–ª—è —Å–∞–º–æ–≥–æ –∑–∞–≤–µ–¥–µ–Ω–∏—è —ç—Ç–æ –æ–≥—Ä–æ–º–Ω—ã–π –ø–ª—é—Å.",,5,–æ–∫—Ç—è–±—Ä—å 2019 –≥.,4 –Ω–æ—è–±—Ä—è 2019 –≥.,2  ,marytitova1969,https://www.tripadvisor.ru/Profile/marytitova1969,0,0,399,144,6,70,"–ë–∞—Ä–Ω–∞—É–ª, –†–æ—Å—Å–∏—è",–∞–ø—Ä. 2013 –≥.
–¶–µ–Ω—Ç—Ä–∞–ª—å–Ω–∞—è,https://www.tripadvisor.ru/Restaurant_Review-g737147-d6186044-Reviews-Tsentralnaya-Barnaul_Altai_Krai_Siberian_District.html,"–õ–µ–Ω–∏–Ω–∞ –ø—Ä–æ—Å–ø–µ–∫—Ç, 57, –ë–∞—Ä–Ω–∞—É–ª 656049 –†–æ—Å—Å–∏—è",–†–µ—Å—Ç–æ—Ä–∞–Ω—ã,,–†–µ—Å—Ç–æ—Ä–∞–Ω—ã,91,–°–£–ü–ï–†!,"–ú–µ—Å—Ç–æ –∑–∞–º–µ—á–∞—Ç–µ–ª—å–Ω–æ–µ -–∫—É—Ö–Ω—è –¥–æ—Å—Ç–æ–π–Ω–∞—è –∏ –ø–æ –≤–∫—É—Å—É –∏ –ø–æ —Ü–µ–Ω–µ! –û—Ñ–∏—Ü–∏–∞–Ω—Ç—ã –∏ –±–∞—Ä–∏—Å—Ç–∞ —Å—É–ø–µ—Ä ! –ù–∞–ø—Ä—è–≥–∞–µ—Ç –∫–æ–ª–∏—á–µ—Å—Ç–≤–æ –æ—Ä—É—â–∏—Ö –∏ –±–µ–≥–∞—é—â–∏—Ö –¥–µ—Ç–µ–π, –Ω–µ –æ—Å—Ç–∞–≤–ª—è–µ—Ç –æ—â—É—â–µ–Ω–∏–µ –¥–µ—Ç—Å–∫–æ–≥–æ –∫–∞—Ñ–µ!–ù–µ —Ö–æ—Ç–µ–ª–æ—Å—å –±—ã –æ—Å—Ç–∞–≤–∞—Ç—å—Å—è –≤ —ç—Ç–æ–º –æ—â—É—â–µ–Ω–∏–∏!",,4,–æ–∫—Ç—è–±—Ä—å 2019 –≥.,30 –æ–∫—Ç—è–±—Ä—è 2019 –≥.,,selena280418,https://www.tripadvisor.ru/Profile/selena280418,0,0,4,1,1,3,,–∏—é–Ω—å 2019 –≥.
–¶–µ–Ω—Ç—Ä–∞–ª—å–Ω–∞—è,https://www.tripadvisor.ru/Restaurant_Review-g737147-d6186044-Reviews-Tsentralnaya-Barnaul_Altai_Krai_Siberian_District.html,"–õ–µ–Ω–∏–Ω–∞ –ø—Ä–æ—Å–ø–µ–∫—Ç, 57, –ë–∞—Ä–Ω–∞—É–ª 656049 –†–æ—Å—Å–∏—è",–†–µ—Å—Ç–æ—Ä–∞–Ω—ã,,–†–µ—Å—Ç–æ—Ä–∞–Ω—ã,91,–î–æ—Å—Ç–æ–π–Ω–æ,"–•–æ—Ä–æ—à–∞—è –≥–æ—Å—Ç–∏–Ω–∏—Ü–∞ –≤ —Å–∞–º–æ–º —Ü–µ–Ω—Ç—Ä–µ –ë–∞—Ä–Ω–∞—É–ª–∞. –ü—Ä–µ–∫—Ä–∞—Å–Ω–æ –æ–±–æ—Ä—É–¥–æ–≤–∞–Ω–Ω—ã–µ –ø—Ä–æ—Å—Ç–æ—Ä–Ω—ã–µ –Ω–æ–º–µ—Ä–∞ —Å–æ –≤—Å–µ–º –Ω–µ–æ–±—Ö–æ–¥–∏–º—ã–º, –≤–ø–ª–æ—Ç—å –¥–æ –ø–æ—Å—É–¥—ã –∏ —Å—Ç–æ–ª–æ–≤—ã—Ö –ø—Ä–∏–±–æ—Ä–æ–≤. –ü–æ –∑–∞–ø—Ä–æ—Å—É –ø—Ä–∏–Ω–æ—Å—è—Ç –≥–ª–∞–¥–∏–ª—å–Ω—É—é –¥–æ—Å–∫—É –∏ —É—Ç—é–≥. –•–æ—Ä–æ—à–∏–µ –∑–∞–≤—Ç—Ä–∞–∫–∏. –û–¥–Ω—É –ø–æ–∑–∏—Ü–∏—é —Å–Ω—è–ª–∞ –∑–∞ –æ–∂–∏–¥–∞–Ω–∏–µ –≥–æ—Ä—è—á–µ–π –≤–æ–¥—ã. –ß—Ç–æ–±—ã –ø–æ—à–ª–∞ –¥–µ–π—Å—Ç–≤–∏—Ç–µ–ª–¥—å–Ω–≥–æ –≥–æ—Ä—è—á–∞—è, –Ω–∞–¥–æ –º–∏–Ω—É—Ç 10 —Å–ø—É—Å–∫–∞—Ç—å –≤–æ–¥—É. –ê –∫–∞–∫—Ç-—Ç–æ —É—Ç—Ä–æ–º –æ–¥–∏–Ω –Ω–∞—à –∫–æ–ª–ª–µ–≥–∞ –≥–æ—Ä—è—á–µ–π –≤–æ–¥—ã —Ç–∞–∫ –∏ –Ω–µ –¥–æ–∂–¥–∞–ª—Å—è.",,4,–æ–∫—Ç—è–±—Ä—å 2019 –≥.,26 –æ–∫—Ç—è–±—Ä—è 2019 –≥.,0,KissaPtah,https://www.tripadvisor.ru/Profile/KissaPtah,0,1,63,29,5,19,"–ú–æ—Å–∫–≤–∞, –†–æ—Å—Å–∏—è",–∞–≤–≥. 2015 –≥.
–¶–µ–Ω—Ç—Ä–∞–ª—å–Ω–∞—è,https://www.tripadvisor.ru/Restaurant_Review-g737147-d6186044-Reviews-Tsentralnaya-Barnaul_Altai_Krai_Siberian_District.html,"–õ–µ–Ω–∏–Ω–∞ –ø—Ä–æ—Å–ø–µ–∫—Ç, 57, –ë–∞—Ä–Ω–∞—É–ª 656049 –†–æ—Å—Å–∏—è",–†–µ—Å—Ç–æ—Ä–∞–Ω—ã,,–†–µ—Å—Ç–æ—Ä–∞–Ω—ã,91,"–í–∫—É—Å–Ω—ã–µ, –Ω–µ–¥–æ—Ä–æ–≥–∏–µ —Å—ã—Ç–Ω—ã–µ –∑–∞–≤—Ç—Ä–∞–∫–∏","–•–æ–¥–∏–ª –∑–∞–≤—Ç—Ä–∞–∫–∞—Ç—å –∏–∑ —Å–æ—Å–µ–¥–Ω–µ–π, –æ–¥–Ω–æ–∏–º–µ–Ω–Ω–æ–π –≥–æ—Å—Ç–∏–Ω–∏—Ü—ã. –ò —É—Ç—Ä–æ–º –∏ –¥–Ω—ë–º –≤—Å–µ–≥–¥–∞ –º–Ω–æ–≥–æ –Ω–∞—Ä–æ–¥—É. –û—á–µ–Ω—å —Å—ã—Ç–Ω—ã–µ –∑–∞–≤—Ç—Ä–∞–∫–∏, –±—Ä–∞–ª —Ñ—Ä–∞–Ω—Ü—É–∑—Å–∫–∏–π –±—Ä–∞–Ω—á –∏ –∫—Ä–µ–º-—Å—É–ø - –≤—Å—ë –ø–æ–Ω—Ä–∞–≤–∏–ª–æ—Å—å.",,5,–æ–∫—Ç—è–±—Ä—å 2019 –≥.,10 –æ–∫—Ç—è–±—Ä—è 2019 –≥.,1  ,–°–µ—Ä–≥–µ–π –û,https://www.tripadvisor.ru/Profile/_I1313HS,0,0,117,56,5,35,"–ú–æ—Å–∫–≤–∞, –†–æ—Å—Å–∏—è",–º–∞—Ä—Ç 2015 –≥.
–¶–µ–Ω—Ç—Ä–∞–ª—å–Ω–∞—è,https://www.tripadvisor.ru/Restaurant_Review-g737147-d6186044-Reviews-Tsentralnaya-Barnaul_Altai_Krai_Siberian_District.html,"–õ–µ–Ω–∏–Ω–∞ –ø—Ä–æ—Å–ø–µ–∫—Ç, 57, –ë–∞—Ä–Ω–∞—É–ª 656049 –†–æ—Å—Å–∏—è",–†–µ—Å—Ç–æ—Ä–∞–Ω—ã,,–†–µ—Å—Ç–æ—Ä–∞–Ω—ã,91,–û –ö—É—Ö–Ω–µ,"–ú–µ—Å—Ç–æ –∫–æ–Ω–µ—á–Ω–æ —Ü–µ–Ω—Ç—Ä–∞–ª—å–Ω–æ–µ, –Ω–æ –∫—É—Ö–Ω—è –¥–∞–ª–µ–∫–∞ –æ—Ç –∏–¥–µ–∞–ª–∞.... –ù–∞ —É—Ä–æ–≤–Ω–µ 3+ –ø–æ –ø—è—Ç–∏–±–∞–ª–ª—å–Ω–æ–π —à–∫–∞–ª–µ –ó–∞–∫–∞–∑—ã–≤–∞–ª —É—Ö–∞ –∏–∑ —Ñ–æ—Ä–µ–ª–∏,—É—Ç–∏–Ω–∞—è –≥—Ä—É–¥–∫–∞ —Å –ø–µ—á—ë–Ω–æ–π —Ç—ã–∫–≤–æ–π, –º–∏–ª—à–µ–π–∫ –°–Ω–∏–∫–µ—Ä—Å,–≤–∏–Ω–æ –£—Ö–∞ –∏–∑ –∫–æ–Ω—Å–µ—Ä–≤–∏—Ä–æ–≤–∞–Ω–Ω–æ–≥–æ –ª–æ—Å–æ—Å—è —Ç–∏–ø–∞ —Ñ–æ—Ä–µ–ª–∏, —â—É–∫–æ–π –∏ –Ω–µ –ø–∞—Ö–Ω–µ—Ç –∫–∞–∫ –∏–∑ –Ω–∞–∑–≤–∞–Ω–∏—è —Ç–∞–∫ –∏ —Ñ–∞–∫—Ç–∞ –∫–æ–Ω—Å–µ—Ä–≤–æ–≤. –£—Ç–∏–Ω–∞—è –≥—Ä—É–¥–∫–∞ —Å –ø–µ—á—ë–Ω–æ–π —Ç—ã–∫–≤–æ–π —Ç–æ–∂–µ —Ö–æ—Ä–æ—à–∏—Ö –≤–ø–µ—á–∞—Ç–ª–µ–Ω–∏–π –Ω–µ –ø—Ä–∏–±–∞–≤–∏–ª–∞-–∫—É—Å–æ—á–∫–∏ —Ç—ã–∫–≤—ã –ø–µ—Ä–µ–∂–∞—Ä–µ–Ω—ã –≤ —Å–æ–µ–≤–æ–º —Å–æ—É—Å–µ, –≥—Ä—É–¥–∫–∞ –±—ã–ª–∞ –±—ã —Ö–æ—Ä–æ—à–∞ —Å–∞–º–∞ –ø–æ —Å–µ–±–µ –∫–∞–∫ –º—è—Å–æ –Ω–æ –≤—Å—ë –∏—Å–ø–æ—Ä—Ç–∏–ª–æ –æ–±–∏–ª–∏–µ –ø–µ—Ä—Ü–∞ –∏ —Å–ø–µ—Ü–∏–π –∏–∑-–∑–∞ –∫–æ—Ç–æ—Ä–æ–≥–æ –≤–∫—É—Å –º—è—Å–∞ –ø—Ä–æ–ø–∞–¥–∞–ª –≤–æ–≤—Å–µ,–≤—Ä–æ–¥–µ –±—ã —Å–æ—á–Ω–æ–µ –Ω–µ–ø–µ—Ä–µ–¥–µ—Ä–¥–∞–Ω–Ω–æ–µ –∞ –≤–∫—É—Å–∞ –Ω–µ—Ç,–æ–±–∂–∏–≥–∞–µ—Ç –Ω–µ–±–æ. –°–æ—É—Å –∞–ø–µ–ª—å—Å–∏–Ω–æ–≤—ã–π –Ω–µ –≤—ã—Ä–∞–∑–∏—Ç–µ–ª—å–Ω—ã–π, –ª—É—á—à–µ –±—ã –ø–æ–¥–æ—à—ë–ª –¥—Ä—É–≥–æ–π, –±—Ä—É—Å–Ω–∏—á–Ω—ã–π –Ω–∞–ø—Ä–∏–º–µ—Ä...–Ω—É –∏ –Ω–∞–∫–æ–Ω–µ—Ü –º–∏–ª—à–µ–π–∫ –°–Ω–∏–∫–µ—Ä—Å —è–∫–æ–±—ã —Å –¥–æ–º–∞—à–Ω–µ–π –∫–∞—Ä–∞–º–µ–ª—å—é,–∞—Ä–∞—Ö–∏—Å–æ–º –∏ –≤–∑–±–∏—Ç—ã–º–∏ —Å–ª–∏–≤–∫–∞–º–∏...–ø–æ —Ñ–∞–∫—Ç—É –ø—Ä–æ—Å—Ç–æ –°–Ω–∏–∫–µ—Ä—Å –∑–∞–º–µ—à–∞–Ω–Ω—ã–π –≤ –±–ª–µ–Ω–¥–µ—Ä–µ —Å –º–æ–ª–æ–∫–æ–º –∏ –º–æ—Ä–æ–∂–µ–Ω–Ω—ã–º...—Å —Ç–∞–∫–∏–º –≤–∫—É—Å–æ–º –±–∞—Ç–æ–Ω—á–∏–∫–∞ —Å –∏–∑–±—ã—Ç–∫–æ–º —Å–∞—Ö–∞—Ä–∞ –ø—Ä–∏—Ç–æ—Ä–Ω–æ —Å–ª–∞–¥–∫–∏–º —Ç—Ä—É–¥–Ω–æ —á—Ç–æ-—Ç–æ —Å–ø—É—Ç–∞—Ç—å... –í–∏–Ω–æ –æ–±—ã—á–Ω–æ–µ –∫–∞–∫ –∏ –µ–¥–∞.. —Å—Ç–æ–ª–æ–≤–∞—è –ª—é–∫—Å, –ö—É—Ö–Ω—è –æ–±—ã—á–Ω–∞—è –¥–ª—è —Ç–∞–∫–æ–≥–æ –º–µ—Å—Ç–æ–ø–æ–ª–æ–∂–µ–Ω–∏—è –º–æ–≥–ª–∞ –±—ã—Ç—å –∏ –ø—Ä–∏–ª–∏—á–Ω–µ–µ, –Ω–æ –≤–∏–¥–Ω–æ —á—Ç–æ —Ä–∞—Å—Å—á–∏—Ç–∞–Ω–æ –Ω–∞ –ø–æ—Ç–æ–∫ –∞ –Ω–µ –Ω–∞ –∞–≤—Ç–æ—Ä—Å–∫—É—é –∫—É—Ö–Ω—é...",,3,–∏—é–ª—å 2019 –≥.,23 –∏—é–ª—è 2019 –≥.,0,Maketodo,https://www.tripadvisor.ru/Profile/Maketodo,0,0,1,0,0,1,,–∏—é–ª—å 2019 –≥.
–¶–µ–Ω—Ç—Ä–∞–ª—å–Ω–∞—è,https://www.tripadvisor.ru/Restaurant_Review-g737147-d6186044-Reviews-Tsentralnaya-Barnaul_Altai_Krai_Siberian_District.html,"–õ–µ–Ω–∏–Ω–∞ –ø—Ä–æ—Å–ø–µ–∫—Ç, 57, –ë–∞—Ä–Ω–∞—É–ª 656049 –†–æ—Å—Å–∏—è",–†–µ—Å—Ç–æ—Ä–∞–Ω—ã,,–†–µ—Å—Ç–æ—Ä–∞–Ω—ã,91,–ø—Ä–µ–∫—Ä–∞—Å–Ω–∞—è –∫–æ—Ñ–µ–π–Ω—è!,"–≤–∫—É—Å–Ω–∞—è, —Å–≤–µ–∂–∞—è –µ–¥–∞, –º–æ–∂–Ω–æ —Ç—É—Ç –∏–ª–∏ —Å —Å–æ–±–æ–π, –Ω–µ—Å–º–æ—Ç—Ä—è –Ω–∞ —Ç–æ —á—Ç–æ –∫–æ—Ñ–µ–π–Ω—è - –≤–∫—É—Å–Ω—ã–µ –±–ª—é–¥–∞ –æ—Å–Ω–æ–≤–Ω–æ–≥–æ –º–µ–Ω—é, –≤–µ–∂–ª–∏–≤—ã–π –ø–µ—Ä—Å–æ–Ω–∞–ª, –∞—Ç–º–æ—Å—Ñ–µ—Ä–∞ —É—é—Ç–Ω–∞—è",,5,—Å–µ–Ω—Ç—è–±—Ä—å 2018 –≥.,11 –∏—é–ª—è 2019 –≥.,1  ,lela2303,https://www.tripadvisor.ru/Profile/lela2303,1,0,39,6,3,8,,–∏—é–ª—å 2019 –≥.
–¶–µ–Ω—Ç—Ä–∞–ª—å–Ω–∞—è,https://www.tripadvisor.ru/Restaurant_Review-g737147-d6186044-Reviews-Tsentralnaya-Barnaul_Altai_Krai_Siberian_District.html,"–õ–µ–Ω–∏–Ω–∞ –ø—Ä–æ—Å–ø–µ–∫—Ç, 57, –ë–∞—Ä–Ω–∞—É–ª 656049 –†–æ—Å—Å–∏—è",–†–µ—Å—Ç–æ—Ä–∞–Ω—ã,,–†–µ—Å—Ç–æ—Ä–∞–Ω—ã,91,–ö–∞—Ç–µ–≥–æ—Ä–∏—á–µ—Å–∫–∏ —Å–æ–≤–µ—Ç—É—é!,"–û—Ç–ª–∏—á–Ω–æ–µ, –ø—Ä–æ—Å—Ç–æ —Å—É–ø–µ—Ä –º–µ—Å—Ç–æ! –û—Ç–ª–∏—á–Ω–∞—è, –æ—á–µ–Ω—å –≤–∫—É—Å–Ω–∞—è –∫—É—Ö–Ω—è, –∏ –¥–∞–ª–µ–∫–æ –Ω–µ —Ç–æ–ª—å–∫–æ –∫–æ—Ñ–µ. –ë—Ä–∞–ª–∏ —Ä—ë–±—Ä–∞, —Å—ã—Ä–Ω—ã–µ —Ç–∞—Ä–µ–ª–∫–∏, —Å–∞–ª–∞—Ç—ã –∏–∑ –æ–≤–æ—â–µ–π –∏ —Å —Ä–æ—Å—Ç–±–∏—Ñ–æ–º, –¥–µ—Å–µ—Ä—Ç—ã - –≤—Å–µ –æ—á–µ–Ω—å –≤–∫—É—Å–Ω–æ, –ø—Ä–æ–¥—É–∫—Ç—ã –æ—á–µ–Ω—å —Å–≤–µ–∂–∏–µ. –°–∞–º–∏ —Å –ú–æ—Å–∫–≤—ã. –ï—Å—Ç—å —Å —á–µ–º —Å—Ä–∞–≤–Ω–∏–≤–∞—Ç—å, –º–Ω–æ–≥–æ –≥–¥–µ –±—ã–≤–∞–ª–∏. –ò –≤—Å–µ —á—Ç–æ –æ–ø–∏—Å–∞–Ω–æ –≤—ã—à–µ - –ø–æ –∫—Ä–∞–π–Ω–µ –¥–µ–º–æ–∫—Ä–∞—Ç–∏—á–Ω–æ–π —Ü–µ–Ω–µ! –ò–Ω—Ç–µ—Ä—å–µ—Ä –∏ –∞—Ç–º–æ—Å—Ñ–µ—Ä–∞, –º—É–∑—ã–∫–∞ —Ñ–æ–Ω–æ–º - —Ç–æ–∂–µ –≤—Å–µ —Å—É–ø–µ—Ä. –¢–∞–∫ —á—Ç–æ —Å–æ–≤–µ—Ç—É—é –≤—Å–µ–º. –î–∞–≤–∞–π—Ç–µ –ø–æ–¥–Ω–∏–º–µ–º –Ω–∞ –ø–µ—Ä–≤–æ–µ –º–µ—Å—Ç–æ –≤ —Ä–µ–π—Ç–∏–Ω–≥–µ! –û–Ω–∏ —Ä–µ–∞–ª—å–Ω–æ –¥–æ—Å—Ç–æ–π–Ω—ã!!",,5,–º–∞–π 2019 –≥.,21 –º–∞—è 2019 –≥.,0,LPAlex,https://www.tripadvisor.ru/Profile/LPAlex,1,3,67,93,5,72,"–ú–æ—Å–∫–≤–∞, –†–æ—Å—Å–∏—è",–Ω–æ—è–±. 2012 –≥.
–¶–µ–Ω—Ç—Ä–∞–ª—å–Ω–∞—è,https://www.tripadvisor.ru/Restaurant_Review-g737147-d6186044-Reviews-Tsentralnaya-Barnaul_Altai_Krai_Siberian_District.html,"–õ–µ–Ω–∏–Ω–∞ –ø—Ä–æ—Å–ø–µ–∫—Ç, 57, –ë–∞—Ä–Ω–∞—É–ª 656049 –†–æ—Å—Å–∏—è",–†–µ—Å—Ç–æ—Ä–∞–Ω—ã,,–†–µ—Å—Ç–æ—Ä–∞–Ω—ã,91,–£—é—Ç–Ω–∞—è –∫–æ—Ñ–µ–π–Ω—è,"–í–∫—É—Å–Ω–∞—è –µ–¥–∞, –ø—Ä–µ–∫—Ä–∞—Å–Ω–æ–µ —Ä–∞—Å–ø–æ–ª–æ–∂–µ–Ω–∏–µ, –∫—Ä–∞—Å–∏–≤—ã–π –∏–Ω—Ç–µ—Ä—å–µ—Ä, –µ—Å—Ç—å –∫–æ—Ñ–µ —Å –º–∏–Ω–¥–∞–ª—å–Ω—ã–º –º–æ–ª–æ–∫–æ–º. –¶–µ–Ω—ã —É–º–µ—Ä–µ–Ω–Ω—ã–µ.",,5,–º–∞–π 2019 –≥.,12 –º–∞—è 2019 –≥.,0,OlgaSinickaya,https://www.tripadvisor.ru/Profile/OlgaSinickaya,0,0,21,2,3,6,"–ó–º–µ–∏–Ω–æ–≥–æ—Ä—Å–∫, –†–æ—Å—Å–∏—è",—è–Ω–≤. 2018 –≥.
–¶–µ–Ω—Ç—Ä–∞–ª—å–Ω–∞—è,https://www.tripadvisor.ru/Restaurant_Review-g737147-d6186044-Reviews-Tsentralnaya-Barnaul_Altai_Krai_Siberian_District.html,"–õ–µ–Ω–∏–Ω–∞ –ø—Ä–æ—Å–ø–µ–∫—Ç, 57, –ë–∞—Ä–Ω–∞—É–ª 656049 –†–æ—Å—Å–∏—è",–†–µ—Å—Ç–æ—Ä–∞–Ω—ã,,–†–µ—Å—Ç–æ—Ä–∞–Ω—ã,91,–ì—Ä—è–∑–Ω–∞—è –ø–æ—Å—É–¥–∞!!!!!,"–í –ø–µ—Ä–≤—ã–µ –ø–æ—Å–µ—Ç–∏–ª–∞ —ç—Ç–æ –∑–∞–≤–µ–¥–µ–Ω–∏–µ, –ø–æ–¥—Ä—É–≥–∞ –ø–æ—Å–æ–≤–µ—Ç–æ–≤–∞–ª–∞. –ó–∞–∫–∞–∑–∞–ª–∏ –∫–æ—Ñ–µ, —á–∞–π –∞–≤—Ç–æ—Ä—Å–∫–∏–π, —Å—É–ø –∏ —Å—ã—Ä–Ω–∏–∫–∏, –ú–æ—Ä–æ–∂–µ–Ω–æ–µ. –ù–∞—á–∞–ª–æ—Å—å –≤—Å–µ —Å —Ç–æ–≥–æ, —á—Ç–æ —è –ø–æ–ø—Ä–æ—Å–∏–ª–∞ –ø–æ–º–µ–Ω—è—Ç—å —á–∞–π–Ω—É—é –ø–∞—Ä—É, –ø–æ–º–µ–Ω—è–ª–∏ –Ω–æ —Ç–∞–∫–æ–µ –æ—â—É—â–µ–Ω–∏–µ —á—Ç–æ –µ—ë –æ–±—Ä–∞—Ç–Ω–æ –ø—Ä–∏–Ω–µ—Å–ª–∏, –≤—Å—è –≤ –ø–æ—Ç–µ–∫–∞—Ö –æ—Ç –ø—Ä–µ–¥—ã–¥—É—â–µ–≥–æ –Ω–∞–ø–∏—Ç–∫–∞, —è–≤–Ω–æ –∫–æ—Ñ–µ!–ï–¥–∞ –≤–∫—É—Å–Ω–∞—è, –ø—Ä–µ—Ç–µ–Ω–∑–∏–π –Ω–µ—Ç, –Ω–æ –º–æ—Ä–æ–∂–µ–Ω–æ–µ –∑–∞–±—ã–ª–∏, –ø–æ—Å—É–¥—É –Ω–µ –ø—ã—Ç–∞–ª–∏—Å—å —É–±—Ä–∞—Ç—å –≥—Ä—è–∑–Ω—É—é, –ø—Ä–∏—á—ë–º –Ω–µ —Ç–æ–ª—å–∫–æ –∑–∞ –Ω–∞—à–∏–º —Å—Ç–æ–ª–æ–º, –∑–∞ —Å–æ—Å–µ–¥–Ω–∏–º–∏ —Ç–∞–∫–æ–π –∂–µ —Å—Ä–∞—á –±—ã–ª. –ü–æ—Å–ª–µ —á–µ–≥–æ —è –ø–æ–ø—Ä–æ—Å–∏–ª–∞ –ø—Ä–∏–≥–ª–∞—Å–∏—Ç—å –º–µ–Ω–µ–¥–∂–µ—Ä–∞, –∫–æ—Ç–æ—Ä–æ–≥–æ –¥–∞–∂–µ –Ω–µ—Ç. –°–ø—Ä–æ—Å–∏–ª–∞ –æ—Ñ–∏—Ü–∏–∞–Ω—Ç–æ–≤ –ø–æ—á–µ–º—É —Ç–∞–∫–∞—è –ø—Ä–æ–±–ª–µ–º–∞ —Å –ø–æ—Å—É–¥–æ–π, —Å–∞–º–∏–º –ø—Ä–∏—è—Ç–Ω–æ –±—ã–ª–æ –±—ã –ø–∏—Ç—å, —Å–∫–∞–∑–∞–ª–∏ –Ω–µ—Ç, –Ω–æ –±–æ—Ä—è—Ç—Å—è —Å —ç—Ç–æ–π –±–µ–¥–æ–π. –ù–∞ –∫–æ—Ñ–µ–º–∞—à–∏–Ω–µ —Å—Ç–æ—è–ª–∏ —Ç–∞–∫–∏–µ –∂–µ –≥—Ä—è–∑–Ω—ã–µ –∫—Ä—É–∂–∫–∏... –¢–∞–∫ —á—Ç–æ –≥—Ä—è–∑–Ω–∞—è –ø–æ—Å—É–¥–∞ –∏ –æ—Ç—Å—É—Ç—Å—Ç–≤–∏–µ –≤–Ω–∏–º–∞–Ω–∏—è –æ—Ñ–∏—Ü–∏–∞–Ω—Ç–æ–≤ —ç—Ç–æ –≤–∞—à –º–∏–Ω—É—Å!",,2,–º–∞–π 2019 –≥.,12 –º–∞—è 2019 –≥.,0,451julijaa,https://www.tripadvisor.ru/Profile/451julijaa,0,0,2,1,0,3,–†–æ—Å—Å–∏—è,–∏—é–Ω—å 2017 –≥.
–¶–µ–Ω—Ç—Ä–∞–ª—å–Ω–∞—è,https://www.tripadvisor.ru/Restaurant_Review-g737147-d6186044-Reviews-Tsentralnaya-Barnaul_Altai_Krai_Siberian_District.html,"–õ–µ–Ω–∏–Ω–∞ –ø—Ä–æ—Å–ø–µ–∫—Ç, 57, –ë–∞—Ä–Ω–∞—É–ª 656049 –†–æ—Å—Å–∏—è",–†–µ—Å—Ç–æ—Ä–∞–Ω—ã,,–†–µ—Å—Ç–æ—Ä–∞–Ω—ã,91,–°—Ç–∏–ª—å–Ω–æ –∏ –≤–∫—É—Å–Ω–æ,"–í –∫–∞—Ñ–µ –æ—Ç–ª–∏—á–Ω–æ–µ –º–µ–Ω—é –∏ –≤–∫—É—Å–Ω—ã–µ –±–ª—é–¥–∞. –ï—Å—Ç—å –ø–æ—Å—Ç–Ω–æ–µ –º–µ–Ω—é, –ø—Ä–∏—á—ë–º –Ω–µ –º–∞—Ñ–∏–Ω –∏ –∫–æ—Ñ–µ –Ω–∞ —Å–æ–µ–≤–æ–º –º–æ–ª–æ–∫–µ, –∞ –≤—Å–µ: –∏ —Å–∞–ª–∞—Ç—ã –∏ —Å—É–ø –∏ –æ—Å–Ω–æ–≤–Ω—ã–µ –±–ª—é–¥–∞ –∏ –¥–µ—Å–µ—Ä—Ç—ã –∏ –≤—Å—è –∫–æ—Ñ–µ–π–Ω–∞—è –∫–∞—Ä—Ç–∞ –Ω–∞ —Å–æ–µ–≤–æ–º –∏ –º–∏–Ω–¥–∞–ª—å–Ω–æ–º –º–æ–ª–æ–∫–µ. –û—Ç–ª–∏—á–Ω–æ!",,5,–∞–ø—Ä–µ–ª—å 2019 –≥.,3 –∞–ø—Ä–µ–ª—è 2019 –≥.,0,osipov75,https://www.tripadvisor.ru/Profile/osipov75,0,0,302,136,6,206,"–ú–æ—Å–∫–≤–∞, –†–æ—Å—Å–∏—è",–º–∞—Ä—Ç 2012 –≥.
–¶–µ–Ω—Ç—Ä–∞–ª—å–Ω–∞—è,https://www.tripadvisor.ru/Restaurant_Review-g737147-d6186044-Reviews-Tsentralnaya-Barnaul_Altai_Krai_Siberian_District.html,"–õ–µ–Ω–∏–Ω–∞ –ø—Ä–æ—Å–ø–µ–∫—Ç, 57, –ë–∞—Ä–Ω–∞—É–ª 656049 –†–æ—Å—Å–∏—è",–†–µ—Å—Ç–æ—Ä–∞–Ω—ã,,–†–µ—Å—Ç–æ—Ä–∞–Ω—ã,91,–ó–∞–º–µ—á–∞—Ç–µ–ª—å–Ω–∞—è –≥–æ—Å—Ç–∏–Ω–∏—Ü–∞ –≤ —Ü–µ–Ω—Ç—Ä–µ –ë–∞—Ä–Ω–∞—É–ª–∞,"–ì–æ—Å—Ç–∏–Ω–∏—Ü–∞ –Ω–∞—Ö–æ–¥–∏—Ç—Å—è –≤ —Å–∞–º–æ–º —Ü–µ–Ω—Ç—Ä–µ –≥–æ—Ä–æ–¥–∞, –æ—á–µ–Ω—å —É–¥–æ–±–Ω–æ–µ —Ä–∞—Å–ø–æ–ª–æ–∂–µ–Ω–∏–µ. –†—è–¥–æ–º –Ω–∞—Ö–æ–¥–∏—Ç—Å—è –∫–æ—Ñ–µ–π–Ω—è –¢—Ä–µ–≤–µ–ª–µ—Ä—Å –∏ –≤ —Å–∞–º–æ–º –∑–¥–∞–Ω–∏–∏ –æ—Ç–µ–ª—è - –∫–æ—Ñ–µ–π–Ω—è –¶–µ–Ω—Ç—Ä–∞–ª—å–Ω–∞—è, –≥–¥–µ –º–æ–∂–Ω–æ –ø–æ–ª–Ω–æ—Ü–µ–Ω–Ω–æ , –≤–∫—É—Å–Ω–æ –∏ –ø–æ –ø—Ä–∏–µ–º–ª–µ–º–æ–π —Ü–µ–Ω–µ –ø–æ–∫—É—à–∞—Ç—å. –ó–∞—Å–µ–ª–µ–Ω–∏–µ –ø—Ä–æ—à–ª–æ –æ—á–µ–Ω—å –±—ã—Å—Ç—Ä–æ, –º–æ–≥—É –≤—ã—Å–æ–∫–æ –æ—Ü–µ–Ω–∏—Ç—å —Ä–∞–±–æ—Ç—É —Ä–µ—Å–µ–ø—à–Ω. –ú–æ–π –Ω–æ–º–µ—Ä –≤—ã—Ö–æ–¥–∏–ª –Ω–∞ –¥–æ—Ä–æ–≥—É , –æ–¥–Ω–∞–∫–æ –∫–∞–∫–æ–≥–æ —Ç–æ —Å–∏–ª—å–Ω–æ–≥–æ —à—É–º–∞ —è –Ω–µ –∑–∞–º–µ—Ç–∏–ª–∞. –£–±–æ—Ä–∫–∞ –∑–∞–º–µ—á–∞—Ç–µ–ª—å–Ω–∞—è, –æ—á–µ–Ω—å —á–∏—Å—Ç–∞—è –ø–æ—Å—Ç–µ–ª—å –∏ –ø–æ–ª–æ—Ç–µ–Ω—Ü–∞. –ö—Ä–æ–≤–∞—Ç—å —É–¥–æ–±–Ω–∞—è. –í–º–µ—Å—Ç–∏—Ç–µ–ª—å–Ω—ã–π —à–∫–∞—Ñ-–∫—É–ø–µ. –ò–º–µ–µ—Ç—Å—è –≥–ª–∞–¥–∏–ª—å–Ω–∞—è –¥–æ—Å–∫–∞, —É—Ç—é–≥, —Å–µ–π—Ñ, —á–∞–π–Ω–∏–∫, –ø—Ä–∏–Ω–∞–¥–ª–µ–∂–Ω–æ—Å—Ç–∏ –¥–ª—è —á–∞—è –∏ –∫–æ—Ñ–µ , –≤–æ–¥–∞ , –ø–∏—Å—å–º–µ–Ω–Ω—ã–π —Å—Ç–æ–ª. –í –≤–∞–Ω–Ω–æ–π –∫–æ–º–Ω–∞—Ç–µ –¥–æ—Å—Ç–∞—Ç–æ—á–Ω–æ–µ –∫–æ–ª–∏—á–µ—Å—Ç–≤–æ —Ç—É–∞–ª–µ—Ç–Ω—ã—Ö –ø—Ä–∏–Ω–∞–¥–ª–µ–∂–Ω–æ—Å—Ç–µ–π, –∫–∞–∂–¥—ã–π –¥–µ–Ω—å –≤—Å–µ –¥–æ–∫–ª–∞–¥—ã–≤–∞—é—Ç. –ó–∞–≤—Ç—Ä–∞–∫–∏ –æ—á–µ–Ω—å —Ä–∞–∑–Ω–æ–æ–±—Ä–∞–∑–Ω—ã–µ, –Ω–∞ –ª—é–±–æ–π –≤–∫—É—Å, –≤—Å–µ —Å–≤–µ–∂–µ–µ –∏ –≤–∫—É—Å–Ω–æ–µ. –û—á–µ–Ω—å —Ä–µ–∫–æ–º–µ–Ω–¥–∞—Ü–∏—é –≥–æ—Å—Ç–∏–Ω–∏—Ü—É –¥–ª—è –¥–µ–ª–æ–≤—ã—Ö –ø–æ–µ–∑–¥–æ–∫ !",,5,–º–∞—Ä—Ç 2019 –≥.,28 –º–∞—Ä—Ç–∞ 2019 –≥.,0,599lalay,https://www.tripadvisor.ru/Profile/599lalay,1,0,178,42,5,20,,–∞–≤–≥. 2014 –≥.
–¶–µ–Ω—Ç—Ä–∞–ª—å–Ω–∞—è,https://www.tripadvisor.ru/Restaurant_Review-g737147-d6186044-Reviews-Tsentralnaya-Barnaul_Altai_Krai_Siberian_District.html,"–õ–µ–Ω–∏–Ω–∞ –ø—Ä–æ—Å–ø–µ–∫—Ç, 57, –ë–∞—Ä–Ω–∞—É–ª 656049 –†–æ—Å—Å–∏—è",–†–µ—Å—Ç–æ—Ä–∞–Ω—ã,,–†–µ—Å—Ç–æ—Ä–∞–Ω—ã,91,–û—á–µ–Ω—å –≤–∫—É—Å–Ω–æ!,"–ü–æ—Å–µ—Ç–∏–ª–∏ –º–µ—Å—Ç–æ –≤ –æ–±–µ–¥–µ–Ω–Ω–æ–µ –≤—Ä–µ–º—è, –æ–±–∞ –∑–∞–ª–∞ –±—ã–ª–∏ –ø–æ—á—Ç–∏ –ø–æ–ª–Ω–æ—Å—Ç—å—é –∑–∞–ø–æ–ª–Ω–µ–Ω—ã. –ù–∞—à –∑–∞–∫–∞–∑: –¥–≤–∞ —Ü–µ–∑–∞—Ä—è —Å –∫—Ä–µ–≤–µ—Ç–∫–∞–º–∏, –∫—Ä–µ–º-—Å—É–ø –∏–∑ –±—Ä–æ–∫–∫–æ–ª–∏, –≥—Ä–µ—á–µ—Å–∫–∏–π –±—Ä–∞–Ω—á –∏ –¥–≤–∞ —Ä–∞—Ñ–∞ —Ü–∏—Ç—Ä—É—Å–æ–≤—ã–π –∏ —Å –º–∞—Ä—Ü–∏–ø–∞–Ω–æ–º. –ë–ª—é–¥–∞ –ø–æ–¥–∞–ª–∏ –æ—á–µ–Ω—å –±—ã—Å—Ç—Ä–æ! –í—Å–µ –æ—á–µ–Ω—å –∫—Ä–∞—Å–∏–≤–æ –∏ –≤–∫—É—Å–Ω–æ! –ü—Ä–æ—Å—Ç–æ 10 –∏–∑ 10. –ú–µ–Ω—é –∑–∞–≤—Ç—Ä–∞–∫–æ–≤ —Ä–∞–±–æ—Ç–∞–µ—Ç –≤—Å–µ –≤—Ä–µ–º—è (–∫—Ä–æ–º–µ –∫–∞—à). –ö–∞—á–µ—Å—Ç–≤–æ –∫–æ—Ñ–µ —è, –ø—Ä–∞–≤–¥–∞, –Ω–µ –æ—Ü–µ–Ω–∏–ª–∞, –Ω–æ –µ–¥–∞ –∏ –æ–±—Å–ª—É–∂–∏–≤–∞–Ω–∏–µ –∑–∞—Ç–º–∏–ª–æ –≤—Å–µ –Ω–µ–¥–æ—á–µ—Ç—ã. –†–µ–∫–æ–º–µ–Ω–¥—É—é –∫ –ø–æ—Å–µ—â–µ–Ω–∏—é!!!",,5,–º–∞—Ä—Ç 2019 –≥.,3 –º–∞—Ä—Ç–∞ 2019 –≥.,0,sveta2609,https://www.tripadvisor.ru/Profile/sveta2609,0,0,62,45,4,7,"–ë–µ–ª–æ–∫—É—Ä–∏—Ö–∞, –†–æ—Å—Å–∏—è",—Å–µ–Ω—Ç. 2017 –≥.
