–†–∏—Å –õ–∞–ø—à–∞,https://www.tripadvisor.ru/Restaurant_Review-g298516-d7810537-Reviews-Ris_Lapsha-Perm_Perm_Krai_Volga_District.html,"—É–ª. –ú–∏–ª—å—á–∞–∫–æ–≤–∞, 33, –ü–µ—Ä–º—å 614094 –†–æ—Å—Å–∏—è",–†–µ—Å—Ç–æ—Ä–∞–Ω—ã,,,79 –æ—Ç–∑—ã–≤–æ–≤,–í—Å—ë –ø–æ–Ω—Ä–∞–≤–∏–ª–æ—Å—å,"–°—Ç–æ–ª–∏–∫ –Ω—É–∂–Ω–æ –±—Ä–æ–Ω–∏—Ä–æ–≤–∞—Ç—å –∏ –Ω–µ –∑–∞–±—ã—Ç—å –¥–µ–Ω—å–≥–∏, –≤—Å—ë –æ—Å—Ç–∞–ª—å–Ω–æ–µ –¥–ª—è —á—É–¥–µ—Å–Ω–æ–≥–æ –≤–µ—á–µ—Ä–∞ —Å–¥–µ–ª–∞—é—Ç –Ω–∞ –º–µ—Å—Ç–µ. –ü–∞–Ω–∞–∑–∏–∞—Ç—Å–∫–∞—è –∫—É—Ö–Ω—è –Ω–∞ –æ—á–µ–Ω—å –ø—Ä–∏–ª–∏—á–Ω–æ–º —É—Ä–æ–≤–Ω–µ, –∞—Ç–º–æ—Å—Ñ–µ—Ä–∞ –∏ —É—Ä–æ–≤–µ–Ω—å –ø–µ—Ä—Å–æ–Ω–∞–ª–∞ –≤–æ–æ–±—â–µ –±–µ–∑ –Ω–∞—Ä–µ–∫–∞–Ω–∏–π. –û–¥–Ω–æ–∑–Ω–∞—á–Ω–æ —Å—Ç–æ–∏—Ç –ø–æ—Å–µ—Ç–∏—Ç—å!",tag,50,–î–∞—Ç–∞ –ø–æ—Å–µ—â–µ–Ω–∏—è: –∏—é–ª—å 2022 –≥.,9 –∏—é–ª—è 2022 –≥.,2  ,serriba,https://www.tripadvisor.ru/Profile/serriba,0,0,82,97,5,(27),"–ú–æ—Å–∫–≤–∞, –†–æ—Å—Å–∏—è",–í —Å–æ–æ–±—â–µ—Å—Ç–≤–µ —Å –∞–≤–≥. 2017 –≥.
–†–∏—Å –õ–∞–ø—à–∞,https://www.tripadvisor.ru/Restaurant_Review-g298516-d7810537-Reviews-Ris_Lapsha-Perm_Perm_Krai_Volga_District.html,"—É–ª. –ú–∏–ª—å—á–∞–∫–æ–≤–∞, 33, –ü–µ—Ä–º—å 614094 –†–æ—Å—Å–∏—è",–†–µ—Å—Ç–æ—Ä–∞–Ω—ã,,,9 –æ—Ç–∑—ã–≤–æ–≤,–ù—É –æ–æ–æ—á–µ–Ω—å –∫—Ä—É—Ç–æ!!!,"–≠—Ç–æ –∫–∞—Ñ–µ –ø—Ä–∏—è—Ç–Ω–æ —É–¥–∏–≤–∏–ª–æ –ø—Ä–∏–≤–µ—Ä–µ–¥–ª–∏–≤—ã—Ö –º–æ—Å–∫–≤–∏—á–µ–π! )) –ü–æ–Ω—Ä–∞–≤–∏–ª–æ—Å—å –≤—Å–µ: –∏–Ω—Ç–µ—Ä—å–µ—Ä-—É—é—Ç–Ω—ã–π –∏ —Å—Ç–∏–ª—å–Ω—ã–π; –æ–±—Å–ª—É–∂–∏–≤–∞–Ω–∏–µ-–¥–µ–≤–æ—á–∫–∏ –ø—Ä–æ—Å—Ç–æ –ø—Ä–µ–ª–µ—Å—Ç—å :) –ï—Å—Ç—å –¥–∞–∂–µ –∫—Ä–æ—à–∫–∞ –≥–∞—Ä–¥–µ—Ä–æ–± —Å –≥–∞—Ä–¥–µ—Ä–æ–±—â–∏—Ü–µ–π!! –í—Å–µ, —á—Ç–æ –∑–∞–∫–∞–∑–∞–ª–∏ –±—ã–ª–æ –æ–æ–æ—á–µ–Ω—å –≤–∫—É—Å–Ω–æ –∏ –Ω–∞ —É–¥–∏–≤–ª–µ–Ω–∏–µ –±—ã—Å—Ç—Ä–æ! )) —Å–ø–∞—Å–∏–±–æ –æ–≥—Ä–æ–º–Ω–æ–µ –∑–∞ —á—É–¥–µ—Å–Ω—ã–π –≤–µ—á–µ—Ä :)",tag,50,–î–∞—Ç–∞ –ø–æ—Å–µ—â–µ–Ω–∏—è: —è–Ω–≤–∞—Ä—å 2022 –≥.,10 —è–Ω–≤–∞—Ä—è 2022 –≥.,1  ,N2090BM_,https://www.tripadvisor.ru/Profile/N2090BM_,0,0,10,9,2,(9),"–ú–æ—Å–∫–≤–∞, –†–æ—Å—Å–∏—è",–í —Å–æ–æ–±—â–µ—Å—Ç–≤–µ —Å —Ñ–µ–≤—Ä. 2015 –≥.
–†–∏—Å –õ–∞–ø—à–∞,https://www.tripadvisor.ru/Restaurant_Review-g298516-d7810537-Reviews-Ris_Lapsha-Perm_Perm_Krai_Volga_District.html,"—É–ª. –ú–∏–ª—å—á–∞–∫–æ–≤–∞, 33, –ü–µ—Ä–º—å 614094 –†–æ—Å—Å–∏—è",–†–µ—Å—Ç–æ—Ä–∞–Ω—ã,,,34 –æ—Ç–∑—ã–≤–∞,–°–ø–∞—Å–∏–±–æ –†–∏—Å–ª–∞–ø—à–∞,"–ë—ã–ª–∏ –≤ –†–∏—Å–ª–∞–ø—à–∞ –Ω–∞ –ü–µ—Ä–º—Å–∫–æ–π —É–ª–∏—Ü–µ, 11. –í—Å—ë –æ—á–µ–Ω—å –ø–æ–Ω—Ä–∞–≤–∏–ª–æ—Å—å: –∏–Ω—Ç–µ—Ä—å–µ—Ä –∏ –æ–±—Å—Ç–∞–Ω–æ–≤–∫–∞, –æ–±—Å–ª—É–∂–∏–≤–∞–Ω–∏–µ, –∫—É—Ö–Ω—è. –ë—Ä–∞–ª–∏ —Å—É–ø —Ç–µ–º–∞—Ä–∏, —è–ø–æ–Ω—Å–∫–∏–µ –ø–µ–ª—å–º–µ–Ω–∏ —Å —Ç–µ–ª—è—Ç–∏–Ω–æ–π –∏ —Ä–∏—Å —Å –ª–æ—Å–æ—Å–µ–º - –æ—á–µ–Ω—å –≤–∫—É—Å–Ω–æ. –ü–æ —Ü–µ–Ω–∞–º —Ç–æ–∂–µ –¥–æ—Å—Ç—É–ø–Ω–æ. –û–±—è–∑–∞—Ç–µ–ª—å–Ω–æ –∑–∞–π–¥—É –µ—â—ë –ø—Ä–∏ –ø–æ—Å–µ—â–µ–Ω–∏–∏ –ü–µ—Ä–º–∏.",tag,50,,14 –Ω–æ—è–±—Ä—è 2020 –≥.,0,saranskyva,https://www.tripadvisor.ru/Profile/saranskyva,1,0,121,23,5,(16),"–ü–æ–¥–æ–ª—å—Å–∫, –†–æ—Å—Å–∏—è",–í —Å–æ–æ–±—â–µ—Å—Ç–≤–µ —Å –Ω–æ—è–±. 2018 –≥.
–†–∏—Å –õ–∞–ø—à–∞,https://www.tripadvisor.ru/Restaurant_Review-g298516-d7810537-Reviews-Ris_Lapsha-Perm_Perm_Krai_Volga_District.html,"—É–ª. –ú–∏–ª—å—á–∞–∫–æ–≤–∞, 33, –ü–µ—Ä–º—å 614094 –†–æ—Å—Å–∏—è",–†–µ—Å—Ç–æ—Ä–∞–Ω—ã,,,12 –æ—Ç–∑—ã–≤–æ–≤,–ö–∞–º–∏–ª—å—Ñ–æ!,"–í—Å–µ –≤ –æ–¥–Ω–æ–º —Å–ª–æ–≤–µ —Å–ª–æ–≤–µ. –ö–∞–º–∏–ª—å—Ñ–æ —Å —Ñ—Ä–∞–Ω—Ü—É–∑—Å–∫–æ–≥–æ –ø–µ—Ä–µ–≤–æ–¥–∏—Ç—å—Å—è ¬´–∫–∞–∫ —Å–ª–µ–¥—É–µ—Ç, –∫–∞–∫ –Ω–∞–¥–æ, –ø–æ–¥–æ–±–∞—é—â–∏–º –æ–±—Ä–∞–∑–æ–º¬ª. –ò–Ω—Ç–µ—Ä—å–µ—Ä —É—é—Ç–Ω—ã–π, –ø—Ä–æ—Å—Ç–æ—Ä–Ω—ã–π. –¶–µ–Ω–∞ - —Ä–∞–∑–º–µ—Ä –ø–æ—Ä—Ü–∏–∏ –ø–æ—Ä–∞–¥—É—é—Ç –ª—é–±–æ–≥–æ –Ω–æ—Ä–º–∞–ª—å–Ω–æ–≥–æ –º—É–∂—á–∏–Ω—É. –ö—É—Ö–Ω—è —Ä–∞–±–æ—Ç–∞–µ—Ç –±—ã—Å—Ç—Ä–æ, –≤–∫—É—Å–Ω–æ, –∫–∞—á–µ—Å—Ç–≤–µ–Ω–Ω–æ. –û–±—Å–ª—É–∂–∏–≤–∞–Ω–∏–µ –Ω–µ–Ω–∞–≤—è–∑—á–∏–≤–æ–µ, –≤–Ω–∏–º–∞—Ç–µ–ª—å–Ω–æ–µ.",tag,50,–î–∞—Ç–∞ –ø–æ—Å–µ—â–µ–Ω–∏—è: —è–Ω–≤–∞—Ä—å 2020 –≥.,12 —Ñ–µ–≤—Ä–∞–ª—è 2020 –≥.,2  ,TheDimonpermnl,https://www.tripadvisor.ru/Profile/TheDimonpermnl,0,0,12,15,3,(8),"–ü–µ—Ä–º—å, –†–æ—Å—Å–∏—è",–í —Å–æ–æ–±—â–µ—Å—Ç–≤–µ —Å –∞–ø—Ä. 2015 –≥.
–†–∏—Å –õ–∞–ø—à–∞,https://www.tripadvisor.ru/Restaurant_Review-g298516-d7810537-Reviews-Ris_Lapsha-Perm_Perm_Krai_Volga_District.html,"—É–ª. –ú–∏–ª—å—á–∞–∫–æ–≤–∞, 33, –ü–µ—Ä–º—å 614094 –†–æ—Å—Å–∏—è",–†–µ—Å—Ç–æ—Ä–∞–Ω—ã,,,3 –æ—Ç–∑—ã–≤–∞,–û–±—Å–ª—É–∂–∏–≤–∞–Ω–∏–µ –∏ –∫—É—Ö–Ω—è,"–°—Ä–∞–∑—É –∑–∞–º–µ—Ç–Ω–æ, —á—Ç–æ —Å–ª–µ–¥—è—Ç –∑–∞ –∫–∞—á–µ—Å—Ç–≤–æ–º –∫—É—Ö–Ω–∏, –∏ –æ–±—Å–ª—É–∂–∏–≤–∞–Ω–∏–µ –Ω–µ–ø–ª–æ—Ö–æ–µ. –í–µ–¥—ë—Ç—Å—è –æ—Ç–ª–∏—á–Ω–∞—è —Ä–∞–±–æ—Ç–∞ —Å –∏–Ω—Ç–µ—Ä—å–µ—Ä–æ–º, –≤ –∑–∞–≤–µ–¥–µ–Ω–∏–∏ –ø—Ä–∏—è—Ç–Ω–æ –∏ —á–∏—Å—Ç–æ",tag,50,–î–∞—Ç–∞ –ø–æ—Å–µ—â–µ–Ω–∏—è: –¥–µ–∫–∞–±—Ä—å 2019 –≥.,21 –¥–µ–∫–∞–±—Ä—è 2019 –≥.,,shmelyag,https://www.tripadvisor.ru/Profile/shmelyag,0,0,5,0,1,(1),–í —Å–æ–æ–±—â–µ—Å—Ç–≤–µ —Å —Å–µ–Ω—Ç. 2019 –≥.,
–†–∏—Å –õ–∞–ø—à–∞,https://www.tripadvisor.ru/Restaurant_Review-g298516-d7810537-Reviews-Ris_Lapsha-Perm_Perm_Krai_Volga_District.html,"—É–ª. –ú–∏–ª—å—á–∞–∫–æ–≤–∞, 33, –ü–µ—Ä–º—å 614094 –†–æ—Å—Å–∏—è",–†–µ—Å—Ç–æ—Ä–∞–Ω—ã,,,4 –æ—Ç–∑—ã–≤–∞,–ª—É—á—à–∞—è –ê–∑–∏—è –≤ –ü–µ—Ä–º–∏,"–û—á–µ–Ω—å –≤–∫—É—Å–Ω—ã–µ –±–ª—é–¥–∞. –°—Ç–æ–∏—Ç –ø–æ–ø—Ä–æ–±–æ–≤–∞—Ç—å –º–Ω–æ–≥–æ–µ –≤ –º–µ–Ω—é. –û–¥–Ω–æ –∏–∑ –ª—É—á—à–∏—Ö –∫–∞—Ñ–µ –≥–æ—Ä–æ–¥–∞. –ò–Ω—Ç–µ—Ä–µ—Å–Ω–æ–µ –æ—Ñ–æ—Ä–º–ª–µ–Ω–∏–µ. –°—Ç–æ–ª –ª—É—á—à–µ –∑–∞–∫–∞–∑—ã–≤–∞—Ç—å –∑–∞—Ä–∞–Ω–µ–µ, –ø–æ–ª—å–∑—É–µ—Ç—Å—è –±–æ–ª—å—à–∏–º —Å–ø—Ä–æ—Å–æ–º.",tag,50,–î–∞—Ç–∞ –ø–æ—Å–µ—â–µ–Ω–∏—è: –æ–∫—Ç—è–±—Ä—å 2019 –≥.,6 –Ω–æ—è–±—Ä—è 2019 –≥.,1  ,JuliaButolina,https://www.tripadvisor.ru/Profile/JuliaButolina,0,0,4,10,1,(2),–í —Å–æ–æ–±—â–µ—Å—Ç–≤–µ —Å –æ–∫—Ç. 2019 –≥.,
–†–∏—Å –õ–∞–ø—à–∞,https://www.tripadvisor.ru/Restaurant_Review-g298516-d7810537-Reviews-Ris_Lapsha-Perm_Perm_Krai_Volga_District.html,"—É–ª. –ú–∏–ª—å—á–∞–∫–æ–≤–∞, 33, –ü–µ—Ä–º—å 614094 –†–æ—Å—Å–∏—è",–†–µ—Å—Ç–æ—Ä–∞–Ω—ã,,,5 –æ—Ç–∑—ã–≤–æ–≤,–í–∫—É—Å–Ω–∞—è –µ–¥–∞,"–ú–Ω–æ–≥–æ —Ä–∞–∑ –±—ã–ª–∏ –≤ —ç—Ç–æ–º –∑–∞–≤–µ–¥–µ–Ω–∏ , —Ç–∞–∫–∂–µ —É–¥–æ–±–Ω–∞—è –æ–ø—Ü–∏—è- –∑–∞–∫–∞–∑–∞—Ç—å –ø–æ —Ç–µ–ª–µ—Ñ–æ–Ω—É –∏ –∑–∞–±—Ä–∞—Ç—å –¥–æ–º–æ–π. –ì–æ—Ç–æ–≤—è—Ç –≤–∫—É—Å–Ω–æ –±—ã—Å—Ç—Ä–æ, –≤—Å–µ —Å–≤–µ–∂–µ–µ.",tag,50,–î–∞—Ç–∞ –ø–æ—Å–µ—â–µ–Ω–∏—è: —Å–µ–Ω—Ç—è–±—Ä—å 2019 –≥.,31 –æ–∫—Ç—è–±—Ä—è 2019 –≥.,1  ,homyak40,https://www.tripadvisor.ru/Profile/homyak40,0,0,5,12,2,(1),"–¢–æ–º—Å–∫, –†–æ—Å—Å–∏—è",–í —Å–æ–æ–±—â–µ—Å—Ç–≤–µ —Å –º–∞–π 2017 –≥.
–†–∏—Å –õ–∞–ø—à–∞,https://www.tripadvisor.ru/Restaurant_Review-g298516-d7810537-Reviews-Ris_Lapsha-Perm_Perm_Krai_Volga_District.html,"—É–ª. –ú–∏–ª—å—á–∞–∫–æ–≤–∞, 33, –ü–µ—Ä–º—å 614094 –†–æ—Å—Å–∏—è",–†–µ—Å—Ç–æ—Ä–∞–Ω—ã,,,3 –æ—Ç–∑—ã–≤–∞,–í–∫—É—Å–Ω–∞—è –ª–∞–ø—à–∞,"–õ—é–±–ª—é —ç—Ç–æ –º–µ—Å—Ç–æ, —Ö–æ—á–µ—Ç—Å—è –≤–æ–∑–≤—Ä–∞—â–∞—Ç—å—Å—è, —Ç–∞–∫ –∫–∞–∫ –æ—á–µ–Ω—å –≤–∫—É—Å–Ω–æ. –†–µ–∫–æ–º–µ–Ω–¥—É—é –∫ –ø–æ—Å–µ—â–µ–Ω–∏—é, –∫—Ç–æ –µ—â—ë –Ω–µ –±—ã–ª)",tag,50,–î–∞—Ç–∞ –ø–æ—Å–µ—â–µ–Ω–∏—è: –æ–∫—Ç—è–±—Ä—å 2019 –≥.,3 –æ–∫—Ç—è–±—Ä—è 2019 –≥.,,–ö–æ—Ç –ú,https://www.tripadvisor.ru/Profile/_X8636KQ,0,0,3,4,1,(1),–í —Å–æ–æ–±—â–µ—Å—Ç–≤–µ —Å –∞–≤–≥. 2019 –≥.,
–†–∏—Å –õ–∞–ø—à–∞,https://www.tripadvisor.ru/Restaurant_Review-g298516-d7810537-Reviews-Ris_Lapsha-Perm_Perm_Krai_Volga_District.html,"—É–ª. –ú–∏–ª—å—á–∞–∫–æ–≤–∞, 33, –ü–µ—Ä–º—å 614094 –†–æ—Å—Å–∏—è",–†–µ—Å—Ç–æ—Ä–∞–Ω—ã,,,10 –æ—Ç–∑—ã–≤–æ–≤,–•–æ—Ä–æ—à–µ–µ –º–µ—Å—Ç–µ—á–∫–æ,"–í—Å–µ –±–ª—é–¥–∞ –±—ã–ª–∏ –±–æ–ª—å—à–∏–º–∏ –∏ –≤–∫—É—Å–Ω—ã–º–∏. –û—á–µ–Ω—å –ø—Ä–∏—è—Ç–Ω–æ , —á—Ç–æ –≤ –ü–µ—Ä–º–∏ –º–æ–∂–Ω–æ –≤–∫—É—Å–Ω–æ –ø–æ–µ—Å—Ç—å. –°–ø–∞—Å–∏–±–æ –≤–ª–∞–¥–µ–ª—å—Ü–∞–º –∑–∞ —Å—Ç–æ–ª—å —á—É–¥–Ω–æ–µ –º–µ—Å—Ç–µ—á–∫–æ.",tag,50,–î–∞—Ç–∞ –ø–æ—Å–µ—â–µ–Ω–∏—è: –∞–≤–≥—É—Å—Ç 2019 –≥.,20 –∞–≤–≥—É—Å—Ç–∞ 2019 –≥.,1  ,–ï–ª–µ–Ω–∞ –õ,https://www.tripadvisor.ru/Profile/V4172MI_,0,0,19,14,3,(8),–†–æ—Å—Å–∏—è,–í —Å–æ–æ–±—â–µ—Å—Ç–≤–µ —Å –∞–≤–≥. 2017 –≥.
–†–∏—Å –õ–∞–ø—à–∞,https://www.tripadvisor.ru/Restaurant_Review-g298516-d7810537-Reviews-Ris_Lapsha-Perm_Perm_Krai_Volga_District.html,"—É–ª. –ú–∏–ª—å—á–∞–∫–æ–≤–∞, 33, –ü–µ—Ä–º—å 614094 –†–æ—Å—Å–∏—è",–†–µ—Å—Ç–æ—Ä–∞–Ω—ã,,,5 –æ—Ç–∑—ã–≤–æ–≤,–õ—É—á—à–∞—è –ø–∞–Ω–∞–∑–∏–∞—Ç—Å–∫–∞—è –∫—É—Ö–Ω—è!!!,"–û—á–µ–Ω—å –≤–∫—É—Å–Ω–æ, –¥–ª—è —Ç–∞–∫–æ–≥–æ –∫–∞—á–µ—Å—Ç–≤–∞ —Ü–µ–Ω–∞ –ø—Ä–∏–µ–º–ª–µ–º–∞. –£–¥–æ–±–Ω–æ–µ –º–µ—Å—Ç–æ —Ä–∞—Å–ø–æ–ª–æ–∂–µ–Ω–∏–µ, –µ—Å—Ç—å —Å–≤–æ—è –ø–∞—Ä–∫–æ–≤–∫–∞. –°—Ç–æ–ª–∏–∫ –Ω—É–∂–Ω–æ –∑–∞–∫–∞–∑—ã–≤–∞—Ç—å –∑–∞—Ä–∞–Ω–µ–µ.",tag,50,–î–∞—Ç–∞ –ø–æ—Å–µ—â–µ–Ω–∏—è: –∏—é–ª—å 2019 –≥.,8 –∞–≤–≥—É—Å—Ç–∞ 2019 –≥.,1  ,EvgeniyElena,https://www.tripadvisor.ru/Profile/EvgeniyElena,0,0,5,7,2,(2),–í —Å–æ–æ–±—â–µ—Å—Ç–≤–µ —Å —Ñ–µ–≤—Ä. 2019 –≥.,
–†–∏—Å –õ–∞–ø—à–∞,https://www.tripadvisor.ru/Restaurant_Review-g298516-d7810537-Reviews-Ris_Lapsha-Perm_Perm_Krai_Volga_District.html,"—É–ª. –ú–∏–ª—å—á–∞–∫–æ–≤–∞, 33, –ü–µ—Ä–º—å 614094 –†–æ—Å—Å–∏—è",–†–µ—Å—Ç–æ—Ä–∞–Ω—ã,,,3 –æ—Ç–∑—ã–≤–∞,–û–¥–Ω–æ –∏–∑ –ª—É—á—à–∏—Ö –∑–∞–≤–µ–¥–µ–Ω–∏–π –≤ –≥–æ—Ä–æ–¥–µ,–û–±—Å–ª—É–∂–∏–≤–∞–Ω–∏–µ –Ω–µ–≤–µ—Ä–æ—è—Ç–Ω–æ–µ. –ö–∞—á–µ—Å—Ç–≤–æ –ø—Ä–æ–¥—É–∫—Ç–æ–≤ - 146%. –í–∫—É—Å–Ω–æ –±–µ–∑—É–º–Ω–æ. –í—Å—ë. –û–±—ä–µ–ª–∏ –≤—Å—ë –º–µ–Ω—é. –ù–∞ —á–µ—Ç–≤–µ—Ä–æ—á–∫—É –≤—Å–µ–≥–æ –æ–¥–Ω–æ –±–ª—é–¥–æ),tag,50,–î–∞—Ç–∞ –ø–æ—Å–µ—â–µ–Ω–∏—è: –∏—é–ª—å 2019 –≥.,21 –∏—é–ª—è 2019 –≥.,2  ,Moinho_Mundo,https://www.tripadvisor.ru/Profile/Moinho_Mundo,0,0,3,2,1,(3),"–ü–µ—Ä–º—å, –†–æ—Å—Å–∏—è",–í —Å–æ–æ–±—â–µ—Å—Ç–≤–µ —Å –∏—é–Ω—å 2017 –≥.
–†–∏—Å –õ–∞–ø—à–∞,https://www.tripadvisor.ru/Restaurant_Review-g298516-d7810537-Reviews-Ris_Lapsha-Perm_Perm_Krai_Volga_District.html,"—É–ª. –ú–∏–ª—å—á–∞–∫–æ–≤–∞, 33, –ü–µ—Ä–º—å 614094 –†–æ—Å—Å–∏—è",–†–µ—Å—Ç–æ—Ä–∞–Ω—ã,,,5 –æ—Ç–∑—ã–≤–æ–≤,–•–æ—Ä–æ—à–∏–π –æ–±–µ–¥ –∑–∞ –∞–¥–µ–∫–≤–∞—Ç–Ω—É—é —Å—Ç–æ–∏–º–æ—Å—Ç—å,"–†–µ–∫–æ–º–µ–Ω–¥—É—é –ø–æ—Å–µ—Ç–∏—Ç—å. –•–æ—Ä–æ—à–∞—è –∫—É—Ö–Ω—è, –æ–±—Å–ª—É–∂–∏–≤–∞–Ω–∏–µ. –ò–Ω—Ç–µ—Ä—å–µ—Ä –Ω–µ –æ—Ç–≤–ª–µ–∫–∞–µ—Ç –æ—Ç —Ç—Ä–∞–ø–µ–∑—ã. –°—Ç–æ–ª–∏–∫ –ª—É—á—à–µ –∑–∞–∫–∞–∑—ã–≤–∞—Ç—å –∑–∞—Ä–∞–Ω–µ–µ.",tag,50,–î–∞—Ç–∞ –ø–æ—Å–µ—â–µ–Ω–∏—è: –∏—é–ª—å 2018 –≥.,5 –∏—é–Ω—è 2019 –≥.,1  ,Voyager406428,https://www.tripadvisor.ru/Profile/Voyager406428,0,1,5,4,2,(24),–í —Å–æ–æ–±—â–µ—Å—Ç–≤–µ —Å –Ω–æ—è–±. 2012 –≥.,
–†–∏—Å –õ–∞–ø—à–∞,https://www.tripadvisor.ru/Restaurant_Review-g298516-d7810537-Reviews-Ris_Lapsha-Perm_Perm_Krai_Volga_District.html,"—É–ª. –ú–∏–ª—å—á–∞–∫–æ–≤–∞, 33, –ü–µ—Ä–º—å 614094 –†–æ—Å—Å–∏—è",–†–µ—Å—Ç–æ—Ä–∞–Ω—ã,,,4 –æ—Ç–∑—ã–≤–∞,–í—Å–µ–≥–¥–∞ –æ—á–µ–Ω—å –≤–∫—É—Å–Ω–æ,"–û—Ç–º–µ—Ç–∏–ª–∏ –î–µ–Ω—å —Ä–æ–∂–¥–µ–Ω–∏–µ —Å–µ—Å—Ç—Ä—ã, –≤—Å–µ –±—ã–ª–∏ –≤ –≤–æ—Å—Ç–æ—Ä–≥–µ –æ—Ç —É—é—Ç–Ω–æ–π –æ–±—Å—Ç–∞–Ω–æ–≤–∫–∏, –≤–∫—É—Å–Ω–æ–π –µ–¥—ã –∏ –ø—Ä–∏—è—Ç–Ω–æ–≥–æ –æ–±—Å–ª—É–∂–∏–≤–∞–Ω–∏—è!!!!",tag,50,–î–∞—Ç–∞ –ø–æ—Å–µ—â–µ–Ω–∏—è: –º–∞–π 2019 –≥.,16 –º–∞—è 2019 –≥.,2  ,lenamich,https://www.tripadvisor.ru/Profile/lenamich,0,0,4,3,1,(2),"–ü–µ—Ä–º—å, –†–æ—Å—Å–∏—è",–í —Å–æ–æ–±—â–µ—Å—Ç–≤–µ —Å —è–Ω–≤. 2018 –≥.
–†–∏—Å –õ–∞–ø—à–∞,https://www.tripadvisor.ru/Restaurant_Review-g298516-d7810537-Reviews-Ris_Lapsha-Perm_Perm_Krai_Volga_District.html,"—É–ª. –ú–∏–ª—å—á–∞–∫–æ–≤–∞, 33, –ü–µ—Ä–º—å 614094 –†–æ—Å—Å–∏—è",–†–µ—Å—Ç–æ—Ä–∞–Ω—ã,,,5 –æ—Ç–∑—ã–≤–æ–≤,must see,"–ü—Ä–∏—à–ª–æ—Å—å –ø–æ–¥–æ–∂–¥–∞—Ç—å –æ—Ç–∫—Ä—ã—Ç–∏—è, –Ω–æ –Ω–µ –∑—Ä—è. –û—á–µ–Ω—å –≤–∫—É—Å–Ω–∞—è –µ–¥–∞, —Ö–æ—Ä–æ—à–µ–µ –æ–±—Å–ª—É–∂–∏–≤–∞–Ω–∏–µ –∏ —Å–æ–≤—Ä–µ–º–µ–Ω–Ω—ã–π –∏–Ω—Ç–µ—Ä—å–µ—Ä. –ù–µ–º–∞–ª–æ–≤–∞–∂–Ω–æ: –∫–æ–º–ø–ª–∏–º–µ–Ω—Ç –≤ –≤–∏–¥–µ –ø–æ–ª–Ω–æ—Ü–µ–Ω–Ω–æ–π —Ö–æ–ª–æ–¥–Ω–æ–π –∑–∞–∫—É—Å–∫–∏",tag,50,–î–∞—Ç–∞ –ø–æ—Å–µ—â–µ–Ω–∏—è: –∞–≤–≥—É—Å—Ç 2018 –≥.,14 –∞–ø—Ä–µ–ª—è 2019 –≥.,3  ,iamlastochkina,https://www.tripadvisor.ru/Profile/iamlastochkina,0,0,7,10,2,(5),"–ü–µ—Ä–º—å, –†–æ—Å—Å–∏—è",–í —Å–æ–æ–±—â–µ—Å—Ç–≤–µ —Å –∏—é–ª—å 2016 –≥.
–†–∏—Å –õ–∞–ø—à–∞,https://www.tripadvisor.ru/Restaurant_Review-g298516-d7810537-Reviews-Ris_Lapsha-Perm_Perm_Krai_Volga_District.html,"—É–ª. –ú–∏–ª—å—á–∞–∫–æ–≤–∞, 33, –ü–µ—Ä–º—å 614094 –†–æ—Å—Å–∏—è",–†–µ—Å—Ç–æ—Ä–∞–Ω—ã,,,1 –æ—Ç–∑—ã–≤,–û—Ç–ª–∏—á–Ω–æ–µ –º–µ—Å—Ç–æ,"–ü—Ä–µ–∫—Ä–∞—Å–Ω–æ–µ –∑–∞–≤–µ–¥–µ–Ω–∏–µ. –ò–Ω—Ç–µ—Ä—å–µ—Ä –æ—á–µ–Ω—å –∫—Ä–∞—Å–∏–≤—ã–π, —Å—Ç–∏–ª—å–Ω—ã–π. –û—á–µ–Ω—å –≤–µ–∂–ª–∏–≤—ã–π –∏ –≤–Ω–∏–º–∞—Ç–µ–ª—å–Ω—ã–π –ø–µ—Ä—Å–æ–æ–Ω–∞–ª. –†–µ–±—è—Ç–∞ —Å—Ç–∞—Ä–∞—é—Ç—Å—è, —ç—Ç–æ –≤–∏–¥–Ω–æ. –†–µ–¥–∫–æ –∫–æ–≥–¥–∞ –Ω–∞—Å—Ç–æ–ª—å–∫–æ –Ω—Ä–∞–≤–∏—Ç—Å—è –æ–±—Å–ª—É–∂–∏–≤–∞–Ω–∏–µ. –ë–ª—é–¥–∞ –≤–∫—É—Å–Ω—ã–µ, –Ω–∞–ø–∏—Ç–∫–∏ –Ω–∞ –≤—ã—Å–æ—Ç–µ, –æ—Å–æ–±–µ–Ω–Ω–æ –∞–ª–∫–æ–≥–æ–ª—å–Ω—ã–µ. –û—á–µ–Ω—å –ø–æ–Ω—Ä–∞–≤–∏–ª–æ—Å—å, –æ–±—è–∑–∞—Ç–µ–ª—å–Ω–æ –ø—Ä–∏–¥–µ–º –µ—â–µ.",tag,50,–î–∞—Ç–∞ –ø–æ—Å–µ—â–µ–Ω–∏—è: –º–∞—Ä—Ç 2019 –≥.,29 –º–∞—Ä—Ç–∞ 2019 –≥.,3  ,VeronikaPS,https://www.tripadvisor.ru/Profile/VeronikaPS,0,0,1,3,0,(1),–í —Å–æ–æ–±—â–µ—Å—Ç–≤–µ —Å –º–∞—Ä—Ç 2019 –≥.,
–†–∏—Å –õ–∞–ø—à–∞,https://www.tripadvisor.ru/Restaurant_Review-g298516-d7810537-Reviews-Ris_Lapsha-Perm_Perm_Krai_Volga_District.html,"—É–ª. –ú–∏–ª—å—á–∞–∫–æ–≤–∞, 33, –ü–µ—Ä–º—å 614094 –†–æ—Å—Å–∏—è",–†–µ—Å—Ç–æ—Ä–∞–Ω—ã,,,3 –æ—Ç–∑—ã–≤–∞,–õ—é–±–∏–º—ã–π —Ä–µ—Å—Ç–æ—Ä–∞–Ω,"–í—Å–µ–≥–¥–∞ –æ—á–µ–Ω—å –≤–∫—É—Å–Ω–æ, –ø—Ä–∏–Ω–æ—Å—è—Ç –±–ª—é–¥–∞ –±—ã—Å—Ç—Ä–æ. –õ—É—á—à–µ–µ –æ–±—Å–ª—É–∂–∏–≤–∞–Ω–∏–µ, –±–µ–∑ –Ω–∞—Ä–µ–∫–∞–Ω–∏–π. –û—Ç–º–µ—á–∞–µ–º –≤—Å–µ –ø—Ä–∞–∑–¥–Ω–∏–∫–∏ —Ç–æ–ª—å–∫–æ –≤ —Ä–∏—Å –ª–∞–ø—à–µ‚ù§Ô∏è",tag,50,,26 —è–Ω–≤–∞—Ä—è 2019 –≥.,0,InessaPavlova,https://www.tripadvisor.ru/Profile/InessaPavlova,0,0,23,2,2,(3),"–ü–µ—Ä–º—å, –†–æ—Å—Å–∏—è",–í —Å–æ–æ–±—â–µ—Å—Ç–≤–µ —Å —Å–µ–Ω—Ç. 2018 –≥.
–†–∏—Å –õ–∞–ø—à–∞,https://www.tripadvisor.ru/Restaurant_Review-g298516-d7810537-Reviews-Ris_Lapsha-Perm_Perm_Krai_Volga_District.html,"—É–ª. –ú–∏–ª—å—á–∞–∫–æ–≤–∞, 33, –ü–µ—Ä–º—å 614094 –†–æ—Å—Å–∏—è",–†–µ—Å—Ç–æ—Ä–∞–Ω—ã,,,5 –æ—Ç–∑—ã–≤–æ–≤,–ï–¥–∞ –æ—Ç–ª–∏—á–Ω–æ–≥–æ –∫–∞—á–µ—Å—Ç–≤–∞.,"–û—á–µ–Ω—å –ª—é–±–ª—é —ç—Ç–æ –º–µ—Å—Ç–æ. –õ—é–±–∏–º–æ–µ –±–ª—é–¥–æ- —Å–∞–ª–∞—Ç —Å —Å–µ–º–≥–æ–π –∏ –º–∞–Ω–≥–æ. –•–æ—Ä–æ—à–µ–≥–æ –∫–∞—á–µ—Å—Ç–≤–∞ —Ä–æ–ª–ª—ã. –í–æ–æ–±—â–µ –Ω—Ä–∞–≤–∏—Ç—Å—è –≤—Å—ë! –ë—ã–≤–∞–ª–∞ –±—ã —Ç–∞–º —á–∞—â–µ, –Ω–æ –≤ –≤—ã—Ö–æ–¥–Ω—ã–µ –Ω–µ–≤–æ–∑–º–æ–∂–Ω–æ –ø–æ–ø–∞—Å—Ç—å –±–µ–∑ –ø—Ä–µ–¥–≤–∞—Ä–∏—Ç–µ–ª—å–Ω–æ –∑–∞–∫–∞–∑–∞–Ω–Ω–æ–≥–æ —Å—Ç–æ–ª–∏–∫–∞) –û—á–µ–Ω—å –ø—Ä–æ—à—É –Ω–µ —Å–Ω–∏–∂–∞—Ç—å –ø–ª–∞–Ω–∫—É)",tag,50,–î–∞—Ç–∞ –ø–æ—Å–µ—â–µ–Ω–∏—è: –Ω–æ—è–±—Ä—å 2018 –≥.,26 —è–Ω–≤–∞—Ä—è 2019 –≥.,1  ,perm-lana,https://www.tripadvisor.ru/Profile/perm-lana,0,0,5,4,2,(40),–í —Å–æ–æ–±—â–µ—Å—Ç–≤–µ —Å —è–Ω–≤. 2019 –≥.,
–†–∏—Å –õ–∞–ø—à–∞,https://www.tripadvisor.ru/Restaurant_Review-g298516-d7810537-Reviews-Ris_Lapsha-Perm_Perm_Krai_Volga_District.html,"—É–ª. –ú–∏–ª—å—á–∞–∫–æ–≤–∞, 33, –ü–µ—Ä–º—å 614094 –†–æ—Å—Å–∏—è",–†–µ—Å—Ç–æ—Ä–∞–Ω—ã,,,49 –æ—Ç–∑—ã–≤–æ–≤,–í—Å–µ–≥–¥–∞ –≤–∫—É—Å–Ω–æ –∏ –±—ã—Å—Ç—Ä–æ,"–û–±–æ–∂–∞—é —ç—Ç–æ—Ç —Ä–µ—Å—Ç–æ—Ä–∞–Ω—á–∏–∫. –û–Ω –æ—á–µ–Ω—å —É—é—Ç–Ω—ã–π , –Ω–µ–±–æ–ª—å—à–æ–π, –Ω–∞ –ø–∞—Ä–∫–æ–≤–∫–µ –≤—Å–µ–≥–¥–∞ –µ—Å—Ç—å –º–µ—Å—Ç–µ—á–∫–æ. –û–±—Å–ª—É–∂–∏–≤–∞–Ω–∏–µ –æ—á–µ–Ω—å –±—ã—Å—Ç—Ä–æ–µ, –≤—Å–µ–º –∫—Ç–æ –ª—é–±–∏—Ç –±–ª—é–¥–∞ –∏–∑ —Ä–∏—Å–∞ –∏ –ª–∞–ø—à–∏ –æ—á–µ–Ω—å —Ä–µ–∫–æ–º–µ–Ω–¥—É—é",tag,50,–î–∞—Ç–∞ –ø–æ—Å–µ—â–µ–Ω–∏—è: –¥–µ–∫–∞–±—Ä—å 2018 –≥.,27 –¥–µ–∫–∞–±—Ä—è 2018 –≥.,1  ,NatEvgLep,https://www.tripadvisor.ru/Profile/NatEvgLep,1,2,137,37,5,(16),"–ü–µ—Ä–º—å, –†–æ—Å—Å–∏—è",–í —Å–æ–æ–±—â–µ—Å—Ç–≤–µ —Å —è–Ω–≤. 2015 –≥.
–†–∏—Å –õ–∞–ø—à–∞,https://www.tripadvisor.ru/Restaurant_Review-g298516-d7810537-Reviews-Ris_Lapsha-Perm_Perm_Krai_Volga_District.html,"—É–ª. –ú–∏–ª—å—á–∞–∫–æ–≤–∞, 33, –ü–µ—Ä–º—å 614094 –†–æ—Å—Å–∏—è",–†–µ—Å—Ç–æ—Ä–∞–Ω—ã,,,6 –æ—Ç–∑—ã–≤–æ–≤,–£–∂–∏–Ω —Å –¥—Ä—É–∑—å—è–º–∏,"–û—á–µ–Ω—å —á–∞—Å—Ç–æ –±—ã–≤–∞–µ–º –≤ —ç—Ç–æ–º –∑–∞–≤–µ–¥–µ–Ω–∏–∏. –ò –æ–Ω–æ –∫–∞–∂–¥—ã–π —Ä–∞–∑ —É–¥–æ–≤–ª–µ—Ç–≤–æ—Ä—è–µ—Ç –≤—Å–µ–º –∑–∞–ø—Ä–æ—Å–∞–º. –í–∫—É—Å–Ω–æ, –æ—Ç–Ω–æ—Å–∏—Ç–µ–ª—å–Ω–æ –±—ã—Å—Ç—Ä–æ –∏ –≤—Å–µ–≥–¥–∞ –≤–µ–∂–ª–∏–≤—ã–π –ø–µ—Ä—Å–æ–Ω–∞–ª. –ï—Å—Ç—å —Ç–æ–ª—å–∫–æ –æ–¥–∏–Ω –Ω—é–∞–Ω—Å, –∞ —Ç–æ—á–Ω–µ–µ –ø–æ–∂–µ–ª–∞–Ω–∏–µ....—Ä–∞—Å—à–∏—Ä–∏—Ç—å —Ç–µ—Ä—Ä–∏—Ç–æ—Ä–∏—é...:)",tag,50,–î–∞—Ç–∞ –ø–æ—Å–µ—â–µ–Ω–∏—è: –Ω–æ—è–±—Ä—å 2018 –≥.,14 –¥–µ–∫–∞–±—Ä—è 2018 –≥.,2  ,K1014BC_,https://www.tripadvisor.ru/Profile/K1014BC_,0,1,24,5,3,(4),"–ü–µ—Ä–º—å, –†–æ—Å—Å–∏—è",–í —Å–æ–æ–±—â–µ—Å—Ç–≤–µ —Å –∏—é–ª—å 2016 –≥.
–†–∏—Å –õ–∞–ø—à–∞,https://www.tripadvisor.ru/Restaurant_Review-g298516-d7810537-Reviews-Ris_Lapsha-Perm_Perm_Krai_Volga_District.html,"—É–ª. –ú–∏–ª—å—á–∞–∫–æ–≤–∞, 33, –ü–µ—Ä–º—å 614094 –†–æ—Å—Å–∏—è",–†–µ—Å—Ç–æ—Ä–∞–Ω—ã,,,4 –æ—Ç–∑—ã–≤–∞,–û—Ç–ª–∏—á–Ω–æ–µ –º–µ—Å—Ç–æ!,"–û—Ç–ª–∏—á–Ω–æ–µ –º–µ—Å—Ç–æ! –û—á–µ–Ω—å –≤–∫—É—Å–Ω–æ, –∏ –ù–µ –¥–æ—Ä–æ–≥–æ. –ü—Ä–æ–≤–µ–ª–∏ 2 –ø—Ä–∏—è—Ç–Ω—ã—Ö –≤–µ—á–µ—Ä–∞ –≤ –∫–æ–º–∞–Ω–¥–∏—Ä–æ–≤–∫–µ. –¢–æ–ª—å–∫–æ –∑–∞–∫–∞–∑—ã–≤–∞–π—Ç–µ –º–µ—Å—Ç–æ –∑–∞—Ä–∞–Ω–µ–µ)))))))))",tag,50,,22 –Ω–æ—è–±—Ä—è 2018 –≥.,0,Experience407338,https://www.tripadvisor.ru/Profile/Experience407338,0,1,7,3,1,(17),"–ú–æ—Å–∫–≤–∞, –†–æ—Å—Å–∏—è",–í —Å–æ–æ–±—â–µ—Å—Ç–≤–µ —Å –Ω–æ—è–±. 2012 –≥.
–†–∏—Å –õ–∞–ø—à–∞,https://www.tripadvisor.ru/Restaurant_Review-g298516-d7810537-Reviews-Ris_Lapsha-Perm_Perm_Krai_Volga_District.html,"—É–ª. –ú–∏–ª—å—á–∞–∫–æ–≤–∞, 33, –ü–µ—Ä–º—å 614094 –†–æ—Å—Å–∏—è",–†–µ—Å—Ç–æ—Ä–∞–Ω—ã,,,2 –æ—Ç–∑—ã–≤–∞,–†–∏—Å –õ–∞–ø—à–∞,"–≠—Ç–æ –µ–¥–∏–Ω—Å—Ç–≤–µ–Ω–Ω–æ–µ –º–µ—Å—Ç–æ –≤ –ü–µ—Ä–º–∏ –≥–¥–µ –≤—Å–µ–≥–¥–∞ –≤—Å–µ –≤–∫—É—Å–Ω–æ,–±—ã—Å—Ç—Ä–æ –∏ –∫—Ä–∞—Å–∏–≤–æ!!! –•–æ—á–µ—Ç—Å—è –≤–æ–∑–≤—Ä–∞—â–∞—Ç—å—Å—è —Å—é–¥–∞ —Å–Ω–æ–≤–∞ –∏ —Å–Ω–æ–≤–∞))) –ö–æ–Ω–µ—á–Ω–æ,–±–æ–ª—å—à—É—é —Ä–æ–ª—å,–∏–≥—Ä–∞–µ—Ç –ø—Ä–∏–≤–µ—Ç–ª–∏–≤—ã–π –∏ –¥–æ–±—Ä–æ–∂–µ–ª–∞—Ç–µ–ª—å–Ω—ã–π –ø–µ—Ä—Å–æ–Ω–∞–ª!!! –û–≥—Ä–æ–º–Ω–∞—è –±–ª–∞–≥–æ–¥–∞—Ä–Ω–æ—Å—Ç—å!!!",tag,50,–î–∞—Ç–∞ –ø–æ—Å–µ—â–µ–Ω–∏—è: –Ω–æ—è–±—Ä—å 2018 –≥.,12 –Ω–æ—è–±—Ä—è 2018 –≥.,4  ,–ê–ª—å–±–∏–Ω–∞ –ì,https://www.tripadvisor.ru/Profile/_O4092QP,0,0,2,6,0,(2),–í —Å–æ–æ–±—â–µ—Å—Ç–≤–µ —Å –æ–∫—Ç. 2018 –≥.,
–†–∏—Å –õ–∞–ø—à–∞,https://www.tripadvisor.ru/Restaurant_Review-g298516-d7810537-Reviews-Ris_Lapsha-Perm_Perm_Krai_Volga_District.html,"—É–ª. –ú–∏–ª—å—á–∞–∫–æ–≤–∞, 33, –ü–µ—Ä–º—å 614094 –†–æ—Å—Å–∏—è",–†–µ—Å—Ç–æ—Ä–∞–Ω—ã,,,10 –æ—Ç–∑—ã–≤–æ–≤,"–≤–∫—É—Å–Ω–∞—è –µ–¥–∞, –ø—Ä–∏–µ–º–ª–µ–º—ã–µ —Ü–µ–Ω—ã.",–ü–æ—Å–µ—Ç–∏–ª–∏ —Å –º—É–∂–µ–º —Å —Ü–µ–ª—å—é –ø—Ä–æ—Å—Ç–æ –ø–æ—É–∂–∏–Ω–∞—Ç—å. –≤—ã–±–æ—Ä –±–ª—é–¥ —Ö–æ—Ä–æ—à–∏–π. –ì–æ—Ç–æ–≤—è—Ç –±—ã—Å—Ç—Ä–æ –∏ –æ—á–µ–Ω—å –≤–∫—É—Å–Ω–æ. –°—Ç–æ–ª–∏–∫ –Ω—É–∂–Ω–æ –±—Ä–æ–Ω–∏—Ä–æ–≤–∞—Ç—å –∑–∞—Ä–∞–Ω–µ–µ.,tag,50,–î–∞—Ç–∞ –ø–æ—Å–µ—â–µ–Ω–∏—è: –Ω–æ—è–±—Ä—å 2018 –≥.,9 –Ω–æ—è–±—Ä—è 2018 –≥.,2  ,Tatyana M,https://www.tripadvisor.ru/Profile/Road468143,0,0,10,15,3,(9),–í —Å–æ–æ–±—â–µ—Å—Ç–≤–µ —Å –∏—é–Ω—å 2013 –≥.,
–†–∏—Å –õ–∞–ø—à–∞,https://www.tripadvisor.ru/Restaurant_Review-g298516-d7810537-Reviews-Ris_Lapsha-Perm_Perm_Krai_Volga_District.html,"—É–ª. –ú–∏–ª—å—á–∞–∫–æ–≤–∞, 33, –ü–µ—Ä–º—å 614094 –†–æ—Å—Å–∏—è",–†–µ—Å—Ç–æ—Ä–∞–Ω—ã,,,1 –æ—Ç–∑—ã–≤,–û—Ç—Ä–∞–≤–∏—Ç–µ–ª—å–Ω–∏—Ü–µ –æ—Ç–Ω–æ—à–µ–Ω–∏–µ –∞–¥–º–∏–Ω–∏—Å—Ç—Ä–∞—Ç–æ—Ä–∞ –∫ –≥–æ—Å—Ç—è–º!!!!,"–ó–∞—à–ª–∏ –≤ –∑–∞–≤–µ–¥–µ–Ω–∏–µ, –º–µ—Å—Ç –Ω–µ –±—ã–ª–æ. –ù–∞—Å –æ—á–µ–Ω—å –Ω–∞–≥–ª–æ –∏ –Ω–µ—É–≤–∞–∂–∏—Ç–µ–ª—å–Ω–æ –≤—Å—Ç—Ä–µ—Ç–∏–ª–∞ –∞–¥–º–∏–Ω–∏—Å—Ç—Ä–∞—Ç–æ—Ä. –û–±—ã—á–Ω–æ –≤ —ç—Ç–æ–º –∑–∞–≤–µ–¥–µ–Ω–∏–∏ –≤—Å–µ –æ—á–µ–Ω—å –¥–æ–±—Ä–æ–∂–µ–ª–∞—Ç–µ–ª—å–Ω—ã–µ, –Ω–æ –∞–¥–º–∏–Ω–∏—Å—Ç—Ä–∞—Ç–æ—Ä, –∫–æ—Ç–æ—Ä–∞—è —Ä–∞–±–æ—Ç–∞–ª–∞ —Å–µ–≥–æ–¥–Ω—è ( 03.11.2018) –≤—Å–µ–º —Å–≤–æ–∏–º –≤–∏–¥–æ–º –ø–æ–∫–∞–∑–∞–ª–∞, —á—Ç–æ –Ω–∞–º –∑–¥–µ—Å—å –Ω–µ —Ä–∞–¥—ã. –ù–µ—Ç –∂–µ–ª–∞–Ω–∏—è –ø–æ—Å–µ—â–∞—Ç—å –∑–∞–≤–µ–¥–µ–Ω–∏–µ, –≥–¥–µ —Å–µ–±—è —Ç–∞–∫ –≤–µ–¥—ë—Ç –ø–µ—Ä—Å–æ–Ω–∞–ª.",tag,10,–î–∞—Ç–∞ –ø–æ—Å–µ—â–µ–Ω–∏—è: –Ω–æ—è–±—Ä—å 2018 –≥.,3 –Ω–æ—è–±—Ä—è 2018 –≥.,8  ,Travel23578204064,https://www.tripadvisor.ru/Profile/Travel23578204064,0,0,1,8,0,(1),–í —Å–æ–æ–±—â–µ—Å—Ç–≤–µ —Å –Ω–æ—è–±. 2018 –≥.,
–†–∏—Å –õ–∞–ø—à–∞,https://www.tripadvisor.ru/Restaurant_Review-g298516-d7810537-Reviews-Ris_Lapsha-Perm_Perm_Krai_Volga_District.html,"—É–ª. –ú–∏–ª—å—á–∞–∫–æ–≤–∞, 33, –ü–µ—Ä–º—å 614094 –†–æ—Å—Å–∏—è",–†–µ—Å—Ç–æ—Ä–∞–Ω—ã,,,4 –æ—Ç–∑—ã–≤–∞,–ú–æ–π –¢–∞–∏–ª–∞–Ω–¥ –≤ –ü–µ—Ä–º–∏,–û—Ç–ª–∏—á–Ω–æ–µ –º–µ—Å—Ç–æ. –ú–Ω–µ –æ—á–µ–Ω—å –Ω—Ä–∞–≤–∏—Ç—Å—è –∞—Ç–º–æ—Å—Ñ–µ—Ä–∞ –∏ –∫–æ–Ω–µ—á–Ω–æ —Å–∞–º–∞ –∫—É—Ö–Ω—è. –ú–æ–π –º–∞–ª–µ–Ω—å–∫–∏–π –¢–∞–∏–ª–∞–Ω–¥ –≤ –ü–µ—Ä–º–∏. –ì–æ—Ç–æ–≤—è—Ç –±—ã—Å—Ç—Ä–æ –∏ –≤–∫—É—Å–Ω–æ.,tag,50,–î–∞—Ç–∞ –ø–æ—Å–µ—â–µ–Ω–∏—è: –æ–∫—Ç—è–±—Ä—å 2018 –≥.,1 –Ω–æ—è–±—Ä—è 2018 –≥.,1  ,–ê—Ä—Ç–µ–º –ö,https://www.tripadvisor.ru/Profile/F5173NA_,0,0,10,1,2,(4),–í —Å–æ–æ–±—â–µ—Å—Ç–≤–µ —Å –∏—é–ª—å 2014 –≥.,
–†–∏—Å –õ–∞–ø—à–∞,https://www.tripadvisor.ru/Restaurant_Review-g298516-d7810537-Reviews-Ris_Lapsha-Perm_Perm_Krai_Volga_District.html,"—É–ª. –ú–∏–ª—å—á–∞–∫–æ–≤–∞, 33, –ü–µ—Ä–º—å 614094 –†–æ—Å—Å–∏—è",–†–µ—Å—Ç–æ—Ä–∞–Ω—ã,,,7 –æ—Ç–∑—ã–≤–æ–≤,–û—Ç—Å–æ–π,"–ì–¥–µ –≤—å–µ—Ç–Ω–∞–º—Å–∫–∞—è –∫—É—Ö–Ω—è????? –ù–∏—á–µ–≥–æ –æ—Å–æ–±–µ–Ω–Ω–æ–≥–æ –≤ —ç—Ç–æ–º –º–µ—Å—Ç–µ –Ω–µ—Ç! –†–æ–ª–ª—ã –≥–æ–≤–æ—Ä—è—Ç –≤–∫—É—Å–Ω—ã–µ. –ï—Å—Ç—å —Ç–∞–π—Å–∫–∞—è –∫—É—Ö–Ω—è, –Ω–æ –≤—Å–µ —ç—Ç–æ —Ç–∞–∫ —Å–µ–±–µ...",tag,10,–î–∞—Ç–∞ –ø–æ—Å–µ—â–µ–Ω–∏—è: –æ–∫—Ç—è–±—Ä—å 2018 –≥.,19 –æ–∫—Ç—è–±—Ä—è 2018 –≥.,7  ,–ò–≤–∞–Ω –ú,https://www.tripadvisor.ru/Profile/_O2487DO,0,0,7,12,2,(2),–í —Å–æ–æ–±—â–µ—Å—Ç–≤–µ —Å –∞–ø—Ä. 2016 –≥.,
–†–∏—Å –õ–∞–ø—à–∞,https://www.tripadvisor.ru/Restaurant_Review-g298516-d7810537-Reviews-Ris_Lapsha-Perm_Perm_Krai_Volga_District.html,"—É–ª. –ú–∏–ª—å—á–∞–∫–æ–≤–∞, 33, –ü–µ—Ä–º—å 614094 –†–æ—Å—Å–∏—è",–†–µ—Å—Ç–æ—Ä–∞–Ω—ã,,,22 –æ—Ç–∑—ã–≤–∞,–û—Ç–ª–∏—á–Ω–∞—è –∫–∞—Ñ–µ—à–∫–∞,"–£—é—Ç–Ω–æ–µ –∫–∞—Ñ–µ –¥–ª—è –ø–æ—Å–µ—â–µ–Ω–∏—è –∫–∞–∫ —Å –¥–µ—Ç—å–º–∏ ,—Ç–∞–∫ –∏ —Å –¥—Ä—É–∑—å—è–º–∏.–ï—Å—Ç—å –¥–µ—Ç—Å–∫–æ–µ –º–µ–Ω—é,–º–∏–Ω–∏ —Å–±—Ä–ø—Ä–∏–∑—ã –¥–ª—è –º–∞–ª—ã—à–µ–π,–ø—Ä–∏–≤–µ—Ç–ª–∏–≤—ã–π –ø–µ—Ä—Å–æ–Ω–∞–ª.–û—á–µ–Ω—å –≤–∫—É—Å–Ω—ã–µ —Ä–æ–ª–ª—ã!!!!!",tag,50,–î–∞—Ç–∞ –ø–æ—Å–µ—â–µ–Ω–∏—è: –º–∞–π 2018 –≥.,16 –æ–∫—Ç—è–±—Ä—è 2018 –≥.,1  ,77ekaterinas,https://www.tripadvisor.ru/Profile/77ekaterinas,0,0,66,8,4,(12),"–ü–µ—Ä–º—å, –†–æ—Å—Å–∏—è",–í —Å–æ–æ–±—â–µ—Å—Ç–≤–µ —Å –∏—é–ª—å 2014 –≥.
–†–∏—Å –õ–∞–ø—à–∞,https://www.tripadvisor.ru/Restaurant_Review-g298516-d7810537-Reviews-Ris_Lapsha-Perm_Perm_Krai_Volga_District.html,"—É–ª. –ú–∏–ª—å—á–∞–∫–æ–≤–∞, 33, –ü–µ—Ä–º—å 614094 –†–æ—Å—Å–∏—è",–†–µ—Å—Ç–æ—Ä–∞–Ω—ã,,,3 –æ—Ç–∑—ã–≤–∞,–£—é—Ç–Ω–æ –∏ –∫–æ–º—Ñ–æ—Ä—Ç–Ω–æ. –ê –≥–ª–∞–≤–Ω–æ–µ - –≤–∫—É—Å–Ω–æ !,"–Ø –Ω–µ –±–æ–ª—å—à–æ–π –ª—é–±–∏—Ç–µ–ª—å –∞–∑–∏–∞—Ç—Å–∫–æ–π –∫—É—Ö–Ω–∏, —Ö–æ—Ç—è —Ç–æ, —á—Ç–æ –∑–¥–µ—Å—å –ø—Ä–æ–±–æ–≤–∞–ª–∞ –æ—á–µ–Ω—å –ø–æ–Ω—Ä–∞–≤–∏–ª–æ—Å—å. –ù–æ –±–æ–ª—å—à–µ –ª—é–±–ª—é –∑–¥–µ—à–Ω–∏–µ —Å–∞–ª–∞—Ç—ã –∏ —Å–æ—É—Å—ã –∫ –Ω–∏–º. –õ–∞–∫–æ–Ω–∏—á–Ω–∞—è –∏ —Å—Ç–∏–ª—å–Ω–∞—è —Å–µ—Ä–≤–∏—Ä–æ–≤–∫–∞. –ê –µ—â–µ –∑–¥–µ—Å—å —Å–∞–º–æ–µ –Ω–∞–∏–≤–∫—É—Å–Ω–µ–π—à–µ–µ ""–¢–∏—Ä–∞–º–∏—Å—Å—É"" –≤ –≥. –ü–µ—Ä–º–∏.",tag,50,–î–∞—Ç–∞ –ø–æ—Å–µ—â–µ–Ω–∏—è: –∞–≤–≥—É—Å—Ç 2018 –≥.,3 –æ–∫—Ç—è–±—Ä—è 2018 –≥.,1  ,ELENA_precrasnaya,https://www.tripadvisor.ru/Profile/ELENA_precrasnaya,0,0,3,5,1,(6),"–ü–µ—Ä–º—å, –†–æ—Å—Å–∏—è",–í —Å–æ–æ–±—â–µ—Å—Ç–≤–µ —Å —Å–µ–Ω—Ç. 2018 –≥.
–†–∏—Å –õ–∞–ø—à–∞,https://www.tripadvisor.ru/Restaurant_Review-g298516-d7810537-Reviews-Ris_Lapsha-Perm_Perm_Krai_Volga_District.html,"—É–ª. –ú–∏–ª—å—á–∞–∫–æ–≤–∞, 33, –ü–µ—Ä–º—å 614094 –†–æ—Å—Å–∏—è",–†–µ—Å—Ç–æ—Ä–∞–Ω—ã,,,3 –æ—Ç–∑—ã–≤–∞,–û—Ç–ª–∏—á–Ω–æ,"–ß–∞—Å—Ç–æ —Ö–æ–¥–∏–º —Å—é–¥–∞ —Å –¥—Ä—É–∑—å—è–º–∏. –ù–∞ –º–æ–π –≤–∑–≥–ª—è–¥ —ç—Ç–æ –ª—É—á—à–µ–µ –º–µ—Å—Ç–æ ,–≥–¥–µ –º–æ–∂–Ω–æ –ø–æ–µ—Å—Ç—å —Ä–æ–ª–ª—ã. –í–∫—É—Å–Ω—ã —Ç–∞–∫ –∂–µ —Ä–∏—Å ,–∏ –æ—á–µ–Ω—å –Ω—Ä–∞–≤–∏—Ç—Å—è —Å–∞–ª–∞—Ç –∏–∑ –ª–æ—Å–æ—Å—è –∏ –º–∞–Ω–≥–æ!",tag,50,–î–∞—Ç–∞ –ø–æ—Å–µ—â–µ–Ω–∏—è: –∏—é–ª—å 2018 –≥.,3 –æ–∫—Ç—è–±—Ä—è 2018 –≥.,1  ,_Z9585PR,https://www.tripadvisor.ru/Profile/_Z9585PR,0,0,3,1,1,(2),"–ü–µ—Ä–º—å, –†–æ—Å—Å–∏—è",–í —Å–æ–æ–±—â–µ—Å—Ç–≤–µ —Å —Å–µ–Ω—Ç. 2015 –≥.
–†–∏—Å –õ–∞–ø—à–∞,https://www.tripadvisor.ru/Restaurant_Review-g298516-d7810537-Reviews-Ris_Lapsha-Perm_Perm_Krai_Volga_District.html,"—É–ª. –ú–∏–ª—å—á–∞–∫–æ–≤–∞, 33, –ü–µ—Ä–º—å 614094 –†–æ—Å—Å–∏—è",–†–µ—Å—Ç–æ—Ä–∞–Ω—ã,,,7 –æ—Ç–∑—ã–≤–æ–≤,Perfect place!,"–ü—Ä–µ–∫—Ä–∞—Å–Ω–æ–µ –º–µ—Å—Ç–æ! –ë—ã–ª–∏ –¥–æ–≤–æ–ª—å–Ω—ã –≤—Å–µ–º, –Ω–∞—á–∏–Ω–∞—è –æ—Ç —É—Ä–æ–≤–Ω—è –æ–±—Å–ª—É–∂–∏–≤–∞–Ω–∏—è, –∞—Ç–º–æ—Å—Ñ–µ—Ä–æ–π, –∑–∞–∫–∞–Ω—á–∏–≤–∞—è –∫—É—Ö–Ω–µ–π! –ù–µ—É–¥–∏–≤–∏—Ç–µ–ª—å–Ω–æ, –ø–æ—á–µ–º—É –∏–º–µ–Ω–Ω–æ –≤ —ç—Ç–æ–º –º–µ—Å—Ç–µ –≤—Å–µ–≥–¥–∞ –Ω—É–∂–Ω–æ –±—Ä–æ–Ω–∏—Ä–æ–≤–∞—Ç—å —Å—Ç–æ–ª–∏–∫ –∑–∞—Ä–∞–Ω–µ–µ. –†–µ–∫–æ–º–µ–Ω–¥—É—é –∫ –ø–æ—Å–µ—â–µ–Ω–∏—é!",tag,50,–î–∞—Ç–∞ –ø–æ—Å–µ—â–µ–Ω–∏—è: –º–∞–π 2018 –≥.,29 –∞–≤–≥—É—Å—Ç–∞ 2018 –≥.,1  ,pechnikowaew,https://www.tripadvisor.ru/Profile/pechnikowaew,0,0,7,5,2,(5),"–ü–µ—Ä–º—å, –†–æ—Å—Å–∏—è",–í —Å–æ–æ–±—â–µ—Å—Ç–≤–µ —Å –∞–≤–≥. 2018 –≥.
–†–∏—Å –õ–∞–ø—à–∞,https://www.tripadvisor.ru/Restaurant_Review-g298516-d7810537-Reviews-Ris_Lapsha-Perm_Perm_Krai_Volga_District.html,"—É–ª. –ú–∏–ª—å—á–∞–∫–æ–≤–∞, 33, –ü–µ—Ä–º—å 614094 –†–æ—Å—Å–∏—è",–†–µ—Å—Ç–æ—Ä–∞–Ω—ã,,,19 –æ—Ç–∑—ã–≤–æ–≤,–û—Ç–ª–∏—á–Ω–∞—è –∫—É—Ö–Ω—è,"–î–ª—è –ª—é–±–∏—Ç–µ–ª–µ–π –∫—É—Ö–Ω–∏ –ê–∑–∏–∏ –∏ –ø–∞–Ω–∞–∑–∏–∏, –ª—É—á—à–µ–µ, —á—Ç–æ –µ—Å—Ç—å –≤ –Ω–∞—à–µ–º –≥–æ—Ä–æ–¥–µ! –•–æ—á–µ—Ç—Å—è –ø–æ–∂–µ–ª–∞—Ç—å –æ—Ç–∫—Ä—ã—Ç—å —Ñ–∏–ª–∏–∞–ª –∏ —Å–¥–µ–ª–∞—Ç—å –¥–æ—Å—Ç–∞–≤–∫—É, –∏ —Ç–æ–≥–¥–∞ —É–¥–æ–≤–æ–ª—å—Å—Ç–≤–∏–µ –±—É–¥–µ—Ç –ø–æ–ª–Ω—ã–º!!! –°–ø–∞—Å–∏–±–æ –≤–∞–º, —á—Ç–æ –≤—ã –µ—Å—Ç—å –∏ –Ω–µ –ø–æ—Ä—Ç–∏—Ç–µ—Å—å (–≤ –ø–ª–∞–Ω–µ –∫–∞—á–µ—Å—Ç–≤–∞).",tag,50,–î–∞—Ç–∞ –ø–æ—Å–µ—â–µ–Ω–∏—è: –∏—é–ª—å 2018 –≥.,28 –∞–≤–≥—É—Å—Ç–∞ 2018 –≥.,2  ,ismag_nat,https://www.tripadvisor.ru/Profile/ismag_nat,0,0,19,16,3,(9),"–ü–µ—Ä–º—å, –†–æ—Å—Å–∏—è",–í —Å–æ–æ–±—â–µ—Å—Ç–≤–µ —Å –Ω–æ—è–±. 2016 –≥.
–†–∏—Å –õ–∞–ø—à–∞,https://www.tripadvisor.ru/Restaurant_Review-g298516-d7810537-Reviews-Ris_Lapsha-Perm_Perm_Krai_Volga_District.html,"—É–ª. –ú–∏–ª—å—á–∞–∫–æ–≤–∞, 33, –ü–µ—Ä–º—å 614094 –†–æ—Å—Å–∏—è",–†–µ—Å—Ç–æ—Ä–∞–Ω—ã,,,3 –æ—Ç–∑—ã–≤–∞,–í–∫—É—Å–Ω–æ,"–°—Ö–æ–¥–∏–ª–∏ –Ω–∞–∫–æ–Ω–µ—Ü —Ç–æ –≤ —ç—Ç–æ –∑–∞–≤–µ–¥–µ–Ω–∏–µ –∏ –æ—Å—Ç–∞–ª–∏—Å—å –æ—á–µ–Ω—å –¥–æ–≤–æ–ª—å–Ω—ã. –ü–æ–¥–∞—á–∞ –±–ª—é–¥, —Å–∞–º—Å –µ–¥–∞ –Ω–∞ –≤—ã—Å—à–µ–º —É—Ä–æ–≤–Ω–µ. –ï–¥–∏–Ω—Å—Ç–≤–µ–Ω–Ω—ã–π –º–∏–Ω—É—Å –æ—á–µ–Ω—å –º–Ω–æ–≥–æ –Ω–∞—Ä–æ–¥—É –∏ —Å—Ç–æ–ª–∏–∫–∏ –±–ª–∏–∑–∫–æ –¥—Ä—É–≥ –¥—Ä—É–≥—É —Ä–∞—Å–ø–æ–ª–æ–∂–µ–Ω—ã. –®—É–º–Ω–æ –¥–æ—Å—Ç–∞—Ç–æ—á–Ω–æ",tag,50,–î–∞—Ç–∞ –ø–æ—Å–µ—â–µ–Ω–∏—è: –º–∞–π 2018 –≥.,28 –∞–≤–≥—É—Å—Ç–∞ 2018 –≥.,2  ,bizzarko,https://www.tripadvisor.ru/Profile/bizzarko,0,0,3,15,1,(3),–ü–µ—Ä–º—å,–í —Å–æ–æ–±—â–µ—Å—Ç–≤–µ —Å –Ω–æ—è–±. 2014 –≥.
–†–∏—Å –õ–∞–ø—à–∞,https://www.tripadvisor.ru/Restaurant_Review-g298516-d7810537-Reviews-Ris_Lapsha-Perm_Perm_Krai_Volga_District.html,"—É–ª. –ú–∏–ª—å—á–∞–∫–æ–≤–∞, 33, –ü–µ—Ä–º—å 614094 –†–æ—Å—Å–∏—è",–†–µ—Å—Ç–æ—Ä–∞–Ω—ã,,,11 –æ—Ç–∑—ã–≤–æ–≤,–í–µ—Å—å–º–∞ –∞—Ç–º–æ—Å—Ñ–µ—Ä–Ω–æ–µ –º–µ—Å—Ç–æ,"–£—é—Ç–Ω–æ, –Ω–µ—Å–º–æ—Ç—Ä—è –Ω–∞ –¥–æ—Å—Ç–∞—Ç–æ—á–Ω–æ–µ –∫–æ–ª–∏—á–µ—Å—Ç–≤–æ –ø–æ—Å–∞–¥–æ—á–Ω—ã—Ö –º–µ—Å—Ç, –≤–∫—É—Å–Ω–æ, –∏–∑ —Ä–µ—Å—Ç–æ—Ä–∞–Ω–æ–≤ –∞–∑–∏–∞—Ç—Å–∫–æ–π –∫—É—Ö–Ω–∏ - –æ–¥–Ω–æ –∏–∑ –ª—É—á—à–∏—Ö –∑–∞–≤–µ–¥–µ–Ω–∏–π –≤ –ü–µ—Ä–º–∏, —Ç–æ—á–Ω–æ",tag,50,–î–∞—Ç–∞ –ø–æ—Å–µ—â–µ–Ω–∏—è: –∏—é–ª—å 2018 –≥.,7 –∞–≤–≥—É—Å—Ç–∞ 2018 –≥.,1  ,kungurovairinav,https://www.tripadvisor.ru/Profile/kungurovairinav,0,0,21,7,3,(3),"–ü–µ—Ä–º—å, –†–æ—Å—Å–∏—è",–í —Å–æ–æ–±—â–µ—Å—Ç–≤–µ —Å –∏—é–Ω—å 2018 –≥.
–†–∏—Å –õ–∞–ø—à–∞,https://www.tripadvisor.ru/Restaurant_Review-g298516-d7810537-Reviews-Ris_Lapsha-Perm_Perm_Krai_Volga_District.html,"—É–ª. –ú–∏–ª—å—á–∞–∫–æ–≤–∞, 33, –ü–µ—Ä–º—å 614094 –†–æ—Å—Å–∏—è",–†–µ—Å—Ç–æ—Ä–∞–Ω—ã,,,25 –æ—Ç–∑—ã–≤–æ–≤,–ó–∞–º–µ—á–∞—Ç–µ–ª—å–Ω–æ–µ –º–µ—Å—Ç–æ,"–£—é—Ç–Ω–∞—è –æ–±—Å—Ç–∞–Ω–æ–≤–∫–∞, –≤–∫—É—Å–Ω–∞—è –µ–¥–∞ –∫—Ä–∞—Å–∏–≤–∞—è –ø–æ–¥–∞—á–∞. –ë–æ–ª—å—à–∏–µ –ø–æ—Ä—Ü–∏–∏. –û–¥–∏–Ω –∏–∑ —Å–∞–º—ã—Ö –ª—é–±–∏–º—ã—Ö —Ä–µ—Å—Ç–æ—Ä–∞–Ω–æ–≤ –≥–æ—Ä–æ–¥–∞.",tag,50,–î–∞—Ç–∞ –ø–æ—Å–µ—â–µ–Ω–∏—è: –º–∞—Ä—Ç 2018 –≥.,27 –∏—é–ª—è 2018 –≥.,1  ,kuragad,https://www.tripadvisor.ru/Profile/kuragad,0,2,40,52,4,(11),"–ü–µ—Ä–º—å, –†–æ—Å—Å–∏—è",–í —Å–æ–æ–±—â–µ—Å—Ç–≤–µ —Å –∏—é–ª—å 2018 –≥.
–†–∏—Å –õ–∞–ø—à–∞,https://www.tripadvisor.ru/Restaurant_Review-g298516-d7810537-Reviews-Ris_Lapsha-Perm_Perm_Krai_Volga_District.html,"—É–ª. –ú–∏–ª—å—á–∞–∫–æ–≤–∞, 33, –ü–µ—Ä–º—å 614094 –†–æ—Å—Å–∏—è",–†–µ—Å—Ç–æ—Ä–∞–Ω—ã,,,16 –æ—Ç–∑—ã–≤–æ–≤,–ü—Ä–µ–∫—Ä–∞—Å–Ω–æ,–°–∞–º–æ–µ –ø—Ä–µ–∫—Ä–∞—Å–Ω–æ–µ –º–µ—Å—Ç–æ –≤ –≥–æ—Ä–æ–¥–µ. –í—Å–µ–≥–¥–∞ —Å–≤–µ–∂–∞—è –≤–∫—É—Å–Ω–∞—è –µ–¥–∞. –î–µ–≤–æ—á–∫–∏ –ø—Ä–∏–≤–µ—Ç–ª–∏–≤—ã –∏ –¥–æ–±—Ä–æ–∂–µ–ª–∞—Ç–µ–ª—å–Ω—ã. –¶–µ–Ω–Ω–∏–∫ —Å—Ä–µ–¥–Ω–∏–π. –°—Ç–æ–ª–∏–∫ –ª—É—á—à–µ –∑–∞—Ä–µ–∑–µ—Ä–≤–∏—Ä–æ–≤–∞—Ç—å –∑–∞ 2-3 –¥–Ω—è.,tag,50,–î–∞—Ç–∞ –ø–æ—Å–µ—â–µ–Ω–∏—è: –∏—é–ª—å 2018 –≥.,23 –∏—é–ª—è 2018 –≥.,1  ,–ò—Ä–∏–Ω–∞ –ë,https://www.tripadvisor.ru/Profile/_T5757JM,0,0,17,12,3,(9),–í —Å–æ–æ–±—â–µ—Å—Ç–≤–µ —Å —Ñ–µ–≤—Ä. 2013 –≥.,
–†–∏—Å –õ–∞–ø—à–∞,https://www.tripadvisor.ru/Restaurant_Review-g298516-d7810537-Reviews-Ris_Lapsha-Perm_Perm_Krai_Volga_District.html,"—É–ª. –ú–∏–ª—å—á–∞–∫–æ–≤–∞, 33, –ü–µ—Ä–º—å 614094 –†–æ—Å—Å–∏—è",–†–µ—Å—Ç–æ—Ä–∞–Ω—ã,,,4 –æ—Ç–∑—ã–≤–∞,–ü–∏—è—Ç–Ω–Ω–æ–µ –º–µ—Å—Ç–æ.,"–í–∫—É—Å–Ω–æ –≥–æ—Ç–æ–≤—è—Ç, –Ω–æ –¥–æ—Ä–æ–≥–æ! –ú–æ–∂–Ω–æ —Å—Ö–æ–¥–∏—Ç—å –ø–æ–∫—É—à–∞—Ç—å —è–ø–æ–Ω—Å–∫–æ–π –∫—É—Ö–Ω–∏ –µ—Å–ª–∏ –ø–æ –Ω–µ–π —Å–æ—Å–∫—É—á–∏–ª–∏—Å—å. –ò–Ω—Ç–µ—Ä—å–µ—Ä –∏ –º–µ—Å—Ç–æ —Ä–∞—Å–ø–æ–ª–æ–∂–µ–Ω–∏—è –Ω–µ —Å–æ–≤—Å–µ–º –Ω–∞ —Ç—Ä–æ–µ—á–∫—É.",tag,40,–î–∞—Ç–∞ –ø–æ—Å–µ—â–µ–Ω–∏—è: –∏—é–Ω—å 2018 –≥.,20 –∏—é–Ω—è 2018 –≥.,5  ,Artur S,https://www.tripadvisor.ru/Profile/arturs411,0,0,5,9,1,(1),–í —Å–æ–æ–±—â–µ—Å—Ç–≤–µ —Å –º–∞–π 2017 –≥.,
–†–∏—Å –õ–∞–ø—à–∞,https://www.tripadvisor.ru/Restaurant_Review-g298516-d7810537-Reviews-Ris_Lapsha-Perm_Perm_Krai_Volga_District.html,"—É–ª. –ú–∏–ª—å—á–∞–∫–æ–≤–∞, 33, –ü–µ—Ä–º—å 614094 –†–æ—Å—Å–∏—è",–†–µ—Å—Ç–æ—Ä–∞–Ω—ã,,,32 –æ—Ç–∑—ã–≤–∞,–ö—É—Ö–Ω—è - –æ–≥–æ–Ω—å,"–û—á–µ–Ω—å –≤–∫—É—Å–Ω–æ, —Å–µ—Ä–≤–∏—Å –Ω–∞ –≤—ã—Å–æ—Ç–µ! –ï–¥–∏–Ω—Å—Ç–≤–µ–Ω–Ω–æ–µ, –º–µ—Å—Ç–∞ —Å–æ–≤—Å–µ–º –Ω–µ—Ç, –∑–∞–±—Ä–æ–Ω–∏—Ä–æ–≤–∞—Ç—å —Å—Ç–æ–ª –ø—Ä–æ–±–ª–µ–º–∞. –ï—Å–ª–∏ —Å–æ–±–µ—Ä—ë—Ç–µ—Å—å - –¥–µ–ª–∞–π—Ç–µ —ç—Ç–æ –∑–∞—Ä–∞–Ω–µ–µ ! –ê –≤ –æ—Å—Ç–∞–ª—å–Ω–æ–º - —Å—É–ø–µ—Ä –ó–∞–≤–µ–¥–µ–Ω–∏—é –∂–µ–ª–∞—é —Ä–∞—Å—à–∏—Ä—è—Ç—å—Å—è –∏ –æ—Ç–∫—Ä—ã–≤–∞—Ç—å –Ω–æ–≤—ã–µ —Ç–æ—á–∫–∏ !",tag,40,–î–∞—Ç–∞ –ø–æ—Å–µ—â–µ–Ω–∏—è: –º–∞–π 2018 –≥.,30 –º–∞—è 2018 –≥.,2  ,542evgeniye,https://www.tripadvisor.ru/Profile/542evgeniye,0,0,71,60,4,(20),"–£—Ñ–∞, –†–æ—Å—Å–∏—è",–í —Å–æ–æ–±—â–µ—Å—Ç–≤–µ —Å –º–∞–π 2016 –≥.
–†–∏—Å –õ–∞–ø—à–∞,https://www.tripadvisor.ru/Restaurant_Review-g298516-d7810537-Reviews-Ris_Lapsha-Perm_Perm_Krai_Volga_District.html,"—É–ª. –ú–∏–ª—å—á–∞–∫–æ–≤–∞, 33, –ü–µ—Ä–º—å 614094 –†–æ—Å—Å–∏—è",–†–µ—Å—Ç–æ—Ä–∞–Ω—ã,,,29 –æ—Ç–∑—ã–≤–æ–≤,–õ—É—á—à–∞—è –ø–∞–Ω–∞–∑–∏–∞—Ç—Å–∫–∞—è –∫—É—Ö–Ω—è,"–ü—Ä–æ —Ä–∏—Å –ª–∞–ø—à—É –±–æ–ª—å—à–µ –∏ –ø–∏—Å–∞—Ç—å –Ω–∏—á–µ–≥–æ –Ω–µ –Ω—É–∂–Ω–æ –∫—Ä–æ–º–µ —Ç–æ–≥–æ, —á—Ç–æ –æ–Ω–∏ –ø—Ä–µ–∫—Ä–∞—Å–Ω—ã. –ì–æ–≤–æ—Ä—è—Ç –æ—Ç–ª–∏—á–Ω–æ!!! –°–µ—Ä–≤–∏—Å –Ω–∞ 5! –ê –≥–ª–∞–≤–Ω–æ–µ –≤—ã–Ω–æ—Å —Ç–∞–∫–æ–π –±—ã—Å—Ç—Ä—ã–π, —á—Ç–æ —Ç–∞–∫–æ–≥–æ –±–æ–ª—å—à–µ –Ω–∏–≥–¥–µ –Ω–µ –≤—Å—Ç—Ä–µ—á–∞–ª–∞ –µ—â—ë.",tag,50,–î–∞—Ç–∞ –ø–æ—Å–µ—â–µ–Ω–∏—è: –º–∞—Ä—Ç 2018 –≥.,12 –∞–ø—Ä–µ–ª—è 2018 –≥.,,olga_mazar,https://www.tripadvisor.ru/Profile/olga_mazar,0,0,182,15,5,(61),–†–æ—Å—Å–∏—è,–í —Å–æ–æ–±—â–µ—Å—Ç–≤–µ —Å –º–∞—Ä—Ç 2018 –≥.
–†–∏—Å –õ–∞–ø—à–∞,https://www.tripadvisor.ru/Restaurant_Review-g298516-d7810537-Reviews-Ris_Lapsha-Perm_Perm_Krai_Volga_District.html,"—É–ª. –ú–∏–ª—å—á–∞–∫–æ–≤–∞, 33, –ü–µ—Ä–º—å 614094 –†–æ—Å—Å–∏—è",–†–µ—Å—Ç–æ—Ä–∞–Ω—ã,,,9 –æ—Ç–∑—ã–≤–æ–≤,–†–∏—Å –ª–∞–ø—à–∞,–≠—Ç–æ –º–æ—ë –ª—é–±–∏–º–æ–µ –º–µ—Å—Ç–æ!!! –í—Å—ë –æ—á–µ–Ω—å –≤–∫—É—Å–Ω–æ! –¢–∏—Ö–∞—è –¥–æ–º–∞—à–Ω—è—è –æ–±—Å—Ç–∞–Ω–æ–≤–∫–∞ –∏ –≤–µ–∂–ª–∏–≤—ã–π –ø–µ—Ä—Å–æ–Ω–∞–ª! –ï—Å–ª–∏ –≤–∫—É—Å–Ω–æ –ø–æ–∫—É—à–∞—Ç—å-—Ç–æ —Ç–æ–ª—å–∫–æ –≤ –†–∏—Å –ª–∞–ø—à—É!,tag,50,,10 –∞–ø—Ä–µ–ª—è 2018 –≥.,0,_J7997ID,https://www.tripadvisor.ru/Profile/_J7997ID,0,0,38,19,3,(8),–í —Å–æ–æ–±—â–µ—Å—Ç–≤–µ —Å —Å–µ–Ω—Ç. 2017 –≥.,
–†–∏—Å –õ–∞–ø—à–∞,https://www.tripadvisor.ru/Restaurant_Review-g298516-d7810537-Reviews-Ris_Lapsha-Perm_Perm_Krai_Volga_District.html,"—É–ª. –ú–∏–ª—å—á–∞–∫–æ–≤–∞, 33, –ü–µ—Ä–º—å 614094 –†–æ—Å—Å–∏—è",–†–µ—Å—Ç–æ—Ä–∞–Ω—ã,,,13 –æ—Ç–∑—ã–≤–æ–≤,–ù–µ–æ–±—ã—á–Ω—ã–π —Å–µ–º–µ–π–Ω—ã–π –æ–±–µ–¥,"–û—Ä–∏–≥–∏–Ω–∞–ª—å–Ω–∞—è –ø–æ–¥–∞—á–∞, –≤–∫—É—Å–Ω–∞—è –µ–¥–∞. –í–Ω–∏–º–∞—Ç–µ–ª—å–Ω—ã–µ –æ—Ñ–∏—Ü–∏–∞–Ω—Ç—ã. –ü—Ä–∏—è—Ç–Ω–∞—è –∞—Ç–º–æ—Å—Ñ–µ—Ä–∞. –°—Ç–æ–ª–∏–∫–æ–≤ –æ—á–µ–Ω—å –º–∞–ª–æ, –Ω–∞–¥–æ –±—Ä–æ–Ω–∏—Ä–æ–≤–∞—Ç—å –∑–∞—Ä–∞–Ω–µ–µ!",tag,50,–î–∞—Ç–∞ –ø–æ—Å–µ—â–µ–Ω–∏—è: –∞–ø—Ä–µ–ª—å 2018 –≥.,9 –∞–ø—Ä–µ–ª—è 2018 –≥.,1  ,R8954EB_,https://www.tripadvisor.ru/Profile/R8954EB_,0,0,17,5,3,(4),"–ü–µ—Ä–º—å, –†–æ—Å—Å–∏—è",–í —Å–æ–æ–±—â–µ—Å—Ç–≤–µ —Å –∏—é–ª—å 2015 –≥.
–†–∏—Å –õ–∞–ø—à–∞,https://www.tripadvisor.ru/Restaurant_Review-g298516-d7810537-Reviews-Ris_Lapsha-Perm_Perm_Krai_Volga_District.html,"—É–ª. –ú–∏–ª—å—á–∞–∫–æ–≤–∞, 33, –ü–µ—Ä–º—å 614094 –†–æ—Å—Å–∏—è",–†–µ—Å—Ç–æ—Ä–∞–Ω—ã,,,6 –æ—Ç–∑—ã–≤–æ–≤,–í–µ–ª–∏–∫–æ–ª–µ–ø–Ω–æ,"–ë–µ–∑ —Å–æ–º–Ω–µ–Ω–∏—è –ª—É—á—à–∏–π —è–ø–æ–Ω—Å–∫–∏–π —Ä–µ—Å—Ç–æ—Ä–∞–Ω –≥–æ—Ä–æ–¥–∞. –û—Ç–ª–∏—á–Ω—ã–π –≤—ã–±–æ—Ä,–≤–Ω–∏–º–∞—Ç–µ–ª—å–Ω—ã–µ –æ—Ñ–∏—Ü–∏–∞–Ω—Ç—ã, –±—ã—Å—Ç—Ä—ã–µ –ø–æ–≤–∞—Ä–∞, –≤—Å–µ –Ω–µ—Ä–µ–∞–ª—å–Ω–æ –≤–∫—É—Å–Ω–æ.",tag,50,–î–∞—Ç–∞ –ø–æ—Å–µ—â–µ–Ω–∏—è: –¥–µ–∫–∞–±—Ä—å 2017 –≥.,17 –º–∞—Ä—Ç–∞ 2018 –≥.,2  ,Alex_Alex27,https://www.tripadvisor.ru/Profile/Alex_Alex27,0,0,6,5,2,(1),–í —Å–æ–æ–±—â–µ—Å—Ç–≤–µ —Å –º–∞—Ä—Ç 2018 –≥.,
–†–∏—Å –õ–∞–ø—à–∞,https://www.tripadvisor.ru/Restaurant_Review-g298516-d7810537-Reviews-Ris_Lapsha-Perm_Perm_Krai_Volga_District.html,"—É–ª. –ú–∏–ª—å—á–∞–∫–æ–≤–∞, 33, –ü–µ—Ä–º—å 614094 –†–æ—Å—Å–∏—è",–†–µ—Å—Ç–æ—Ä–∞–Ω—ã,,,20 –æ—Ç–∑—ã–≤–æ–≤,–û—Ç–ª–∏—á–Ω–∞—è –º–æ–ª–æ–¥–µ–∂–Ω–∞—è –∞—Ç–º–æ—Å—Ñ–µ—Ä–∞,"–û—á–µ–Ω—å –≤–∫—É—Å–Ω—ã–µ –±–ª—é–¥–∞, –æ—Ç–ª–∏—á–Ω–∞—è –º–æ–ª–æ–¥–µ–∂–Ω–∞—è –∞—Ç–º–æ—Å—Ñ–µ—Ä–∞, —Å–∏–¥–µ–ª–∏ —É –±–∞—Ä–∞, –∑–∞–≥–ª—è–Ω—É–ª–∏ –ø–µ—Ä–µ–∫—É—Å–∏—Ç—å –∏ –ø–æ–≤–µ–∑–ª–æ —á—Ç–æ –Ω–∞—à–ª–∏—Å—å –º–µ—Å—Ç–∞. –í—Å–µ–º —Ä–µ–∫–æ–º–µ–Ω–¥—É—é.",tag,50,–î–∞—Ç–∞ –ø–æ—Å–µ—â–µ–Ω–∏—è: –∏—é–ª—å 2017 –≥.,9 –º–∞—Ä—Ç–∞ 2018 –≥.,1  ,Yulya_80,https://www.tripadvisor.ru/Profile/Yulya_80,0,0,35,21,4,(120),"–ü–µ—Ä–º—å, –†–æ—Å—Å–∏—è",–í —Å–æ–æ–±—â–µ—Å—Ç–≤–µ —Å –∞–≤–≥. 2013 –≥.
–†–∏—Å –õ–∞–ø—à–∞,https://www.tripadvisor.ru/Restaurant_Review-g298516-d7810537-Reviews-Ris_Lapsha-Perm_Perm_Krai_Volga_District.html,"—É–ª. –ú–∏–ª—å—á–∞–∫–æ–≤–∞, 33, –ü–µ—Ä–º—å 614094 –†–æ—Å—Å–∏—è",–†–µ—Å—Ç–æ—Ä–∞–Ω—ã,,,2 –æ—Ç–∑—ã–≤–∞,–ú–µ–Ω—è —á–∞—Å—Ç–æ –≤–æ–∑–∏—Ç –≤ –†–∏—Å –õ–∞–ø—à—É –º–æ–π —Å—Ç–∞—Ä—à–∏–π —Å—ã–Ω.,"–ë—ã—Å—Ç—Ä–æ, –≤–∫—É—Å–Ω–æ –∏ –Ω–µ–¥–æ—Ä–æ–≥–æ! –°—É–ø—ã –∞–±–∞–ª–¥–µ–Ω–Ω—ã–µ! –î–µ—Å–µ—Ä—Ç—ã - –æ—á–µ–Ω—å –≤–∫—É—Å–Ω—ã–µ! –ù–µ –∑—Ä—è –∑–∞–∫–∞–∑—ã–≤–∞—Ç—å –Ω–∞–¥–æ –∑–∞—Ä–∞–Ω–µ–µ - –∏–∑–ª—é–±–ª–µ–Ω–Ω–æ–µ –º–µ—Å—Ç–æ –ø–µ—Ä–º—è–∫–æ–≤! –†–µ–∫–æ–º–µ–Ω–¥—É—é!",tag,50,–î–∞—Ç–∞ –ø–æ—Å–µ—â–µ–Ω–∏—è: —Ñ–µ–≤—Ä–∞–ª—å 2018 –≥.,6 –º–∞—Ä—Ç–∞ 2018 –≥.,1  ,Freedom524575,https://www.tripadvisor.ru/Profile/Freedom524575,0,0,2,3,0,(2),–í —Å–æ–æ–±—â–µ—Å—Ç–≤–µ —Å –º–∞—Ä—Ç 2014 –≥.,
–†–∏—Å –õ–∞–ø—à–∞,https://www.tripadvisor.ru/Restaurant_Review-g298516-d7810537-Reviews-Ris_Lapsha-Perm_Perm_Krai_Volga_District.html,"—É–ª. –ú–∏–ª—å—á–∞–∫–æ–≤–∞, 33, –ü–µ—Ä–º—å 614094 –†–æ—Å—Å–∏—è",–†–µ—Å—Ç–æ—Ä–∞–Ω—ã,,,4 –æ—Ç–∑—ã–≤–∞,–ë—Ä–æ–Ω–∏—Ä—É–π—Ç–µ –∑–∞—Ä–∞–Ω–µ–µ,–û–±–æ–∂–∞—é —ç—Ç–æ –º–µ—Å—Ç–æ!!!! –í–∫—É—Å–Ω–æ –Ω–µ –¥–æ—Ä–æ–≥–æ –∏ –æ—á–µ–Ω—å –∫—Ä–∞—Å–∏–≤—ã–µ –±–ª—é–¥–∞! –†–µ–∫–æ–º–µ–Ω–¥—É—é! –û—á–µ–Ω—å –ª—é–±–æ—é —Å–∞–ª–∞—Ç —Å –∫–∞–ø—á–µ–Ω—ã–º —É–≥—Ä–µ–º! –°—É—à–∏ –∏ —Ä–æ–ª–ª—ã - –≤–µ–ª–∏–∫–æ–ª–µ–ø–Ω—ã!,tag,50,–î–∞—Ç–∞ –ø–æ—Å–µ—â–µ–Ω–∏—è: –º–∞—Ä—Ç 2018 –≥.,3 –º–∞—Ä—Ç–∞ 2018 –≥.,1  ,lenamich,https://www.tripadvisor.ru/Profile/lenamich,0,0,4,3,1,(2),"–ü–µ—Ä–º—å, –†–æ—Å—Å–∏—è",–í —Å–æ–æ–±—â–µ—Å—Ç–≤–µ —Å —è–Ω–≤. 2018 –≥.
–†–∏—Å –õ–∞–ø—à–∞,https://www.tripadvisor.ru/Restaurant_Review-g298516-d7810537-Reviews-Ris_Lapsha-Perm_Perm_Krai_Volga_District.html,"—É–ª. –ú–∏–ª—å—á–∞–∫–æ–≤–∞, 33, –ü–µ—Ä–º—å 614094 –†–æ—Å—Å–∏—è",–†–µ—Å—Ç–æ—Ä–∞–Ω—ã,,,19 –æ—Ç–∑—ã–≤–æ–≤,–û–¥–∏–Ω –∏–∑ –ª—É—á—à–∏—Ö —Ä–µ—Å—Ç–æ—Ä–∞–Ω–æ–≤ –≥–æ—Ä–æ–¥–∞,"–û–±–æ–∂–∞—é —ç—Ç–æ –º–µ—Å—Ç–æ! –û—á–µ–Ω—å –≤–∫—É—Å–Ω–∞—è –µ–¥–∞ –∏ —ç—Å—Ç–µ—Ç–∏—á–Ω–æ–µ –æ—Ñ–æ—Ä–º–ª–µ–Ω–∏–µ –±–ª—é–¥, —Ü–µ–Ω—ã –¥–ª—è —Ç–∞–∫–æ–≥–æ —Å–µ—Ä–≤–∏—Å–∞ –∏ –∫–∞—á–µ—Å—Ç–≤–∞ —Å–º–µ—à–Ω—ã–µ, –µ–¥–∏–Ω—Å—Ç–≤–µ–Ω–Ω–æ–µ, —á—Ç–æ –æ–±—ã—á–Ω–æ –∑–¥–µ—Å—å –≤—Å–µ–≥–¥–∞ –∞–∂–∏–æ—Ç–∞–∂, –∏ —Å—Ç–æ–ª–∏–∫ –Ω—É–∂–Ω–æ –∑–∞–∫–∞–∑—ã–≤–∞—Ç—å –∑–∞—Ä–∞–Ω–µ–µ. –°—Ç–∏–ª—å–Ω—ã–π –∏ –ø—Ä–∏—è—Ç–Ω—ã–π —Ä–µ—Å—Ç–æ—Ä–∞–Ω—á–∏–∫, —Ä–µ–∫–æ–º–µ–Ω–¥—É—é –∫ –ø–æ—Å–µ—â–µ–Ω–∏—é –∏ —Å–æ—Å—Ç–∞–≤–ª–µ–Ω–∏—é —Å–æ–±—Å—Ç–≤–µ–Ω–Ω–æ–≥–æ –º–Ω–µ–Ω–∏—è.",tag,50,–î–∞—Ç–∞ –ø–æ—Å–µ—â–µ–Ω–∏—è: –æ–∫—Ç—è–±—Ä—å 2017 –≥.,14 —Ñ–µ–≤—Ä–∞–ª—è 2018 –≥.,2  ,_T3753UQ,https://www.tripadvisor.ru/Profile/_T3753UQ,0,0,24,8,3,(12),–í —Å–æ–æ–±—â–µ—Å—Ç–≤–µ —Å —Ñ–µ–≤—Ä. 2018 –≥.,
–†–∏—Å –õ–∞–ø—à–∞,https://www.tripadvisor.ru/Restaurant_Review-g298516-d7810537-Reviews-Ris_Lapsha-Perm_Perm_Krai_Volga_District.html,"—É–ª. –ú–∏–ª—å—á–∞–∫–æ–≤–∞, 33, –ü–µ—Ä–º—å 614094 –†–æ—Å—Å–∏—è",–†–µ—Å—Ç–æ—Ä–∞–Ω—ã,,,9 –æ—Ç–∑—ã–≤–æ–≤,–ö–∞—Ñ–µ –†–∏—Å –ª–∞–ø—à–∞ –ü–µ—Ä–º—å,–ï—Å–ª–∏ —É–∂–∏–Ω–∞—Ç—å –≤ –∫–∞—Ñ–µ..—Ç–æ —Ç–æ–ª—å–∫–æ –≤ –†–∏—Å –ª–∞–ø—à–µ!!! –°–∞–º–æ–µ –≤–∫—É—Å–Ω–æ–µ –∫–∞—Ñ–µ –≥–æ—Ä–æ–¥–∞!! –ï–¥–∏–Ω—Å—Ç–≤–µ–Ω–Ω—ã–π –º–∏–Ω—É—Å-–¥–∞–ª–µ–∫–æ –æ—Ç —Ü–µ–Ω—Ç—Ä–∞!!! –ò–Ω–∞—á–µ..—è –±—ã –µ–ª–∞ —Ç–∞–º –∫–∞–∂–¥—ã–π –¥–µ–Ω—å;)) –û—á–µ–Ω—å –≤—Å—ë –≤–∫—É—Å–Ω–æ!!! –í–µ–∂–ª–∏–≤—ã–π –ø–µ—Ä—Å–æ–Ω–∞–ª! –î–æ–º–∞—à–Ω—è—è —É—é—Ç–Ω–∞—è –æ–±—Å—Ç–∞–Ω–æ–≤–∫–∞!!! –°–ø–∞—Å–∏–±–æ –≤—Å–µ–º —Å–æ—Ç—Ä—É–¥–Ω–∏–∫–∞–º!!! –í–∫—É—Å–Ω–æ –ø–æ–µ—Å—Ç—å –º–æ–∂–Ω–æ —Ç–æ–ª—å–∫–æ —É –≤–∞—Å!!!,tag,50,–î–∞—Ç–∞ –ø–æ—Å–µ—â–µ–Ω–∏—è: –¥–µ–∫–∞–±—Ä—å 2017 –≥.,8 —Ñ–µ–≤—Ä–∞–ª—è 2018 –≥.,,_J7997ID,https://www.tripadvisor.ru/Profile/_J7997ID,0,0,38,19,3,(8),–í —Å–æ–æ–±—â–µ—Å—Ç–≤–µ —Å —Å–µ–Ω—Ç. 2017 –≥.,
–†–∏—Å –õ–∞–ø—à–∞,https://www.tripadvisor.ru/Restaurant_Review-g298516-d7810537-Reviews-Ris_Lapsha-Perm_Perm_Krai_Volga_District.html,"—É–ª. –ú–∏–ª—å—á–∞–∫–æ–≤–∞, 33, –ü–µ—Ä–º—å 614094 –†–æ—Å—Å–∏—è",–†–µ—Å—Ç–æ—Ä–∞–Ω—ã,,,4 –æ—Ç–∑—ã–≤–∞,–û—á–µ–Ω—å –≤–∫—É—Å–Ω–∞—è –∫—É—Ö–Ω—è,"–û–¥–Ω–æ –∏–∑ –ª—É—á—à–∏—Ö –º–µ—Å—Ç –≥.–ü–µ—Ä–º–∏, –≥–¥–µ –º–æ–∂–Ω–æ –≤–∫—É—Å–Ω–æ –ø–æ—É–∂–∏–Ω–∞—Ç—å –∏ –Ω–∞—Å–ª–∞–¥–∏—Ç—å—Å—è –ø–∞–Ω–∞–∑–∏–∞—Ç—Å–∫–æ–π –∫—É—Ö–Ω–µ–π. –≤—Å–µ –æ—á–µ–Ω—å –≤–∫—É—Å–Ω–æ , –µ–¥–∏–Ω—Å—Ç–≤–µ–Ω–Ω–æ–µ —Å—Ç–æ–ª–∏–∫ —Å–ª–æ–∂–Ω–æ –∑–∞–±—Ä–æ–Ω–∏—Ä–æ–≤–∞—Ç—å, –≤—Å–µ–≥–¥–∞ –ø—Ä–∞–∫—Ç–∏—á–µ—Å–∫–∏ –ø–æ–ª–Ω–∞—è –ø–æ—Å–∞–¥–∫–∞.",tag,50,–î–∞—Ç–∞ –ø–æ—Å–µ—â–µ–Ω–∏—è: –∞–≤–≥—É—Å—Ç 2017 –≥.,22 —è–Ω–≤–∞—Ä—è 2018 –≥.,,marvar2312,https://www.tripadvisor.ru/Profile/marvar2312,0,0,4,2,1,(3),"–ü–µ—Ä–º—å, –†–æ—Å—Å–∏—è",–í —Å–æ–æ–±—â–µ—Å—Ç–≤–µ —Å –¥–µ–∫. 2017 –≥.
–†–∏—Å –õ–∞–ø—à–∞,https://www.tripadvisor.ru/Restaurant_Review-g298516-d7810537-Reviews-Ris_Lapsha-Perm_Perm_Krai_Volga_District.html,"—É–ª. –ú–∏–ª—å—á–∞–∫–æ–≤–∞, 33, –ü–µ—Ä–º—å 614094 –†–æ—Å—Å–∏—è",–†–µ—Å—Ç–æ—Ä–∞–Ω—ã,,,4 –æ—Ç–∑—ã–≤–∞,–í —Ü–µ–ª–æ–º –Ω–æ—Ä–º,"–ü–æ—á—Ç–∏ –Ω–∏–∫–æ–≥–¥–∞ –Ω–µ—Ç –º–µ—Å—Ç, –µ–¥–∞ —É–º–µ—Å—Ç–Ω–∞—è, —Ü–µ–Ω–∞ –∞–¥–µ–∫–≤–∞—Ç–Ω–∞—è, –Ω–µ –ø–æ–π–º—É –æ—Ç—á–µ–≥–æ –≤—Å–µ —Ç–∞–∫ –ø—Ä—É—Ç—Å—è , —Ç–∞–∫–æ–µ –∫–∞—á–µ—Å—Ç–≤–æ –≤ –ø—Ä–∏–Ω—Ü–∏–ø–µ –æ–±—ã—á–Ω–æ) –æ—Ñ–æ—Ä–º–ª–µ–Ω–∏–µ —Ö–æ—Ä–æ—à–µ–µ —É –±–ª—é–¥, –¥–µ–≤–æ—á–µ–∫ –∫—Ä–∞—Å–∏–≤—ã—Ö –º–∞–ª–æ.....",tag,40,–î–∞—Ç–∞ –ø–æ—Å–µ—â–µ–Ω–∏—è: —è–Ω–≤–∞—Ä—å 2018 –≥.,19 —è–Ω–≤–∞—Ä—è 2018 –≥.,1  ,_timm_i_nator,https://www.tripadvisor.ru/Profile/_timm_i_nator,0,0,6,4,1,(2),"–ò–∂–µ–≤—Å–∫, –†–æ—Å—Å–∏—è",–í —Å–æ–æ–±—â–µ—Å—Ç–≤–µ —Å –∏—é–ª—å 2017 –≥.
–†–∏—Å –õ–∞–ø—à–∞,https://www.tripadvisor.ru/Restaurant_Review-g298516-d7810537-Reviews-Ris_Lapsha-Perm_Perm_Krai_Volga_District.html,"—É–ª. –ú–∏–ª—å—á–∞–∫–æ–≤–∞, 33, –ü–µ—Ä–º—å 614094 –†–æ—Å—Å–∏—è",–†–µ—Å—Ç–æ—Ä–∞–Ω—ã,,,28 –æ—Ç–∑—ã–≤–æ–≤,–ú–µ—Å—Ç–æ —Å —Ä–µ–∞–ª—å–Ω–æ –ø–æ—Ö–æ–∂–∏–º –¢–æ–º –Ø–º –∏ –¥—Ä—É–≥–æ–π –ø–∞–Ω–∞–∑–∏—Ç—Å–∫–æ–π –∫—É—Ö–Ω–µ–π,"–ü–æ–ø—Ä–æ–±–æ–≤–∞—Ç—å –¢–æ–º –Ø–º –ø—Ä–∏—à–µ–ª –ø—Ä–µ–∂–¥–µ —á–µ–º –æ—Ç–ø—Ä–∞–≤–∏—Ç—å—Å—è –≤ –ø—É—Ç–µ—à–µ—Å—Ç–≤–∏–∏, –≤—Å–ø–æ–º–Ω–∏—Ç—å —Ç–∞–π—Å–∫–∏–µ –≤–∫—É—Å—ã... –∏ –¥–µ–π—Å—Ç–≤–∏—Ç–µ–ª—å–Ω–æ, –∫—É—Ö–Ω—è –¥–∞–Ω–Ω–æ–≥–æ –∫–∞—Ñ–µ —Ä–µ–∞–ª—å–Ω–æ –ø–æ—Ö–æ–∂–∞ –Ω–∞ –æ—Ä–∏–≥–∏–Ω–∞–ª! –ñ–∞–ª–∫–æ, —á—Ç–æ –≤ –º–µ–Ω—é –Ω–µ—Ç—É –ü–∞–¥ –¢–∞–π, –±—ã–ª–æ –±—ã –∫—Ä—É—Ç–æ –µ—Å–ª–∏ –æ–Ω–∞ –ø–æ—è–≤–∏–ª–∞—Å—å –±—ã.",tag,50,,17 —è–Ω–≤–∞—Ä—è 2018 –≥.,0,fodmst,https://www.tripadvisor.ru/Profile/fodmst,0,0,97,16,4,(13),"–ü–µ—Ä–º—å, –†–æ—Å—Å–∏—è",–í —Å–æ–æ–±—â–µ—Å—Ç–≤–µ —Å –Ω–æ—è–±. 2013 –≥.
–†–∏—Å –õ–∞–ø—à–∞,https://www.tripadvisor.ru/Restaurant_Review-g298516-d7810537-Reviews-Ris_Lapsha-Perm_Perm_Krai_Volga_District.html,"—É–ª. –ú–∏–ª—å—á–∞–∫–æ–≤–∞, 33, –ü–µ—Ä–º—å 614094 –†–æ—Å—Å–∏—è",–†–µ—Å—Ç–æ—Ä–∞–Ω—ã,,,31 –æ—Ç–∑—ã–≤,–ù–∞ –º–æ–π –≤–∑–≥–ª—è–¥ - –ª—É—á—à–∞—è –≤–æ—Å—Ç–æ—á–Ω–∞—è –∫—É—Ö–Ω—è ¬´–Ω–∞ –≤—ã–Ω–æ—Å¬ª,–ù–µ—Å–∫–æ–ª—å–∫–æ —Ä–∞–∑ –ø—Ä–æ–±–æ–≤–∞–ª–∏ –∑–∞–∫–∞–∑–∞—Ç—å —Å—Ç–æ–ª–∏–∫ - –Ω–µ —Å–º–æ–≥–ª–∏. –†–µ–≥—É–ª—è—Ä–Ω–æ –∑–∞–∫–∞–∑—ã–≤–∞–µ–º ¬´–Ω–∞ –≤—ã–Ω–æ—Å¬ª. –ö—É—Ö–Ω—è –Ω–∏ —Ä–∞–∑—É –Ω–µ –ø–æ–¥–≤–µ–ª–∞. –í—Å–µ–≥–¥–∞ –æ—á–µ–Ω—å –≤–∫—É—Å–Ω–æ. –ó–∞–≤–µ–¥–µ–Ω–∏–µ –∑–∞—Å–ª—É–∂–µ–Ω–Ω–æ —è–≤–ª—è–µ—Ç—Å—è –æ–¥–Ω–∏–º –∏–∑ —Å–∞–º—ã—Ö –∏–∑–≤–µ—Å—Ç–Ω—ã—Ö –≤ –≥–æ—Ä–æ–¥–µ.,tag,50,–î–∞—Ç–∞ –ø–æ—Å–µ—â–µ–Ω–∏—è: —è–Ω–≤–∞—Ä—å 2018 –≥.,15 —è–Ω–≤–∞—Ä—è 2018 –≥.,,277annag,https://www.tripadvisor.ru/Profile/277annag,1,0,104,41,5,(74),"–ê—à–∫–µ–ª–æ–Ω, –ò–∑—Ä–∞–∏–ª—å",–í —Å–æ–æ–±—â–µ—Å—Ç–≤–µ —Å –∏—é–Ω—å 2012 –≥.
–†–∏—Å –õ–∞–ø—à–∞,https://www.tripadvisor.ru/Restaurant_Review-g298516-d7810537-Reviews-Ris_Lapsha-Perm_Perm_Krai_Volga_District.html,"—É–ª. –ú–∏–ª—å—á–∞–∫–æ–≤–∞, 33, –ü–µ—Ä–º—å 614094 –†–æ—Å—Å–∏—è",–†–µ—Å—Ç–æ—Ä–∞–Ω—ã,,,14 –æ—Ç–∑—ã–≤–æ–≤,–û—á–µ–Ω—å –≤–∫—É—Å–Ω–æ –∏ –∫—Ä–∞—Å–∏–≤–æ!,"–í–Ω–µ—à–Ω–µ –Ω–∏—á–µ–º –Ω–µ –ø—Ä–∏–º–µ—á–∞—Ç–µ–ª—å–Ω–æ–µ –º–µ—Å—Ç–æ... –ù–æ –≤–Ω—É—Ç—Ä–∏))) –°—Ç–∏–ª—å–Ω–æ, —É—é—Ç–Ω–æ. –í–µ–∂–ª–∏–≤—ã–π –ø–µ—Ä—Å–æ–Ω–∞–ª. –ö–æ–º–ø–ª–∏–º–µ–Ω—Ç –æ—Ç –∑–∞–≤–µ–¥–µ–Ω–∏—è. –ì—Ä–∞—Ñ–∏–Ω –≤–æ–¥—ã –≤ –ø–æ–¥–∞—Ä–æ–∫ –ø–µ—Ä–µ–¥ –µ–¥–æ–π. –ò —Å–∞–º–æ–µ –≥–ª–∞–≤–Ω–æ–µ!!! –í–∫—É—Å–Ω–æ!!!!!! –ö—Ä–∞—Å–∏–≤–µ–π—à–µ–µ –æ—Ñ–æ—Ä–º–ª–µ–Ω–∏–µ –±–ª—é–¥, –±–æ–ª—å—à–∏–µ –ø–æ—Ä—Ü–∏–∏! –î–æ–≤–æ–ª–µ–Ω!) –ë—É–¥—É —Ä–µ–∫–æ–º–µ–Ω–¥–æ–≤–∞—Ç—å –¥—Ä—É–∑—å—è–º!))) –°–ø–∞—Å–∏–±–æ!",tag,50,–î–∞—Ç–∞ –ø–æ—Å–µ—â–µ–Ω–∏—è: –¥–µ–∫–∞–±—Ä—å 2017 –≥.,14 –¥–µ–∫–∞–±—Ä—è 2017 –≥.,,Nezrimyi,https://www.tripadvisor.ru/Profile/Nezrimyi,0,0,19,6,3,(6),"–†–µ–≤–¥–∞, –†–æ—Å—Å–∏—è",–í —Å–æ–æ–±—â–µ—Å—Ç–≤–µ —Å —Å–µ–Ω—Ç. 2017 –≥.
–†–∏—Å –õ–∞–ø—à–∞,https://www.tripadvisor.ru/Restaurant_Review-g298516-d7810537-Reviews-Ris_Lapsha-Perm_Perm_Krai_Volga_District.html,"—É–ª. –ú–∏–ª—å—á–∞–∫–æ–≤–∞, 33, –ü–µ—Ä–º—å 614094 –†–æ—Å—Å–∏—è",–†–µ—Å—Ç–æ—Ä–∞–Ω—ã,,,28 –æ—Ç–∑—ã–≤–æ–≤,–ü–æ–Ω—Ä–∞–≤–∏–ª–æ—Å—å,–ü—Ä–∏—è—Ç–Ω–∞—è –æ–±—Å—Ç–∞–Ω–æ–≤–∫–∞ - —É –∑–∞–≤–µ–¥–µ–Ω–∏—è –µ—Å—Ç—å —Å–≤–æ—ë –ª–∏—Ü–æ. –î–æ–±—Ä–æ–∂–µ–ª–∞—Ç–µ–ª—å–Ω—ã–π –ø–µ—Ä—Å–æ–Ω–∞–ª. –ö—É—Ö–Ω—è –Ω–∞ –¥–æ—Å—Ç–æ–π–Ω–æ–º —É—Ä–æ–≤–Ω–µ - —Å —á–µ–º —Å—Ä–∞–≤–Ω–∏–≤–∞—Ç—å –µ—Å—Ç—å. –ò–∑ –ø–æ–∂–µ–ª–∞–Ω–∏–π - –¢–æ–º –Ø–º —Å –∫—Ä–µ–≤–µ—Ç–∫–∞–º–∏. –í –¢–∞–µ –∫—Ä–µ–≤–µ—Ç–æ–∫ –≤ —Å—É–ø–µ —Ç–æ—á–Ω–æ –Ω–µ –¥–≤–µ ) –í —Ü–µ–ª–æ–º –ø–æ–Ω—Ä–∞–≤–∏–ª–æ—Å—å. –£–¥–∞—á–∏ –≤ –Ω–µ–ø—Ä–æ—Å—Ç–æ–º –±–∏–∑–Ω–µ—Å–µ!,tag,40,–î–∞—Ç–∞ –ø–æ—Å–µ—â–µ–Ω–∏—è: –¥–µ–∫–∞–±—Ä—å 2017 –≥.,9 –¥–µ–∫–∞–±—Ä—è 2017 –≥.,,alexkosm,https://www.tripadvisor.ru/Profile/alexkosm,0,0,66,33,4,(9),–í —Å–æ–æ–±—â–µ—Å—Ç–≤–µ —Å —Ñ–µ–≤—Ä. 2014 –≥.,
–†–∏—Å –õ–∞–ø—à–∞,https://www.tripadvisor.ru/Restaurant_Review-g298516-d7810537-Reviews-Ris_Lapsha-Perm_Perm_Krai_Volga_District.html,"—É–ª. –ú–∏–ª—å—á–∞–∫–æ–≤–∞, 33, –ü–µ—Ä–º—å 614094 –†–æ—Å—Å–∏—è",–†–µ—Å—Ç–æ—Ä–∞–Ω—ã,,,1 –æ—Ç–∑—ã–≤,–ù–µ–ø—Ä–∏–≤–µ—Ç–ª–∏–≤—ã–π –ø–µ—Ä—Å–æ–Ω–∞–ª,"–¢–æ–ª–ø—ã –Ω–∞—Ä–æ–¥—É, –ø–æ–ª–∑–∞—é—â–∏–µ –ø–æ –ø–æ–ª—É –¥–µ—Ç–∏, –ø–æ–ª—É–º—Ä–∞–∫ –∏ –Ω–µ–∂–µ–ª–∞–Ω–∏–µ –ø–µ—Ä—Å–æ–Ω–∞–ª–∞ –ø–æ–π—Ç–∏ –Ω–∞ –≤—Å—Ç—Ä–µ—á—É. –ü—Ä–∏–µ—Ö–∞–ª–∏ —Ç—É–¥–∞ —Å–ø–µ—Ü–∏–∞–ª—å–Ω–æ –ø–æ—Å–ª–µ —Å–æ—Ä–µ–≤–Ω–æ–≤–∞–Ω–∏–π, –≤ –∑–∞–ª–µ –±—ã–ª–æ 2 —Å–≤–æ–±–æ–¥–Ω—ã—Ö —Å—Ç–æ–ª–∞, –Ω–æ –Ω–∞ –Ω–∏—Ö –±—ã–ª–∞ –±—Ä–æ–Ω—å. –ü–æ—Å–∞–¥–∏—Ç—å –∑–∞ –Ω–∏—Ö –æ—Ç–∫–∞–∑–∞–ª–∏ –¥–∞–∂–µ –Ω–∞ 30 –º–∏–Ω—É—Ç.",tag,10,–î–∞—Ç–∞ –ø–æ—Å–µ—â–µ–Ω–∏—è: –Ω–æ—è–±—Ä—å 2017 –≥.,27 –Ω–æ—è–±—Ä—è 2017 –≥.,5  ,–ï–ª–µ–Ω–∞ –ù,https://www.tripadvisor.ru/Profile/O9556KF_,0,0,1,5,0,(1),–í —Å–æ–æ–±—â–µ—Å—Ç–≤–µ —Å –∏—é–Ω—å 2016 –≥.,
–†–∏—Å –õ–∞–ø—à–∞,https://www.tripadvisor.ru/Restaurant_Review-g298516-d7810537-Reviews-Ris_Lapsha-Perm_Perm_Krai_Volga_District.html,"—É–ª. –ú–∏–ª—å—á–∞–∫–æ–≤–∞, 33, –ü–µ—Ä–º—å 614094 –†–æ—Å—Å–∏—è",–†–µ—Å—Ç–æ—Ä–∞–Ω—ã,,,4 –æ—Ç–∑—ã–≤–∞,–û—á–µ–Ω—å –≤–∫—É—Å–Ω–æ!,–í—Å–µ–º —Å–æ–≤–µ—Ç—É—é –ø–æ—Å–µ—Ç–∏—Ç—å —ç—Ç–æ –∑–∞–≤–µ–¥–µ–Ω–∏–µ . –ë—Ä–∞–ª–∏ –ª–∞–ø—à—É –≤–æ–∫ —Å –≥–æ–≤—è–¥–∏–Ω–æ–π –∏ —Ç–æ–º —è–º –æ—á–µ–Ω—å –≤–∫—É—Å–Ω–æ ! –ö–∞—Ñ–µ –ø–æ–Ω—Ä–∞–≤–∏–ª–æ—Å—å –º–Ω–µ –∏ –º–æ–∏–º –∫–æ–ª–ª–µ–≥–∞–º üòäüòäüòä,tag,50,–î–∞—Ç–∞ –ø–æ—Å–µ—â–µ–Ω–∏—è: –Ω–æ—è–±—Ä—å 2017 –≥.,25 –Ω–æ—è–±—Ä—è 2017 –≥.,,A2850NE_,https://www.tripadvisor.ru/Profile/A2850NE_,0,0,8,2,2,(2),"–ï–∫–∞—Ç–µ—Ä–∏–Ω–±—É—Ä–≥, –†–æ—Å—Å–∏—è",–í —Å–æ–æ–±—â–µ—Å—Ç–≤–µ —Å –∏—é–ª—å 2017 –≥.
–†–∏—Å –õ–∞–ø—à–∞,https://www.tripadvisor.ru/Restaurant_Review-g298516-d7810537-Reviews-Ris_Lapsha-Perm_Perm_Krai_Volga_District.html,"—É–ª. –ú–∏–ª—å—á–∞–∫–æ–≤–∞, 33, –ü–µ—Ä–º—å 614094 –†–æ—Å—Å–∏—è",–†–µ—Å—Ç–æ—Ä–∞–Ω—ã,,,3 –æ—Ç–∑—ã–≤–∞,–í—Å–µ–≥–¥–∞ –æ—á–µ–Ω—å –≤–∫—É—Å–Ω–æ,"–ó–∞–≤–µ–¥–µ–Ω–∏–µ –¥–µ—Ä–∂–∏—Ç –º–∞—Ä–∫—É - –≤—Å–µ–≥–¥–∞ –æ—á–µ–Ω—å –≤–∫—É—Å–Ω—ã–µ –±–ª—é–¥–∞, —Å–≤–µ–∂–∏–µ. –ß—É–≤—Å—Ç–≤—É–µ—Ç—Å—è –Ω–∞—Å–∫–æ–ª—å–∫–æ —Ç—Ä–µ–ø–µ—Ç–Ω–æ –≤ –∑–∞–≤–µ–¥–µ–Ω–∏–∏ –æ—Ç–Ω–æ—Å—è—Ç—Å—è –∫ –≥–æ—Å—Ç—è–º. –û—Ç–ª–∏—á–Ω—É—é —Ä–µ–∫–ª–∞–º—É —Å–æ–∑–¥–∞—é—Ç –≤–æ—Å—Ç–æ—Ä–∂–µ–Ω–Ω—ã–µ –æ—Ç–∑—ã–≤—ã –ø–æ—Å–µ—Ç–∏—Ç–µ–ª–µ–π, –∫–æ—Ç–æ—Ä—ã–µ –ø–µ—Ä–µ–¥–∞—é—Ç—Å—è –∏–∑ —É—Å—Ç –≤ —É—Å—Ç–∞. –°—Ç–æ–ª–∏–∫–∏ —Å—Ç–æ–∏—Ç –±—Ä–æ–Ω–∏—Ä–æ–≤–∞—Ç—å –∑–∞—Ä–∞–Ω–µ–µ.",tag,50,–î–∞—Ç–∞ –ø–æ—Å–µ—â–µ–Ω–∏—è: —Ñ–µ–≤—Ä–∞–ª—å 2017 –≥.,7 –Ω–æ—è–±—Ä—è 2017 –≥.,,Anastasiya S,https://www.tripadvisor.ru/Profile/732anastasiyas,0,0,3,0,1,(2),–í —Å–æ–æ–±—â–µ—Å—Ç–≤–µ —Å –¥–µ–∫. 2016 –≥.,
–†–∏—Å –õ–∞–ø—à–∞,https://www.tripadvisor.ru/Restaurant_Review-g298516-d7810537-Reviews-Ris_Lapsha-Perm_Perm_Krai_Volga_District.html,"—É–ª. –ú–∏–ª—å—á–∞–∫–æ–≤–∞, 33, –ü–µ—Ä–º—å 614094 –†–æ—Å—Å–∏—è",–†–µ—Å—Ç–æ—Ä–∞–Ω—ã,,,2 –æ—Ç–∑—ã–≤–∞,–ö–∞–∫ –≤—Å–µ–≥–¥–∞ –Ω–∞ –≤—ã—Å–æ—Ç–µ,"–ö–∞–∫ –≤—Å–µ–≥–¥–∞ –Ω–∞ –≤—ã—Å–æ—Ç–µ, –º–µ–Ω—é –∏ –ø–µ—Ä—Å–æ–Ω–∞–ª –±–µ–∑ –Ω–∞—Ä–µ–∫–∞–Ω–∏–π, –≤ –æ–±–µ–¥ –∏–Ω–æ–≥–¥–∞ —Å–ª–æ–∂–Ω–æ—Å—Ç–∏ —Å –∑–∞–∫–∞–∑–æ–º —Å—Ç–æ–ª–æ–≤, —Ç–∫ –∑–∞–≤–µ–¥–µ–Ω–∏–µ –Ω–µ–±–æ–ª—å—à–æ–µ, –Ω–æ –∞—Ç–º–æ—Å—Ñ–µ—Ä–Ω–æ–µ —Å–ø—Ä–æ—Å –ø—Ä–µ–≤—ã—à–∞–µ—Ç –ø—Ä–µ–¥–ª–æ–∂–µ–Ω–∏–µ, –Ω–µ—Å–∫–æ–ª—å–∫–æ –Ω–∏–≤–µ–ª–∏—Ä—É–µ—Ç —ç—Ç–æ –ª–µ—Ç–Ω—è—è –≤–µ—Ä–∞–Ω–¥–∞ –≤ —Ç–µ–ø–ª–æ–µ –≤—Ä–µ–º—è –≥–æ–¥–∞",tag,50,–î–∞—Ç–∞ –ø–æ—Å–µ—â–µ–Ω–∏—è: –Ω–æ—è–±—Ä—å 2017 –≥.,7 –Ω–æ—è–±—Ä—è 2017 –≥.,,_N5102QQ,https://www.tripadvisor.ru/Profile/_N5102QQ,0,0,2,0,0,(2),–í —Å–æ–æ–±—â–µ—Å—Ç–≤–µ —Å –∞–≤–≥. 2017 –≥.,
–†–∏—Å –õ–∞–ø—à–∞,https://www.tripadvisor.ru/Restaurant_Review-g298516-d7810537-Reviews-Ris_Lapsha-Perm_Perm_Krai_Volga_District.html,"—É–ª. –ú–∏–ª—å—á–∞–∫–æ–≤–∞, 33, –ü–µ—Ä–º—å 614094 –†–æ—Å—Å–∏—è",–†–µ—Å—Ç–æ—Ä–∞–Ω—ã,,,57 –æ—Ç–∑—ã–≤–æ–≤,–°–∞–º–∞—è –≤–∫—É—Å–Ω–∞—è –∞–∑–∏–∞—Ç–∫–∞ –≤ –≥–æ—Ä–æ–¥–µ –ó–î–ï–°–¨,"–û—Ç–ª–∏—á–Ω—ã–π —Å–µ—Ä–≤–∏—Å! –ì–æ—Ç–æ–≤—è—Ç –æ—á–µ–Ω—å –±—ã—Å—Ç—Ä–æ –∏, —Å–∞–º–æ–µ –≥–ª–∞–≤–Ω–æ–µ, –æ—á–µ–Ω—å –≤–∫—É—Å–Ω–æ! –í–∞–∂–Ω–æ –∑–∞—Ä–∞–Ω–µ–µ –∑–∞–±—Ä–æ–Ω–∏—Ä–æ–≤–∞—Ç—å —Å—Ç–æ–ª–∏–∫, –ø–æ—Ç–æ–º—É —á—Ç–æ –æ–±—ã—á–Ω–æ —Ä–µ—Å—Ç–æ—Ä–∞–Ω –ø–æ–ª–Ω–æ—Å—Ç—å—é –∑–∞–Ω—è—Ç. –ù–µ —Å–º–æ—Ç—Ä—è –Ω–∞ —Ç–æ, —á—Ç–æ –ø–æ–ª–Ω–∞—è –∑–∞–≥—Ä—É–∑–∫–∞ –±–ª—é–¥–∞ –ø—Ä–∏–Ω–æ—Å—è—Ç –±—ã—Å—Ç—Ä–æ. –¢–∞–∫ –∂–µ, —É–≥–æ—â–∞—é—Ç –ø—Ä–∏—è—Ç–Ω—ã–º –∫–æ–º–ø–ª–∏–º–µ–Ω—Ç–æ–º: –ø–æ–¥–∂–∞—Ä–µ–Ω–Ω–∞—è —á–∏–∞–±–∞—Ç—Ç–∞ —Å –∑–∞–∫—É—Å–∫–æ–π –∏–∑ –æ–≤–æ—â–µ–π.",tag,50,–î–∞—Ç–∞ –ø–æ—Å–µ—â–µ–Ω–∏—è: –Ω–æ—è–±—Ä—å 2017 –≥.,4 –Ω–æ—è–±—Ä—è 2017 –≥.,,542daryad,https://www.tripadvisor.ru/Profile/542daryad,1,1,89,68,5,(25),"–ü–µ—Ä–º—å, –†–æ—Å—Å–∏—è",–í —Å–æ–æ–±—â–µ—Å—Ç–≤–µ —Å –∞–≤–≥. 2015 –≥.
–†–∏—Å –õ–∞–ø—à–∞,https://www.tripadvisor.ru/Restaurant_Review-g298516-d7810537-Reviews-Ris_Lapsha-Perm_Perm_Krai_Volga_District.html,"—É–ª. –ú–∏–ª—å—á–∞–∫–æ–≤–∞, 33, –ü–µ—Ä–º—å 614094 –†–æ—Å—Å–∏—è",–†–µ—Å—Ç–æ—Ä–∞–Ω—ã,,,133 –æ—Ç–∑—ã–≤–∞,–í–∫—É—Å–Ω–æ –∏ —É—é—Ç–Ω–æ!,"–û—Ç–º–µ—á–∞–ª–∏ –∑–¥–µ—Å—å —Å–µ–º–µ–π–Ω–æ–µ —Å–æ–±—ã—Ç–∏–µ! –í –±—É–¥–Ω–∏–π –¥–µ–Ω—å –≤ –æ–±–µ–¥ –∑–∞–∫–∞–∑—ã–≤–∞–ª–∏ —Å—Ç–æ–ª - –Ω–∞ 6 –≤–µ—á–µ—Ä–∞ –æ—Å—Ç–∞–≤–∞–ª—Å—è —Ç–æ–ª—å–∫–æ –æ–¥–∏–Ω! –í—Å–µ–≥–¥–∞ –ø–æ–ª–Ω–∞—è –ø–æ—Å–∞–¥–∫–∞! –ò –Ω–µ –∑—Ä—è! –û—á–µ–Ω—å –≤–∫—É—Å–Ω–∞—è –∫—É—Ö–Ω—è! –•–æ—Ä–æ—à–∞—è –ø–æ–¥–∞—á–∞, –≤–µ–∂–ª–∏–≤—ã–π –ø–µ—Ä—Å–æ–Ω–∞–ª. –¶–µ–Ω—ã –æ—á–µ–Ω—å —Ä–∞–¥—É—é—Ç! –î–ª—è –ø–æ—Å–µ—Ç–∏—Ç–µ–ª–µ–π —Å –¥–µ—Ç–∫–∞–º–∏ –µ—Å—Ç—å –¥–µ—Ç—Å–∫–∏–µ —Å—Ç—É–ª—å—è.",tag,50,,26 –æ–∫—Ç—è–±—Ä—è 2017 –≥.,0,AlinaVedeneeva,https://www.tripadvisor.ru/Profile/AlinaVedeneeva,3,0,215,195,6,(55),"–ü–µ—Ä–º—å, –†–æ—Å—Å–∏—è",–í —Å–æ–æ–±—â–µ—Å—Ç–≤–µ —Å –¥–µ–∫. 2012 –≥.
–†–∏—Å –õ–∞–ø—à–∞,https://www.tripadvisor.ru/Restaurant_Review-g298516-d7810537-Reviews-Ris_Lapsha-Perm_Perm_Krai_Volga_District.html,"—É–ª. –ú–∏–ª—å—á–∞–∫–æ–≤–∞, 33, –ü–µ—Ä–º—å 614094 –†–æ—Å—Å–∏—è",–†–µ—Å—Ç–æ—Ä–∞–Ω—ã,,,29 –æ—Ç–∑—ã–≤–æ–≤,–ú–∏–ª—ã–π —Ä–µ—Å—Ç–æ—Ä–∞–Ω,"–ú–∞–ª–µ–Ω—å–∫–æ–µ –∑–∞–≤–µ–¥–µ–Ω–∏–µ!–ë–æ–ª—å—à–æ–µ –º–µ–Ω—é,–æ—á–µ–Ω—å –≤–∫—É—Å–Ω–æ!—Ü–µ–Ω—ã –¥–µ—à–µ–≤—ã–µ!–µ—Å—Ç—å –ª–µ—Ç–Ω—è—è –≤–µ—Ä–∞–Ω–¥–∞..—Ç–æ–º —è–º –≤–∫—É—Å–Ω—ã–π,–Ω–æ –Ω–µ –∫–∞–∫ –≤ –¢–∞–π–ª–∞–Ω–¥–µ !",tag,40,,15 –æ–∫—Ç—è–±—Ä—è 2017 –≥.,0,M4085OH_,https://www.tripadvisor.ru/Profile/M4085OH_,0,0,109,20,5,(16),"–ï–∫–∞—Ç–µ—Ä–∏–Ω–±—É—Ä–≥, –†–æ—Å—Å–∏—è",–í —Å–æ–æ–±—â–µ—Å—Ç–≤–µ —Å –¥–µ–∫. 2016 –≥.
–†–∏—Å –õ–∞–ø—à–∞,https://www.tripadvisor.ru/Restaurant_Review-g298516-d7810537-Reviews-Ris_Lapsha-Perm_Perm_Krai_Volga_District.html,"—É–ª. –ú–∏–ª—å—á–∞–∫–æ–≤–∞, 33, –ü–µ—Ä–º—å 614094 –†–æ—Å—Å–∏—è",–†–µ—Å—Ç–æ—Ä–∞–Ω—ã,,,4 –æ—Ç–∑—ã–≤–∞,–û—á–µ–Ω—å –≤–∫—É—Å–Ω–æ!,–£—é—Ç–Ω–æ–µ –º–µ—Å—Ç–æ —Å –æ—á–µ–Ω—å –≤–∫—É—Å–Ω–æ–π –µ–¥–æ–π. –†–æ–ª–ª—ã –æ–¥–Ω–∏ –∏–∑ –ª—É—á—à–∏—Ö –≤ –≥–æ—Ä–æ–¥–µ! –ù–æ –æ—á–µ–Ω—å –º–∞–ª–æ –º–µ—Å—Ç–∞ –∏ –Ω–µ–º–Ω–æ–≥–æ —Ç–µ—Å–Ω–æ–≤–∞—Ç–æ –≤ –∑–∞–ª–µ.,tag,40,–î–∞—Ç–∞ –ø–æ—Å–µ—â–µ–Ω–∏—è: –¥–µ–∫–∞–±—Ä—å 2016 –≥.,3 –æ–∫—Ç—è–±—Ä—è 2017 –≥.,,o_knhv,https://www.tripadvisor.ru/Profile/o_knhv,0,0,5,8,1,(3),"–ü–µ—Ä–º—å, –†–æ—Å—Å–∏—è",–í —Å–æ–æ–±—â–µ—Å—Ç–≤–µ —Å –º–∞–π 2017 –≥.
–ü–µ–ª—å–º–µ–Ω–Ω–∞—è ‚Ññ2,https://www.tripadvisor.ru/Restaurant_Review-g298516-d6181689-Reviews-Pelmennaya_No_2-Perm_Perm_Krai_Volga_District.html,"–õ–µ–Ω–∏–Ω–∞, 47, –ü–µ—Ä–º—å 614000 –†–æ—Å—Å–∏—è",–†–µ—Å—Ç–æ—Ä–∞–Ω—ã,,,3 –æ—Ç–∑—ã–≤–∞,–í–∫—É—Å–Ω–æ –∏ —Å—ã—Ç–Ω–æ,–ê—Ç–º–æ—Å—Ñ–µ—Ä–Ω–æ–µ –º–µ—Å—Ç–æ! –ü—Ä–∏—à–µ–ª —Å—é–¥–∞ –∑–∞ –∏–∑–≤–µ—Å—Ç–Ω—ã–º –±–ª—é–¥–æ–º –ø–µ—Ä–º—Å–∫–æ–π –∫—É—Ö–Ω–∏ –∏ –æ—á–µ–Ω—å –¥–æ–≤–æ–ª–µ–Ω. –í–∫—É—Å–Ω–æ! –ö—Ä–∞—Å–∏–≤–∞—è –ø–æ–¥–∞—á–∞ –±–ª—é–¥. –ü—Ä–∏–≤–µ—Ç–ª–∏–≤—ã–π –ø–µ—Ä—Å–æ–Ω–∞–ª. –†—é–º–æ—á–∫–∞ –º–µ–¥–æ–≤—É—Ö–∏ –Ω–∞ –ø–æ—Å–æ—à–µ–∫: –∞—Ä–æ–º–∞—Ç–Ω–∞—è –∏ –ª—ë–≥–∫–∞—è.,tag,50,,13 –∞–≤–≥—É—Å—Ç–∞ 2022 –≥.,0,–í–∏–∫—Ç–æ—Ä –ê,https://www.tripadvisor.ru/Profile/_H7270PR,0,0,3,0,1,(2),–í —Å–æ–æ–±—â–µ—Å—Ç–≤–µ —Å –∏—é–ª—å 2022 –≥.,
–ü–µ–ª—å–º–µ–Ω–Ω–∞—è ‚Ññ2,https://www.tripadvisor.ru/Restaurant_Review-g298516-d6181689-Reviews-Pelmennaya_No_2-Perm_Perm_Krai_Volga_District.html,"–õ–µ–Ω–∏–Ω–∞, 47, –ü–µ—Ä–º—å 614000 –†–æ—Å—Å–∏—è",–†–µ—Å—Ç–æ—Ä–∞–Ω—ã,,,1 –æ—Ç–∑—ã–≤,–û—Ç–ª–∏—á–Ω–æ–µ –º–µ—Å—Ç–æ,"–£—é—Ç–Ω–∞—è –∞—Ç–º–æ—Å—Ñ–µ—Ä–∞,–ø—Ä–∏—è—Ç–Ω—ã–µ –æ—Ñ–∏—Ü–∏–∞–Ω—Ç—ã, –±–µ–∑—É–º–Ω–æ –≤–∫—É—Å–Ω–∞—è –µ–¥–∞.–ë—ã–≤–∞–µ–º —á–∞—Å—Ç–æ, –≤—Å–µ–≥–¥–∞ –≤—Å–µ –Ω–∞ –≤—ã—Å—à–µ–º —É—Ä–æ–≤–Ω–µ.–û–¥–Ω–æ–∑–Ω–∞—á–Ω–æ —Ä–µ–∫–æ–º–µ–Ω–¥—É—é –∫ –ø–æ—Å–µ—â–µ–Ω–∏—é.",tag,50,–î–∞—Ç–∞ –ø–æ—Å–µ—â–µ–Ω–∏—è: –∏—é–ª—å 2022 –≥.,9 –∏—é–ª—è 2022 –≥.,,S6609HF_,https://www.tripadvisor.ru/Profile/S6609HF_,0,0,1,0,0,(1),–í —Å–æ–æ–±—â–µ—Å—Ç–≤–µ —Å –∏—é–ª—å 2022 –≥.,
–ü–µ–ª—å–º–µ–Ω–Ω–∞—è ‚Ññ2,https://www.tripadvisor.ru/Restaurant_Review-g298516-d6181689-Reviews-Pelmennaya_No_2-Perm_Perm_Krai_Volga_District.html,"–õ–µ–Ω–∏–Ω–∞, 47, –ü–µ—Ä–º—å 614000 –†–æ—Å—Å–∏—è",–†–µ—Å—Ç–æ—Ä–∞–Ω—ã,,,79 –æ—Ç–∑—ã–≤–æ–≤,–ï—Å—Ç—å –∫ —á–µ–º—É —Å—Ç—Ä–µ–º–∏—Ç—å—Å—è,"–ö–æ–Ω—Ü–µ–ø—Ü–∏—è –∑–∞—á–µ—Ç–Ω–∞—è, –Ω–æ –Ω–∞ –º–æ–π –≤–∑–≥–ª—è–¥ –Ω–µ–º–Ω–æ–≥–æ —Ä–∞–∑–¥—É—Ç–æ–µ –º–µ–Ω—é –∏ –º–∞–ª–æ–æ–ø—ã—Ç–Ω—ã–π –ø–µ—Ä—Å–æ–Ω–∞–ª. –ù–∞ —Å–∞–º–æ–º –¥–µ–ª–µ –≤—Å–µ –≤–∫—É—Å–Ω–æ, –Ω–æ —Ç–∞–∫–∏–µ –º–µ–ª–æ—á–∏ –∫–∞–∫ –∫–æ—Å—Ç–æ—á–∫–∏ –≤ —Ñ–∏–ª–µ —Å—É–¥–∞–∫–∞ –∏ –æ—Ç—Å—É—Ç—Å—Ç–≤–∏—è –ª—å–¥–∞ –¥–ª—è –Ω–∞–ø–∏—Ç–∫–æ–≤ –Ω–µ—Å–∫–æ–ª—å–∫–æ —Ä–∞—Å—Å—Ç—Ä–∞–∏–≤–∞—é—Ç. –ó–∞—Ç–æ –ø–µ–ª—å–º–µ–Ω–∏ –æ—Ç–ª–∏—á–Ω—ã–µ!",tag,40,–î–∞—Ç–∞ –ø–æ—Å–µ—â–µ–Ω–∏—è: –∏—é–ª—å 2022 –≥.,9 –∏—é–ª—è 2022 –≥.,,serriba,https://www.tripadvisor.ru/Profile/serriba,0,0,82,97,5,(27),"–ú–æ—Å–∫–≤–∞, –†–æ—Å—Å–∏—è",–í —Å–æ–æ–±—â–µ—Å—Ç–≤–µ —Å –∞–≤–≥. 2017 –≥.
–ü–µ–ª—å–º–µ–Ω–Ω–∞—è ‚Ññ2,https://www.tripadvisor.ru/Restaurant_Review-g298516-d6181689-Reviews-Pelmennaya_No_2-Perm_Perm_Krai_Volga_District.html,"–õ–µ–Ω–∏–Ω–∞, 47, –ü–µ—Ä–º—å 614000 –†–æ—Å—Å–∏—è",–†–µ—Å—Ç–æ—Ä–∞–Ω—ã,,,292 –æ—Ç–∑—ã–≤–∞,–û—á–µ–Ω—å –ø–æ–Ω—Ä–∞–≤–∏–ª–æ—Å—å,"–í–∫—É—Å–Ω–∞—è –µ–¥–∞, –æ—Å–æ–±–µ–Ω–Ω–æ –∞—Å—Å–æ—Ä—Ç–∏ –ø–µ–ª—å–º–µ–Ω–µ–π, –Ω–µ–≤—ã—Å–æ–∫–∏–µ —Ü–µ–Ω—ã, –ø—Ä–∞–∫—Ç–∏—á–µ—Å–∫–∏ –∫ –∫–∞–∂–¥–æ–º—É –±–ª—é–¥—É –ø—Ä–∏–Ω–æ—Å—è—Ç –≥–æ—Ä—è—á–∏—Ç–µ–ª—å–Ω—ã–π –∫–æ–º–ø–ª–∏–º–µ–Ω—Ç, –ø—Ä–∞–≤–¥–∞ –ø—Ä–∏—à–ª–æ—Å—å –æ–± —ç—Ç–æ–º –Ω–∞–ø–æ–º–Ω–∏—Ç—å. –ï—Å—Ç—å –ø—Ä–∏–≤–µ—Ç—Å—Ç–≤–µ–Ω–Ω—ã–π —Å—é—Ä–ø—Ä–∏–∑ –∏ –ø—Ä–æ—â–∞–ª—å–Ω—ã–π. –û—Ñ–∏—Ü–∏–∞–Ω—Ç–∫–∏ —Ä–∞–±–æ—Ç–∞—é—Ç –æ—á–µ–Ω—å –±—ã—Å—Ç—Ä–æ. –í-–æ–±—â–µ–º, –≤—Å–µ –±–æ–ª–µ–µ —á–µ–º –ø–æ–Ω—Ä–∞–≤–∏–ª–æ—Å—å.",tag,50,–î–∞—Ç–∞ –ø–æ—Å–µ—â–µ–Ω–∏—è: –∏—é–Ω—å 2022 –≥.,28 –∏—é–Ω—è 2022 –≥.,,Leykand,https://www.tripadvisor.ru/Profile/Leykand,0,0,293,308,6,(98),"–ú–æ—Å–∫–≤–∞, –†–æ—Å—Å–∏—è",–í —Å–æ–æ–±—â–µ—Å—Ç–≤–µ —Å –¥–µ–∫. 2012 –≥.
–ü–µ–ª—å–º–µ–Ω–Ω–∞—è ‚Ññ2,https://www.tripadvisor.ru/Restaurant_Review-g298516-d6181689-Reviews-Pelmennaya_No_2-Perm_Perm_Krai_Volga_District.html,"–õ–µ–Ω–∏–Ω–∞, 47, –ü–µ—Ä–º—å 614000 –†–æ—Å—Å–∏—è",–†–µ—Å—Ç–æ—Ä–∞–Ω—ã,,,3 –æ—Ç–∑—ã–≤–∞,–í–∫—É—Å–Ω–æ! –ß–∏—Å—Ç–æ! –ö—Ä–∞—Å–∏–≤–æ!,"–û—á–µ–Ω—å —Ö–æ—Ä–æ—à–µ–µ –º–µ—Å—Ç–æ! –ò–Ω—Ç–µ—Ä—å–µ—Ä, —á–∏—Å—Ç–æ—Ç–∞, —Å–µ—Ä–≤–∏—Å –≤—Å—ë –Ω–∞ –æ—Ç–ª–∏—á–Ω–æ! –ü–µ–ª—å–º–µ–Ω–∏ –ø—Ä–æ—Å—Ç–æ –∫–æ—Å–º–æ—Å! –í—Å–µ–º —Ä–µ–∫–æ–º–µ–Ω–¥—É—é –ø–æ—Å–µ—Ç–∏—Ç—å!!!",tag,50,–î–∞—Ç–∞ –ø–æ—Å–µ—â–µ–Ω–∏—è: —Å–µ–Ω—Ç—è–±—Ä—å 2021 –≥.,25 —Å–µ–Ω—Ç—è–±—Ä—è 2021 –≥.,,ArkadiySuslov,https://www.tripadvisor.ru/Profile/ArkadiySuslov,0,0,3,0,1,(4),–í —Å–æ–æ–±—â–µ—Å—Ç–≤–µ —Å –º–∞—Ä—Ç 2013 –≥.,
–ü–µ–ª—å–º–µ–Ω–Ω–∞—è ‚Ññ2,https://www.tripadvisor.ru/Restaurant_Review-g298516-d6181689-Reviews-Pelmennaya_No_2-Perm_Perm_Krai_Volga_District.html,"–õ–µ–Ω–∏–Ω–∞, 47, –ü–µ—Ä–º—å 614000 –†–æ—Å—Å–∏—è",–†–µ—Å—Ç–æ—Ä–∞–Ω—ã,,,64 –æ—Ç–∑—ã–≤–∞,–í–∫—É—Å–Ω—ã–π –æ–±–µ–¥ –≤ –ü–µ—Ä–º–∏,"–ß—É–¥–µ—Å–Ω–æ–µ –º–µ—Å—Ç–æ, —Å —Å–µ–≤–µ—Ä–æ-—Ä—É—Å—Å–∫–∏–º –∫–æ–ª–æ—Ä–∏—Ç–æ–º –≤ –æ–±—Å—Ç–∞–Ω–æ–≤–∫–µ –∏ –æ—Å–æ–±–µ–Ω–Ω–æ –≤ –º–µ–Ω—é! –í–∫—É—Å–Ω—ã–µ –ø–µ–ª—å–º–µ–Ω–∏ –∏ —Å–∞–ª–∞—Ç—ã, –ø–æ—Å–∏–∫—É–Ω—Å–∏–∫–∏! –ë—Ä–∞–ª–∏ –¥–∏–≥—É—Å—Ç–∞—Ü–∏–æ–Ω–Ω—ã–µ –Ω–∞–±–æ—Ä—ã –∏ —Ç–æ–≥–æ, –∏ –¥—Ä—É–≥–æ–≥–æ. –†–µ–∫–æ–º–µ–Ω–¥—É—é!",tag,50,,12 –∏—é–ª—è 2021 –≥.,0,Milaya-milla,https://www.tripadvisor.ru/Profile/Milaya-milla,1,0,227,51,6,(188),"–ú–æ—Å–∫–≤–∞, –†–æ—Å—Å–∏—è",–í —Å–æ–æ–±—â–µ—Å—Ç–≤–µ —Å –º–∞–π 2012 –≥.
–ü–µ–ª—å–º–µ–Ω–Ω–∞—è ‚Ññ2,https://www.tripadvisor.ru/Restaurant_Review-g298516-d6181689-Reviews-Pelmennaya_No_2-Perm_Perm_Krai_Volga_District.html,"–õ–µ–Ω–∏–Ω–∞, 47, –ü–µ—Ä–º—å 614000 –†–æ—Å—Å–∏—è",–†–µ—Å—Ç–æ—Ä–∞–Ω—ã,,,48 –æ—Ç–∑—ã–≤–æ–≤,–û—Ç–ª–∏—á–Ω—ã–π —É–∂–∏–Ω –≤ –ø–µ–ª—å–º–µ–Ω–Ω–æ–π,"–û—Ç–ª–∏—á–Ω–æ–µ –æ–±—Å–ª—É–∂–∏–≤–∞–Ω–∏–µ, –Ω–µ –ø–ª–æ—Ö–æ–π –∏–Ω—Ç–µ—Ä—å–µ—Ä, –æ—á–µ–Ω—å –≤–∫—É—Å–Ω—ã–µ –ø–µ–ª—å–º–µ–Ω–∏( –µ—Å—Ç—å –¥–∞–∂–µ –Ω–µ—Å–∫–æ–ª—å–∫–æ —Å–µ—Ç–æ–≤ –¥–∏–≥—É—Å—Ç–∞—Ü–∏–æ–Ω–Ω—ã—Ö) –æ—Ä–∏–≥–∏–Ω–∞–ª—å–Ω—ã–π —é–∂–Ω—ã–π —Å–æ—É—Å —Å –∫–∏–Ω–∑–æ–π, —Ö–æ—Ä–æ—à–∞—è –∞—Ä–º—è–Ω—Å–∫–∞—è –≤–æ–¥–∫–∞ –≥—Ä–∞–Ω–∞—Ç–æ–≤–∞—è.",tag,50,–î–∞—Ç–∞ –ø–æ—Å–µ—â–µ–Ω–∏—è: –º–∞–π 2021 –≥.,11 –∏—é–Ω—è 2021 –≥.,,petr121222,https://www.tripadvisor.ru/Profile/petr121222,1,0,50,11,4,(21),"–°–∞–º–∞—Ä–∞, –†–æ—Å—Å–∏—è",–í —Å–æ–æ–±—â–µ—Å—Ç–≤–µ —Å –∞–ø—Ä. 2016 –≥.
–ü–µ–ª—å–º–µ–Ω–Ω–∞—è ‚Ññ2,https://www.tripadvisor.ru/Restaurant_Review-g298516-d6181689-Reviews-Pelmennaya_No_2-Perm_Perm_Krai_Volga_District.html,"–õ–µ–Ω–∏–Ω–∞, 47, –ü–µ—Ä–º—å 614000 –†–æ—Å—Å–∏—è",–†–µ—Å—Ç–æ—Ä–∞–Ω—ã,,,168 –æ—Ç–∑—ã–≤–æ–≤,–£–∂–∏–Ω,"–í —Ç–∞–∫—Å–∏ –∏–∑ –∞—ç—Ä–æ–ø–æ—Ä—Ç–∞ —Ç–∞–∫—Å–∏—Å—Ç –ø–æ–≤–µ–¥–∞–ª –º–Ω–µ –æ –±–æ–ª—å—à–æ–º —Ä–∞–∑–Ω–æ–æ–±—Ä–∞–∑–∏–∏ –æ–±—â–µ–ø–∏—Ç–∞ –≤ –ü–µ—Ä–º–∏. –í —Ç–æ–º —á–∏—Å–ª–µ –∏ –æ –ø–æ–ø—É–ª—è—Ä–Ω–æ–π –ø–µ–ª—å–º–µ–Ω–Ω–æ–π –Ω–æ–º–µ—Ä 2. –ü–æ—Å–µ—Ç–∏–ª. –ö–∞–∫ –∏ —Ä–∞–Ω–µ–µ, –æ—á–µ–Ω—å –≤–∫—É—Å–Ω–æ. –ü–µ–ª—å–º–µ–Ω–∏ –æ—á–µ–Ω—å –æ—á–µ–Ω—å. –û–±—Å—Ç–∞–Ω–æ–≤–∫–∞ —Å–∫—Ä–æ–º–Ω–∞—è.",tag,50,,30 –º–∞—è 2021 –≥.,0,Yuri30061965,https://www.tripadvisor.ru/Profile/Yuri30061965,0,0,690,220,6,(57),"–ú–æ—Å–∫–≤–∞, –†–æ—Å—Å–∏—è",–í —Å–æ–æ–±—â–µ—Å—Ç–≤–µ —Å —è–Ω–≤. 2019 –≥.
–ü–µ–ª—å–º–µ–Ω–Ω–∞—è ‚Ññ2,https://www.tripadvisor.ru/Restaurant_Review-g298516-d6181689-Reviews-Pelmennaya_No_2-Perm_Perm_Krai_Volga_District.html,"–õ–µ–Ω–∏–Ω–∞, 47, –ü–µ—Ä–º—å 614000 –†–æ—Å—Å–∏—è",–†–µ—Å—Ç–æ—Ä–∞–Ω—ã,,,90 –æ—Ç–∑—ã–≤–æ–≤,"–õ–æ–∫–∞–ª—å–Ω–∞—è –∫—É—Ö–Ω—è, –æ—Ç–ª–∏—á–Ω–æ–µ","–õ–æ–∫–∞–ª—å–Ω–∞—è –∫—É—Ö–Ω—è, –æ—Ç–ª–∏—á–Ω–æ–µ –æ–±—Å–ª—É–∂–∏–≤–∞–Ω–∏–µ, –ø—Ä–∏—è—Ç–Ω–∞—è –∞—Ç–º–æ—Å—Ñ–µ—Ä–∞, —Ç—Ä—É—à–Ω—ã–µ –ø–æ—Å–∏–∫—É–Ω—á–∏–∫–∏. –ü–æ–¥ –µ–¥—É –¥–∞—é—Ç –≤–æ–¥–æ—á–∫—É –∏ –≤ –∫–æ–Ω—Ü–µ –∫–æ–º–ø–ª–∏–º–µ–Ω—Ç. –ò–∑ –º–∏–Ω—É—Å–æ–≤ -–Ω–∞—Ö–æ–¥–∏—Ç—Å—è –≤ –ø–æ–¥–≤–∞–ª–µ, –Ω–µ—Ç –ª–µ—Ç–Ω–µ–π –≤–µ—Ä–∞–Ω–¥—ã.",tag,50,–î–∞—Ç–∞ –ø–æ—Å–µ—â–µ–Ω–∏—è: –º–∞–π 2021 –≥.,14 –º–∞—è 2021 –≥.,1  ,737dmitrys,https://www.tripadvisor.ru/Profile/737dmitrys,1,0,112,92,5,(46),"–ú–æ—Å–∫–≤–∞, –†–æ—Å—Å–∏—è",–í —Å–æ–æ–±—â–µ—Å—Ç–≤–µ —Å –∏—é–Ω—å 2014 –≥.
–ü–µ–ª—å–º–µ–Ω–Ω–∞—è ‚Ññ2,https://www.tripadvisor.ru/Restaurant_Review-g298516-d6181689-Reviews-Pelmennaya_No_2-Perm_Perm_Krai_Volga_District.html,"–õ–µ–Ω–∏–Ω–∞, 47, –ü–µ—Ä–º—å 614000 –†–æ—Å—Å–∏—è",–†–µ—Å—Ç–æ—Ä–∞–Ω—ã,,,51 –æ—Ç–∑—ã–≤,–†–µ—Å—Ç–æ—Ä–∞–Ω –Ω–∞–¥–µ–∂–¥ –Ω–µ –æ–ø—Ä–∞–≤–¥–∞–ª.,"–≠—Ç–æ —Å–∫–æ—Ä–µ–µ –∫–∞—Ñ–µ —Å –Ω–µ—Å–∫–æ–ª—å–∫–æ –ø—Ä–µ—Ç–µ–Ω—Ü–∏–æ–∑–Ω—ã–º, –Ω–æ —Å–∫—É—á–Ω—ã–º –∏–Ω—Ç–µ—Ä—å–µ—Ä–æ–º –∏ –∫—Ä–∞–π–Ω–µ –¥–æ–ª–≥–∏–º –æ–±—Å–ª—É–∂–∏–≤–∞–Ω–∏–µ–º. –ü–µ–ª—å–º–µ–Ω–∏ –Ω–µ –ø—Ä–æ–±–æ–≤–∞–ª–∞, –∞ –≤–æ—Ç –ø–æ—Å–∏–∫—É–Ω—á–∏–∫–∏ —Å–æ–≤—Å–µ–º –Ω–µ –≤–∫—É—Å–Ω—ã–µ. –ú—ã –ø—Ä–æ–±–æ–≤–∞–ª–∏ –∏—Ö –∑–∞ –≤—Ä–µ–º—è –≤–∏–∑–∏—Ç–∞ –≤ –ü–µ—Ä–º—å –≤ —Ä–∞–∑–Ω—ã—Ö –º–µ—Å—Ç–∞—Ö, –∑–¥–µ—Å—å –æ–∫–∞–∑–∞–ª–∏—Å—å —Å–∞–º—ã–µ —Å–∫—É—á–Ω—ã–µ.",tag,30,–î–∞—Ç–∞ –ø–æ—Å–µ—â–µ–Ω–∏—è: –º–∞—Ä—Ç 2021 –≥.,23 –∞–ø—Ä–µ–ª—è 2021 –≥.,2  ,422yaroslava,https://www.tripadvisor.ru/Profile/422yaroslava,0,0,136,63,5,(20),"–°–∞–Ω–∫—Ç-–ü–µ—Ç–µ—Ä–±—É—Ä–≥, –†–æ—Å—Å–∏—è",–í —Å–æ–æ–±—â–µ—Å—Ç–≤–µ —Å –æ–∫—Ç. 2018 –≥.
–ü–µ–ª—å–º–µ–Ω–Ω–∞—è ‚Ññ2,https://www.tripadvisor.ru/Restaurant_Review-g298516-d6181689-Reviews-Pelmennaya_No_2-Perm_Perm_Krai_Volga_District.html,"–õ–µ–Ω–∏–Ω–∞, 47, –ü–µ—Ä–º—å 614000 –†–æ—Å—Å–∏—è",–†–µ—Å—Ç–æ—Ä–∞–Ω—ã,,,5 –æ—Ç–∑—ã–≤–æ–≤,–°—É–ø–µ—Ä,"–ö–ª–∞—Å—Å–Ω–æ–µ –º–µ—Å—Ç–æ, –æ—á–µ–Ω—å –≤–∫—É—Å–Ω–æ –∏ —É—é—Ç–Ω–æ!!! –•–æ—Ä–æ—à–µ–µ –º–µ–Ω—é, –æ—á–µ–Ω—å –±–æ–ª—å—à–∏–∏ –ø–æ—Ä—Ü–∏–∏. –°–ø–∞—Å–∏–±–æ –±–æ–ª—å—à–æ–µ –ö—Å–µ–Ω–∏–∏ –∑–∞ –≥–æ—Å—Ç–µ–ø—Ä–∏–∏–º—Å—Ç–≤–æ!",tag,50,–î–∞—Ç–∞ –ø–æ—Å–µ—â–µ–Ω–∏—è: —è–Ω–≤–∞—Ä—å 2021 –≥.,27 —è–Ω–≤–∞—Ä—è 2021 –≥.,,_W3669YO,https://www.tripadvisor.ru/Profile/_W3669YO,0,0,12,5,2,(3),"–ú–æ—Å–∫–≤–∞, –†–æ—Å—Å–∏—è",–í —Å–æ–æ–±—â–µ—Å—Ç–≤–µ —Å –º–∞—Ä—Ç 2014 –≥.
–ü–µ–ª—å–º–µ–Ω–Ω–∞—è ‚Ññ2,https://www.tripadvisor.ru/Restaurant_Review-g298516-d6181689-Reviews-Pelmennaya_No_2-Perm_Perm_Krai_Volga_District.html,"–õ–µ–Ω–∏–Ω–∞, 47, –ü–µ—Ä–º—å 614000 –†–æ—Å—Å–∏—è",–†–µ—Å—Ç–æ—Ä–∞–Ω—ã,,,4 –æ—Ç–∑—ã–≤–∞,–ó–∞—à–ª–∏ –ø–æ–æ–±–µ–¥–∞—Ç—å —Å–µ–º—å–µ–π,"–ó–∞—à–ª–∏ –ø–æ–æ–±–µ–¥–∞—Ç—å —Å–µ–º—å–µ–π, –ø–æ —Å–ª—É—á–∞—é –ø—Ä–∏–µ–∑–¥–∞ –≤ –ü–µ—Ä–º—å. –û–±—Å–ª—É–∂–∏–ª–∏ –±—ã—Å—Ç—Ä–æ, –ø–µ—Ä—Å–æ–Ω–∞–ª –¥—Ä—É–∂–µ–ª—é–±–Ω—ã–π! –í –ø–µ–ª—å–º–µ–Ω–Ω–æ–π —É—é—Ç–Ω–æ –∏ —Ç–µ–ø–ª–æ. –ö–∞—á–µ—Å—Ç–≤–æ –±–ª—é–¥ –Ω–∞ —Ç–≤—ë—Ä–¥—É—é 4. –ë—Ä–∞–ª–∏ –º—è—Å–Ω—ã–µ –ø–µ–ª—å–º–µ–Ω–∏, –ø–µ–ª—å–º–µ–Ω–∏ —Å —Ä–µ–¥—å–∫–æ–π , —Å–æ–ª–µ–Ω—å—è.",tag,50,–î–∞—Ç–∞ –ø–æ—Å–µ—â–µ–Ω–∏—è: —è–Ω–≤–∞—Ä—å 2021 –≥.,7 —è–Ω–≤–∞—Ä—è 2021 –≥.,1  ,Explorer498414,https://www.tripadvisor.ru/Profile/Explorer498414,0,1,5,7,1,(33),"–ï–∫–∞—Ç–µ—Ä–∏–Ω–±—É—Ä–≥, –†–æ—Å—Å–∏—è",–í —Å–æ–æ–±—â–µ—Å—Ç–≤–µ —Å —Å–µ–Ω—Ç. 2013 –≥.
